vintage_year,defaults_12m_primary,defaults_12m_primary_lo,defaults_12m_primary_hi,defaults_12m_primary_n,defaults_12m_primary_method,defaults_12m_naive,defaults_12m_naive_lo,defaults_12m_naive_hi,defaults_12m_naive_n,defaults_12m_naive_method,synthetic
1999,0.00266,0.0022451442283518788,0.0031512703459746698,50000,wilson_95,0.00266,0.0022451442283518788,0.0031512703459746698,50000,wilson_95,False
2000,0.00648,0.005813622380900256,0.007222205263611823,50000,wilson_95,0.00648,0.005813622380900256,0.007222205263611823,50000,wilson_95,False
2001,0.0043,0.003763303251427145,0.004912859342560208,50000,wilson_95,0.0043,0.003763303251427145,0.004912859342560208,50000,wilson_95,False
2002,0.00414,0.003614016682372183,0.004742170495062895,50000,wilson_95,0.00414,0.003614016682372183,0.004742170495062895,50000,wilson_95,False
2003,0.00168,0.0013572952749923593,0.002079269872951514,50000,wilson_95,0.00168,0.0013572952749923593,0.002079269872951514,50000,wilson_95,False
2004,0.0024,0.002007652436835685,0.002868802085593418,50000,wilson_95,0.0024,0.002007652436835685,0.002868802085593418,50000,wilson_95,False
2005,0.00372,0.003223174408655518,0.004293077300329844,50000,wilson_95,0.00372,0.003223174408655518,0.004293077300329844,50000,wilson_95,False
2006,0.00496,0.004381102890939746,0.005614958296325735,50000,wilson_95,0.00496,0.004381102890939746,0.005614958296325735,50000,wilson_95,False
2007,0.01112,0.010237673767409637,0.012077440957118378,50000,wilson_95,0.01112,0.010237673767409637,0.012077440957118378,50000,wilson_95,False
2008,0.0136,0.012621500916143471,0.014653232764944783,50000,wilson_95,0.0136,0.012621500916143471,0.014653232764944783,50000,wilson_95,False
2009,0.00204,0.001680934882560797,0.002475574952625692,50000,wilson_95,0.00204,0.001680934882560797,0.002475574952625692,50000,wilson_95,False
2010,0.00208,0.0017170994476503605,0.002519404241674196,50000,wilson_95,0.00208,0.0017170994476503605,0.002519404241674196,50000,wilson_95,False
2011,0.0022,0.0018258085379165001,0.0026506767138222624,50000,wilson_95,0.0022,0.0018258085379165001,0.0026506767138222624,50000,wilson_95,False
2012,0.00218,0.0018076686410714187,0.0026288196835983096,50000,wilson_95,0.00218,0.0018076686410714187,0.0026288196835983096,50000,wilson_95,False
2013,0.00164,0.001321565397297649,0.002035005896508156,50000,wilson_95,0.00166,0.0013394239510738431,0.002057144269800996,50000,wilson_95,False
2014,0.00154,0.0012324725271233878,0.0019241141313372462,50000,wilson_95,0.00166,0.0013394239510738431,0.002057144269800996,50000,wilson_95,False
2015,0.00118,0.0009149845507677146,0.001521657420450304,50000,wilson_95,0.0013,0.0010201793784433341,0.0016564441551888893,50000,wilson_95,False
2016,0.00106,0.0008105532829291047,0.0013861071258747086,50000,wilson_95,0.0015,0.0011969334380465839,0.0018796593662759817,50000,wilson_95,False
2017,0.0023,0.0019166319948794464,0.0027598378922044867,50000,wilson_95,0.00382,0.003316087853513727,0.004400148490816805,50000,wilson_95,False
2018,0.00204,0.001680934882560797,0.002475574952625692,50000,wilson_95,0.00216,0.0017895372709913803,0.002606954126609313,50000,wilson_95,False
2019,0.00208,0.0017170994476503605,0.002519404241674196,50000,wilson_95,0.02324,0.021955557640540704,0.024597694887822034,50000,wilson_95,False
2020,0.00176,0.0014289038794953715,0.0021676489767246386,50000,wilson_95,0.0125,0.011562931005898511,0.013511971686392866,50000,wilson_95,False
2021,0.00144,0.0011437368450457168,0.0018128651780697463,50000,wilson_95,0.0037,0.00320460316315334,0.0042716516187629875,50000,wilson_95,False
2022,0.00378,0.003278911152529804,0.00435733133766266,50000,wilson_95,0.00686,0.00617343474623952,0.007622334512584209,50000,wilson_95,False
2023,0.00494,0.0043623384946404695,0.005593725765555977,50000,wilson_95,0.00614,0.0054922008257728226,0.006863679058565676,50000,wilson_95,False
2024,0.00476,0.0041935745786045,0.00540251733797064,50000,wilson_95,0.00604,0.005397763853679766,0.006758131395313562,50000,wilson_95,False
