default_year,cure_12m,cure_12m_lo,cure_12m_hi,cure_12m_n,cure_12m_method,cure_ever,cure_ever_lo,cure_ever_hi,cure_ever_n,cure_ever_method,synthetic
1999,0.3684210526315789,0.19149512745135072,0.5896046683519693,19,wilson_95,0.3684210526315789,0.19149512745135072,0.5896046683519693,19,wilson_95,False
2000,0.276,0.2242945999169993,0.3344851182569598,250,wilson_95,0.364,0.3068326674814388,0.425283589981322,250,wilson_95,False
2001,0.27505827505827507,0.2462315520191772,0.3058902494451136,858,wilson_95,0.3706293706293706,0.33895621312588275,0.4034558074053932,858,wilson_95,False
2002,0.26499032882011603,0.2389961154460152,0.2927242683665134,1034,wilson_95,0.3694390715667311,0.34055419645057383,0.3992904612230531,1034,wilson_95,False
2003,0.24316682375117812,0.218310062729404,0.26987665700671104,1061,wilson_95,0.3449575871819039,0.3169603091340398,0.37407350883510143,1061,wilson_95,False
2004,0.2606199770378875,0.23256363148285047,0.2907785743585081,871,wilson_95,0.40987370838117104,0.37767731102162777,0.44286160100977107,871,wilson_95,False
2005,0.29379760609357997,0.2652552020171895,0.32405670375227297,919,wilson_95,0.4102285092491839,0.3788649339262624,0.442339457767567,919,wilson_95,False
2006,0.3250539956803456,0.29566187912001596,0.3558916229028719,926,wilson_95,0.4794816414686825,0.44745575375716934,0.5116770643813174,926,wilson_95,False
2007,0.285997357992074,0.2637990459656305,0.30927889558468685,1514,wilson_95,0.4332892998678996,0.40852858050543633,0.45838769139759467,1514,wilson_95,False
2008,0.2213785046728972,0.20778871595583712,0.2355927755976189,3424,wilson_95,0.3782126168224299,0.3621144830702597,0.39458371606788617,3424,wilson_95,False
2009,0.23650650521705527,0.2271855321037503,0.24608812467291685,7763,wilson_95,0.4580703336339044,0.44701044896987824,0.46917169489754057,7763,wilson_95,False
2010,0.29675112700139905,0.2857118114632387,0.30803303735286086,6433,wilson_95,0.4752059692212032,0.46302111555295755,0.4874204166735572,6433,wilson_95,False
2011,0.23254310344827586,0.22061200235008047,0.24491669366395077,4640,wilson_95,0.4019396551724138,0.38791913574257164,0.4161224087267147,4640,wilson_95,False
2012,0.26044226044226043,0.24648592564867056,0.2749005265039589,3663,wilson_95,0.4294294294294294,0.4134817108422777,0.44552501039014936,3663,wilson_95,False
2013,0.3277687296416938,0.3094860157100096,0.3465893801386349,2456,wilson_95,0.4820846905537459,0.46236635551988436,0.5018589811641354,2456,wilson_95,False
2014,0.34076965978806467,0.3191923939238076,0.36302776122846736,1793,wilson_95,0.4913552704963748,0.4682585105919284,0.5144889934531164,1793,wilson_95,False
2015,0.34623217922606925,0.3223640576641117,0.3709002414288084,1473,wilson_95,0.4969450101832994,0.4714527868341486,0.5224531263928631,1473,wilson_95,False
2016,0.3302034428794992,0.30496224847328085,0.35646233955706413,1278,wilson_95,0.48982785602503914,0.4624923407283368,0.5172243396605778,1278,wilson_95,False
2017,0.39012168933428776,0.3648780298564958,0.4159679766156073,1397,wilson_95,0.5554760200429492,0.5293018548302931,0.5813459269183193,1397,wilson_95,False
2018,0.4255469301340861,0.40003896374922526,0.45145748668858005,1417,wilson_95,0.5737473535638673,0.5478332211329751,0.5992627118456917,1417,wilson_95,False
2019,0.38190184049079756,0.35591496744249906,0.4085824814472697,1304,wilson_95,0.5950920245398773,0.568207627029651,0.6214178037344313,1304,wilson_95,False
2020,0.4904,0.4627589147540828,0.5180999092773275,1250,wilson_95,0.6928,0.6666671564728397,0.7177514608963347,1250,wilson_95,False
2021,0.5862068965517241,0.5601312594453047,0.611808038161437,1392,wilson_95,0.7255747126436781,0.7015366671296227,0.7483711616080183,1392,wilson_95,False
2022,0.5772113943028486,0.5505174877577934,0.6034618934624514,1334,wilson_95,0.7031484257871065,0.6780766078707317,0.7270536087378734,1334,wilson_95,False
2023,0.4934782608695652,0.46715501158122047,0.5198377180517394,1380,wilson_95,0.6384057971014493,0.6127044840462067,0.6633386981876449,1380,wilson_95,False
2024,0.48142570281124497,0.4595406846766436,0.5033822220136878,1992,wilson_95,0.5727911646586346,0.55094843008196,0.5943536923478223,1992,wilson_95,False
2025,0.37627906976744185,0.356039210528308,0.39696025105170585,2150,wilson_95,0.3818604651162791,0.3615520041901684,0.4025903388223261,2150,wilson_95,False
2026,0.0070052539404553416,0.002727480443142173,0.017872040762212885,571,wilson_95,0.0070052539404553416,0.002727480443142173,0.017872040762212885,571,wilson_95,False
