reporting_date,grade,n,predicted_pd,realised_rate,realised_rate_lo,realised_rate_hi,realised_rate_n,realised_rate_method,binomial_low,binomial_high,vasicek_low,vasicek_high,rag,covid_affected,synthetic
2016-12-01,A,138992,0.0016799002781885844,0.001474905030505353,0.0012833757904448255,0.0016871914050865197,138992,jeffreys_95,0.0014677103718199608,0.0018993898929434787,3.109309194645376e-05,0.00919529679012817,green,False,False
2016-12-01,B,50535,0.00558519057101987,0.004392994953992283,0.003844368801987288,0.004998377513972118,50535,jeffreys_95,0.004947066389630949,0.00625309191649352,0.00017480440912548856,0.026880100100738942,amber,False,False
2016-12-01,C,36236,0.009573172840203361,0.006485263274092063,0.005697667089527209,0.00735167823597593,36236,jeffreys_95,0.008582625013798433,0.010597196158516392,0.0003836470650478959,0.042931875341562745,amber,False,False
2016-12-01,D,23258,0.015056166894922533,0.011909880471235704,0.010575726674917846,0.013365485177175652,23258,jeffreys_95,0.013500730931292459,0.016639435893026057,0.0007477973547306377,0.06315232522597242,amber,False,False
2016-12-01,E,14550,0.021227220931329355,0.015051546391752577,0.013168347753810873,0.017127617254874997,14550,jeffreys_95,0.018900343642611683,0.023573883161512026,0.0012466637572535553,0.08418643973536677,amber,False,False
2016-12-01,F,6702,0.029205365848800718,0.018203521336914354,0.015207392143067638,0.02161553300856632,6702,jeffreys_95,0.025216353327364965,0.03327364965681886,0.0020126939079276544,0.10944852553269246,amber,False,False
2016-12-01,G,3251,0.042558074442438434,0.02337742233159028,0.018598915596391548,0.029003676248691018,3251,jeffreys_95,0.035681328821900955,0.049523223623500465,0.0035636006850253386,0.14820972359335083,amber,False,False
2017-12-01,A,145865,0.0018263541655799762,0.0013231412607548076,0.0011463320231985174,0.0015197353283582606,145865,jeffreys_95,0.0016110787371884962,0.0020498406060398314,3.5027134157272905e-05,0.009918882565682194,amber,False,False
2017-12-01,B,55326,0.006407871731793364,0.004048729349672848,0.003545171716690712,0.00460416476343716,55326,jeffreys_95,0.005747749701767704,0.007085276361927484,0.00021343813154222195,0.03031486826146027,amber,False,False
2017-12-01,C,39231,0.01163168332961279,0.00683133236471158,0.006052175204886255,0.007683242031905797,39231,jeffreys_95,0.010578369146848156,0.012694042976217786,0.0005107919939819504,0.05073015141953088,amber,False,False
2017-12-01,D,24700,0.017712444889601095,0.010809716599190283,0.009576755045591976,0.012157296156275242,24700,jeffreys_95,0.016072874493927126,0.01939271255060729,0.0009517785532973675,0.07239523379926388,amber,False,False
2017-12-01,E,15212,0.02634939364103311,0.015777018143570864,0.013887780045802193,0.0178504632965301,15212,jeffreys_95,0.023862739942150935,0.028924533263213252,0.0017237522212536882,0.10061851148239975,amber,False,False
2017-12-01,F,6918,0.03502574189174407,0.0186470078057242,0.015657364500382794,0.02203918884880098,6918,jeffreys_95,0.030789245446660885,0.03946227233304423,0.0026494248625832397,0.12681384963686415,amber,False,False
2017-12-01,G,3150,0.04926514242740055,0.024444444444444446,0.01947972433573481,0.030282129028467716,3150,jeffreys_95,0.0419047619047619,0.05682539682539683,0.004458528168572513,0.1663926871894018,amber,False,False
2018-12-01,A,152581,0.0017105069498240455,0.001264901920946907,0.001095870925757786,0.0014528491151321696,152581,jeffreys_95,0.0015073960715947595,0.0019202915172924545,3.190327275405595e-05,0.00934710818324001,amber,False,False
2018-12-01,B,60738,0.005602947650997325,0.00281537093746913,0.002417288112526405,0.003260823573177454,60738,jeffreys_95,0.005021568046363068,0.006206987388455333,0.00017561161715694127,0.026955043687293023,amber,False,False
2018-12-01,C,43201,0.009741143968843461,0.005740607856299622,0.005060865791699088,0.006486562172290048,43201,jeffreys_95,0.008819240295363533,0.010671049281266637,0.0003935615420884382,0.04357891549619703,amber,False,False
2018-12-01,D,26627,0.01507419938238921,0.009126075036616967,0.008036539193467815,0.010322298498334222,26627,jeffreys_95,0.013632778758403125,0.016562136177564128,0.000749124663613996,0.063216145739575,amber,False,False
2018-12-01,E,16105,0.021117968491615104,0.013163613784538963,0.011489651526964823,0.015012504546813963,16105,jeffreys_95,0.01893821794473766,0.02334678671220118,0.0012370870656048351,0.08382672658143897,amber,False,False
2018-12-01,F,7227,0.028454787729842928,0.017572990175729903,0.014733624526633321,0.02079854359622843,7227,jeffreys_95,0.024629860246298603,0.0323785803237858,0.0019352196079257468,0.10714900579551517,amber,False,False
2018-12-01,G,3159,0.04211278607352442,0.018043684710351376,0.013832203831848154,0.023137171971312882,3159,jeffreys_95,0.03513770180436847,0.04938271604938271,0.0035068358168274818,0.1469751078578143,amber,False,False
2019-12-01,A,155610,0.0017397745097296358,0.0015037593984962407,0.001320370876118377,0.0017056878213171952,155610,jeffreys_95,0.0015358910095752201,0.0019471756313861578,3.268397486149252e-05,0.009491980221073186,amber,True,False
2019-12-01,B,63177,0.005700783762552295,0.0034506228532535576,0.003015773788369589,0.00393095752860142,63177,jeffreys_95,0.005128448644285103,0.006299760988967504,0.00018008059340771863,0.027367298628634417,amber,True,False
2019-12-01,C,44660,0.009731575538418552,0.00483654276757725,0.004224732853569666,0.005512517265302047,44660,jeffreys_95,0.008822212270488133,0.010658307210031349,0.0003929945095602384,0.0435421111255087,amber,True,False
2019-12-01,D,27172,0.015688582436097796,0.007949359634918298,0.006945136248805317,0.009058378964775965,27172,jeffreys_95,0.014242602679228618,0.01718680995142058,0.0007948245171511066,0.06538145131570886,amber,True,False
2019-12-01,E,16143,0.021992442650386454,0.010221148485411634,0.008755982876222947,0.011861874565285084,16143,jeffreys_95,0.019760887071795824,0.02428297094715976,0.0013144591725312979,0.08669447122262652,amber,True,False
2019-12-01,F,7351,0.03008556613851518,0.013875663175078221,0.011389261170197337,0.016744615036140352,7351,jeffreys_95,0.026254931301863692,0.03400897837028976,0.0021049226673293046,0.11212677272272303,amber,True,False
2019-12-01,G,3072,0.04276526413829693,0.015950520833333332,0.011963376256730052,0.020848455310460486,3072,jeffreys_95,0.035807291666666664,0.050130208333333336,0.0035901272156719484,0.14878296302112842,amber,True,False
2020-12-01,A,137991,0.003845204500288388,0.0021885485285272227,0.001952297346558569,0.0024456790259444194,137991,jeffreys_95,0.0035219688240537427,0.004174185272952584,0.00010186446742038952,0.019336564355299065,amber,True,False
2020-12-01,B,53552,0.01598782253311142,0.004743053480729011,0.004187549991508422,0.005352079534781107,53552,jeffreys_95,0.014938751120406334,0.017067523155064237,0.0008174160624384398,0.06642978367340345,amber,True,False
2020-12-01,C,38262,0.029551253950400133,0.007187287648319481,0.006377687058492763,0.008071429652284511,38262,jeffreys_95,0.027860540484031155,0.03125816737232764,0.0020487603608476284,0.1105033238597733,amber,True,False
2020-12-01,D,23436,0.04393300938802771,0.010112647209421403,0.008891398687376897,0.011454864603154676,23436,jeffreys_95,0.04134664618535586,0.04659498207885305,0.003740984325405902,0.15199952159952057,amber,True,False
2020-12-01,E,13871,0.056677513765314026,0.012399971162857761,0.010658562813868256,0.014344786296289378,13871,jeffreys_95,0.0528440631533415,0.0605579987023286,0.005532008802886489,0.18566863788310278,amber,True,False
2020-12-01,F,6365,0.07452038669283759,0.013982717989002356,0.011314450800330065,0.017092654976422313,6365,jeffreys_95,0.06818538884524744,0.08106834249803614,0.008460388950382269,0.22912682539856605,amber,True,False
2020-12-01,G,2666,0.0895245038107212,0.016129032258064516,0.01185665959439454,0.021450293586026653,2666,jeffreys_95,0.07876969242310577,0.1005251312828207,0.011280592040232271,0.26301245274613966,amber,True,False
2021-12-01,A,127713,0.0018508057246813142,0.0017382725329449626,0.0015209371258183891,0.001978186686194006,127713,jeffreys_95,0.001620821686124357,0.0020906250734067794,3.569787631269001e-05,0.010039008004310113,green,False,False
2021-12-01,B,47416,0.007678395164185589,0.004555424329340307,0.003979105379333391,0.005192212797910906,47416,jeffreys_95,0.006896406276362409,0.008478150835161126,0.00027782401503111457,0.03548347270728003,amber,False,False
2021-12-01,C,33547,0.013824639783339577,0.008137836468238591,0.007218346397088356,0.00914218012947562,33547,jeffreys_95,0.012579366262258921,0.015083315944793872,0.000659071673192202,0.05875617803930321,amber,False,False
2021-12-01,D,20206,0.02385128079866509,0.01326338711273879,0.011754889121948948,0.014911290681080587,20206,jeffreys_95,0.021775710185093538,0.025982381470850243,0.0014843018239403853,0.09270647801048709,amber,False,False
2021-12-01,E,11569,0.029831087635084182,0.014262252571527358,0.012221311705786464,0.01654613470101794,11569,jeffreys_95,0.026795747255596854,0.03293283775607226,0.0020781063329145303,0.11135446359442758,amber,False,False
2021-12-01,F,5158,0.04165400652928899,0.017254749903063204,0.013966385942264082,0.021084438126839893,5158,jeffreys_95,0.03625436215587437,0.04711128344319504,0.003448702514433446,0.1456993150668136,amber,False,False
2021-12-01,G,2076,0.05837624988845193,0.02601156069364162,0.019809430381637513,0.03353324842836905,2076,jeffreys_95,0.04865125240847784,0.06888246628131021,0.0057901438458718155,0.18997638324718524,amber,False,False
2022-12-01,A,132163,0.0018705532922743966,0.00158138056793505,0.0013779057289829328,0.0018066805055878146,132163,jeffreys_95,0.0016419118815402193,0.0021034631477796356,3.624243766785261e-05,0.010135885529458745,amber,False,False
2022-12-01,B,53196,0.0063760415592870445,0.0037596811790360177,0.0032661930091740796,0.004307154376139874,53196,jeffreys_95,0.005714715392134747,0.007068200616587713,0.00021189730277656658,0.030183339876196744,amber,False,False
2022-12-01,C,38321,0.01104875177171071,0.007672033610813914,0.00683516735996776,0.008583254127495778,38321,jeffreys_95,0.01002061532841001,0.012108243521828762,0.0004735622295535982,0.048549755320015264,amber,False,False
2022-12-01,D,22876,0.01839382657752067,0.011671620912746985,0.010340855499187894,0.01312592467075364,22876,jeffreys_95,0.01665500961706592,0.020152124497289738,0.0010067764655946338,0.07471794745578851,amber,False,False
2022-12-01,E,12888,0.02357556423076017,0.013888888888888888,0.011975981154132764,0.016020049822715553,12888,jeffreys_95,0.021027312228429546,0.02622594661700807,0.0014586539807679246,0.09182169665940942,amber,False,False
2022-12-01,F,5645,0.032914743969450544,0.019309123117803365,0.015961400390254805,0.023149424406054112,5645,jeffreys_95,0.0283436669619132,0.03773250664304694,0.0024112478033648543,0.12060689747712455,amber,False,False
2022-12-01,G,2093,0.04187786099988276,0.0210224558050645,0.015519944946888633,0.027847329878839748,2093,jeffreys_95,0.033444816053511704,0.050645007166746296,0.003477023139833794,0.14632229925810342,amber,False,False
2023-12-01,A,140753,0.001798466131531599,0.0016411728346820316,0.0014398067662508233,0.001863030034607908,140753,jeffreys_95,0.0015772310359281863,0.002024823627205104,3.426693350276763e-05,0.009781640671787512,green,False,False
2023-12-01,B,60973,0.00640311224710341,0.005199022518163778,0.004651397713626004,0.005793614283108871,60973,jeffreys_95,0.005773047086415298,0.007035901136568645,0.00021320750434264624,0.03029520786900835,amber,False,False
2023-12-01,C,44946,0.011009286467042865,0.009322297868553375,0.008465135598652142,0.010242645529873114,44946,jeffreys_95,0.010056512259155432,0.011992168379833579,0.0004710760293692693,0.048401374084445115,amber,False,False
2023-12-01,D,27292,0.01691703798165765,0.015242561922907813,0.013839954820886756,0.016747968511612542,27292,jeffreys_95,0.015389125018320387,0.018466950021984466,0.0008889375965935501,0.06965974911800721,amber,False,False
2023-12-01,E,15214,0.023709586566765084,0.018995661890364137,0.01691702031474213,0.02125726811488317,15214,jeffreys_95,0.021296174576048377,0.02616011568292362,0.001471101437052775,0.09225207373835143,amber,False,False
2023-12-01,F,6455,0.03264975955534809,0.028195197521301316,0.024366001474118198,0.032447285095719765,6455,jeffreys_95,0.028350116189000775,0.03702556158017041,0.002381925518650067,0.11982066911648714,amber,False,False
2023-12-01,G,2269,0.0436408147721997,0.02247686205376818,0.01697111413505998,0.02919894147656275,2269,jeffreys_95,0.03525782282944028,0.05244601145879242,0.003703022055160872,0.15119692880620883,amber,False,False
2024-12-01,A,149370,0.001875077062453842,0.0018879293030729062,0.0016773152263870293,0.002117843560593159,149370,jeffreys_95,0.0016603066211421302,0.0020954676307156726,3.636754346353663e-05,0.010158060971767555,green,False,False
2024-12-01,B,67022,0.006608283514585007,0.004998358747873833,0.004485580248950923,0.005553883015831624,67022,jeffreys_95,0.005998030497448599,0.0072215093551371195,0.00022322266864295348,0.031140606624744778,amber,False,False
2024-12-01,C,49644,0.011554439769565347,0.009064539521392313,0.008259184755037912,0.009927130877241317,49644,jeffreys_95,0.010615582950608332,0.012509064539521393,0.0005058045375047898,0.050442428883126215,amber,False,False
2024-12-01,D,30097,0.017846716479590383,0.014121008738412466,0.012834289285075738,0.015501163273319742,30097,jeffreys_95,0.01638037013655846,0.019370701398810513,0.0009625318260450254,0.07285442415078518,amber,False,False
2024-12-01,E,16856,0.02538534691765761,0.022187944945420028,0.0200456280392419,0.024494314915632656,16856,jeffreys_95,0.023018509729473186,0.027764594209776935,0.0016298506063155763,0.09758697260951582,amber,False,False
2024-12-01,F,7076,0.034366264505111016,0.025438100621820236,0.021961082889469043,0.029303157371518663,7076,jeffreys_95,0.030243075183719617,0.03872244205765969,0.002574148905150532,0.12488541155812655,amber,False,False
2024-12-01,G,2561,0.04245875721017981,0.03436157750878563,0.02782404171604337,0.0419504245030141,2561,jeffreys_95,0.034752049980476374,0.05037094884810621,0.0035509107810577146,0.14793466512548176,amber,False,False
