reporting_date,scenario,ecl,ecl_lo,ecl_hi,ecl_n,ecl_method,synthetic
1999-03-01,final,492987.2191217335,486195.203989325,500068.6343655204,4354,parameter_draws_1000,False
1999-03-01,base,473469.13769961306,466934.4974536618,480478.5764923514,4354,parameter_draws_1000,False
1999-03-01,adverse,623507.6256142528,615385.3327362217,631764.1763692357,4354,parameter_draws_1000,False
1999-03-01,upside,353525.5339893499,348355.2485526451,359287.7361551063,4354,parameter_draws_1000,False
1999-06-01,final,2521277.107366258,2489210.6984461905,2553951.234305625,18472,parameter_draws_1000,False
1999-06-01,base,2415060.1067214347,2384473.5039907643,2447654.277660086,18472,parameter_draws_1000,False
1999-06-01,adverse,3186514.324588077,3147290.907925662,3224329.343127168,18472,parameter_draws_1000,False
1999-06-01,upside,1837416.414575851,1813045.3532004156,1864838.9722330044,18472,parameter_draws_1000,False
1999-09-01,final,4763401.861599345,4706428.068573031,4821956.194299183,29939,parameter_draws_1000,False
1999-09-01,base,4547056.107720007,4491576.076926119,4603834.764350473,29939,parameter_draws_1000,False
1999-09-01,adverse,6029247.525376734,5959973.41650292,6097224.072497057,29939,parameter_draws_1000,False
1999-09-01,upside,3519042.104154379,3475677.8931479948,3567332.5805592965,29939,parameter_draws_1000,False
1999-12-01,final,7508745.38390508,7425643.173745697,7594026.353811721,39068,parameter_draws_1000,False
1999-12-01,base,7167942.474703253,7088542.121689526,7249873.651011919,39068,parameter_draws_1000,False
1999-12-01,adverse,9426006.576352099,9326207.77548436,9527515.858809734,39068,parameter_draws_1000,False
1999-12-01,upside,5676521.699967359,5611756.0029923795,5746983.756871226,39068,parameter_draws_1000,False
2000-03-01,final,11104323.205191832,10991610.70267272,11216504.454624793,51026,parameter_draws_1000,False
2000-03-01,base,10586234.097612418,10478205.15166049,10696529.73867145,51026,parameter_draws_1000,False
2000-03-01,adverse,13902050.046707677,13765439.679313326,14035164.408061473,51026,parameter_draws_1000,False
2000-03-01,upside,8513801.566316398,8421097.66759812,8606485.33569708,51026,parameter_draws_1000,False
2000-06-01,final,15465327.411059758,15322483.64764609,15600265.84965689,62140,parameter_draws_1000,False
2000-06-01,base,14739730.184007913,14601081.694558358,14872609.77408309,62140,parameter_draws_1000,False
2000-06-01,adverse,19351836.06700851,19177545.182327528,19509860.887611203,62140,parameter_draws_1000,False
2000-06-01,upside,11890201.892685886,11766083.246186083,12008847.601706842,62140,parameter_draws_1000,False
2000-09-01,final,21584994.986193553,21410300.071732078,21747823.363271087,74440,parameter_draws_1000,False
2000-09-01,base,20609496.31409858,20441694.089559928,20766708.01579056,74440,parameter_draws_1000,False
2000-09-01,adverse,26770827.304333307,26562268.81002593,26958717.60391993,74440,parameter_draws_1000,False
2000-09-01,upside,16843935.811007164,16690279.405820142,16988286.380410083,74440,parameter_draws_1000,False
2000-12-01,final,29294175.699013826,29088733.961832184,29492200.349079322,85757,parameter_draws_1000,False
2000-12-01,base,27997714.11365691,27801975.263290625,28191866.801415417,85757,parameter_draws_1000,False
2000-12-01,adverse,36057107.93185609,35806586.013240896,36287264.23666254,85757,parameter_draws_1000,False
2000-12-01,upside,23208468.319037713,23024614.395370554,23381992.36584027,85757,parameter_draws_1000,False
2001-03-01,final,35073504.061756216,34877782.9302843,35274142.76311347,91844,parameter_draws_1000,False
2001-03-01,base,33358693.877781622,33165920.122822005,33561710.28493019,91844,parameter_draws_1000,False
2001-03-01,adverse,43519969.60539191,43285488.12166978,43749850.58395281,91844,parameter_draws_1000,False
2001-03-01,upside,27855302.224928454,27676060.534421302,28045080.86508153,91844,parameter_draws_1000,False
2001-06-01,final,41877239.9353961,41668857.497987516,42087574.47173144,98648,parameter_draws_1000,False
2001-06-01,base,39900387.37428284,39688000.779138036,40115743.7689521,98648,parameter_draws_1000,False
2001-06-01,adverse,51598178.04523598,51353481.48148866,51829980.61019575,98648,parameter_draws_1000,False
2001-06-01,upside,33583086.66344936,33381739.17798093,33791317.95950159,98648,parameter_draws_1000,False
2001-09-01,final,49253087.91847839,49016770.681205414,49492297.341444276,106328,parameter_draws_1000,False
2001-09-01,base,47122210.61095122,46885414.00898479,47363047.424277164,106328,parameter_draws_1000,False
2001-09-01,adverse,59853278.34209803,59578837.512181394,60108943.04086475,106328,parameter_draws_1000,False
2001-09-01,upside,40109613.10922098,39882514.1411501,40341328.229642406,106328,parameter_draws_1000,False
2001-12-01,final,53661209.498167776,53420123.96084785,53897398.42074134,106015,parameter_draws_1000,False
2001-12-01,base,51317062.97397069,51068511.35448202,51558531.48108731,106015,parameter_draws_1000,False
2001-12-01,adverse,65111422.378811195,64826484.613742836,65378996.1345713,106015,parameter_draws_1000,False
2001-12-01,upside,43954107.46055047,43715058.367772356,44194215.29694452,106015,parameter_draws_1000,False
2002-03-01,final,55097583.54866029,54848535.65258838,55335440.06796213,111180,parameter_draws_1000,False
2002-03-01,base,52736535.493275285,52487603.190185495,52973787.09749475,111180,parameter_draws_1000,False
2002-03-01,adverse,66597000.17542671,66310517.54278092,66868584.764917485,111180,parameter_draws_1000,False
2002-03-01,upside,45376081.392256364,45143560.4085615,45615630.30945689,111180,parameter_draws_1000,False
2002-06-01,final,57982024.99746074,57725785.88764646,58233104.278158106,118053,parameter_draws_1000,False
2002-06-01,base,55594010.65147266,55338212.584910125,55848026.46978735,118053,parameter_draws_1000,False
2002-06-01,adverse,69766252.84902154,69463887.85274196,70044656.50990508,118053,parameter_draws_1000,False
2002-06-01,upside,47893702.62881178,47640720.268950805,48143670.17912672,118053,parameter_draws_1000,False
2002-09-01,final,62909332.82597212,62653006.340476766,63157412.67333757,119177,parameter_draws_1000,False
2002-09-01,base,60361593.14353234,60102446.924435265,60613735.640889525,119177,parameter_draws_1000,False
2002-09-01,adverse,75358534.76431254,75065443.12403676,75635634.77610286,119177,parameter_draws_1000,False
2002-09-01,upside,52351621.65849718,52101133.10705666,52604948.22790573,119177,parameter_draws_1000,False
2002-12-01,final,66075669.69524864,65829726.37070895,66322319.603697784,116245,parameter_draws_1000,False
2002-12-01,base,63429534.07982892,63179922.760708146,63681657.43997197,116245,parameter_draws_1000,False
2002-12-01,adverse,78843357.39153695,78565157.86602767,79117132.90093116,116245,parameter_draws_1000,False
2002-12-01,upside,55380732.6631138,55129015.399363264,55637465.58955776,116245,parameter_draws_1000,False
2003-03-01,final,64617698.13738276,64381306.97693108,64842231.538308516,113090,parameter_draws_1000,False
2003-03-01,base,62019169.380682975,61780788.86730138,62261207.8669587,113090,parameter_draws_1000,False
2003-03-01,adverse,76890078.59199528,76621467.34397255,77153225.14832895,113090,parameter_draws_1000,False
2003-03-01,upside,54557845.73982774,54326431.453234814,54796757.87500586,113090,parameter_draws_1000,False
2003-06-01,final,63073723.55381366,62848404.52958895,63288861.431743965,106476,parameter_draws_1000,False
2003-06-01,base,60608875.28884884,60377542.0673698,60834372.69268763,106476,parameter_draws_1000,False
2003-06-01,adverse,74777849.71158852,74516628.28530374,75028089.75120986,106476,parameter_draws_1000,False
2003-06-01,upside,53426239.68404812,53202187.787297435,53653718.65707235,106476,parameter_draws_1000,False
2003-09-01,final,60947328.41866419,60734718.891046725,61153253.899965405,102424,parameter_draws_1000,False
2003-09-01,base,58571440.67655495,58357481.12279077,58787810.948653296,102424,parameter_draws_1000,False
2003-09-01,adverse,72151593.59693488,71912517.10548946,72391444.45954674,102424,parameter_draws_1000,False
2003-09-01,upside,51777104.08998331,51563362.698636524,51991542.86712167,102424,parameter_draws_1000,False
2003-12-01,final,61584009.5544868,61369313.46519435,61785469.092741564,107049,parameter_draws_1000,False
2003-12-01,base,59414683.9565278,59198128.81256343,59623672.53172873,107049,parameter_draws_1000,False
2003-12-01,adverse,72080591.64338534,71829261.02219991,72311911.87932166,107049,parameter_draws_1000,False
2003-12-01,upside,52767008.46482524,52555567.85062453,52980178.74728587,107049,parameter_draws_1000,False
2004-03-01,final,58589567.92549416,58376743.12485479,58788280.54268494,111652,parameter_draws_1000,False
2004-03-01,base,56437794.1137357,56228179.0069422,56643572.17927958,111652,parameter_draws_1000,False
2004-03-01,adverse,68865925.21680254,68616666.00199261,69099272.86329062,111652,parameter_draws_1000,False
2004-03-01,upside,50069401.02034738,49870421.18051323,50277920.802835844,111652,parameter_draws_1000,False
2004-06-01,final,57184278.165160075,56973044.274114735,57394984.280454025,118551,parameter_draws_1000,False
2004-06-01,base,55014524.4826894,54797138.99610112,55223899.3614925,118551,parameter_draws_1000,False
2004-06-01,adverse,67672564.33198442,67425435.92882787,67905189.1420591,118551,parameter_draws_1000,False
2004-06-01,upside,48382815.95033556,48172727.38562446,48595260.73130009,118551,parameter_draws_1000,False
2004-09-01,final,57564437.79996997,57326668.87123123,57784561.13090225,124645,parameter_draws_1000,False
2004-09-01,base,55531606.8237901,55294413.55529707,55757871.28708298,124645,parameter_draws_1000,False
2004-09-01,adverse,67707402.66049421,67437794.44304383,67969727.92486072,124645,parameter_draws_1000,False
2004-09-01,upside,48790820.2704824,48559384.43263859,49018426.13950642,124645,parameter_draws_1000,False
2004-12-01,final,59596866.65206072,59353281.022058204,59829891.10606471,131392,parameter_draws_1000,False
2004-12-01,base,57398497.52199192,57160549.841488,57636246.3620249,131392,parameter_draws_1000,False
2004-12-01,adverse,70507474.9843044,70223603.99073726,70772747.06384926,131392,parameter_draws_1000,False
2004-12-01,upside,50205995.951929905,49961232.45703817,50444648.86339418,131392,parameter_draws_1000,False
2005-03-01,final,59179659.86245253,58926804.87286286,59422640.806437895,138039,parameter_draws_1000,False
2005-03-01,base,56877791.666859426,56629034.670688346,57122905.1494988,138039,parameter_draws_1000,False
2005-03-01,adverse,70415581.99507603,70114173.07769607,70691571.28248633,138039,parameter_draws_1000,False
2005-03-01,upside,49660595.75711908,49415340.310484394,49901699.38831845,138039,parameter_draws_1000,False
2005-06-01,final,60040083.28226634,59761370.01012759,60300574.19313856,145750,parameter_draws_1000,False
2005-06-01,base,57662119.196973994,57391757.67846131,57927427.171175785,145750,parameter_draws_1000,False
2005-06-01,adverse,71849808.19644094,71521206.05259518,72156640.50239469,145750,parameter_draws_1000,False
2005-06-01,upside,49869064.766478114,49601705.193881884,50134216.91053861,145750,parameter_draws_1000,False
2005-09-01,final,64400103.63435683,64105379.31066326,64680093.615033984,152137,parameter_draws_1000,False
2005-09-01,base,61848335.53733026,61563227.655729026,62126948.81611683,152137,parameter_draws_1000,False
2005-09-01,adverse,77143975.8990314,76810546.6013395,77461397.3355775,152137,parameter_draws_1000,False
2005-09-01,upside,53367388.914672144,53079736.428545535,53655962.01764856,152137,parameter_draws_1000,False
2005-12-01,final,70307687.88639064,69992242.4827444,70609547.90980387,159374,parameter_draws_1000,False
2005-12-01,base,67689286.7318968,67374076.7460883,67995992.06863648,159374,parameter_draws_1000,False
2005-12-01,adverse,83565263.6635232,83191733.06572527,83925393.8386422,159374,parameter_draws_1000,False
2005-12-01,upside,58685332.875811785,58364432.47907341,58995761.4665538,159374,parameter_draws_1000,False
2006-03-01,final,70865163.7146007,70516959.72323386,71198248.13710167,166826,parameter_draws_1000,False
2006-03-01,base,68235943.91301632,67899617.29517269,68559648.67951027,166826,parameter_draws_1000,False
2006-03-01,adverse,84263490.89060026,83847785.60072748,84656054.05134276,166826,parameter_draws_1000,False
2006-03-01,upside,59051497.627605535,58709404.45601091,59378100.512728564,166826,parameter_draws_1000,False
2006-06-01,final,76439028.00816438,76057902.54721189,76812261.51534909,174356,parameter_draws_1000,False
2006-06-01,base,73616597.45409799,73240470.6579964,73978104.19813743,174356,parameter_draws_1000,False
2006-06-01,adverse,91079695.97925605,90620277.34143429,91504973.3570202,174356,parameter_draws_1000,False
2006-06-01,upside,63327636.939277165,62943904.19698008,63692564.9261245,174356,parameter_draws_1000,False
2006-09-01,final,86169836.25833914,85673879.77364664,86631750.67630096,182803,parameter_draws_1000,False
2006-09-01,base,83216524.7340541,82740648.81855088,83652391.58666188,182803,parameter_draws_1000,False
2006-09-01,adverse,102056007.6175101,101471303.73865728,102587078.00491758,182803,parameter_draws_1000,False
2006-09-01,upside,71506130.09019437,71039188.65041696,71942467.79142465,182803,parameter_draws_1000,False
2006-12-01,final,97368337.31707317,96910943.97232,97800041.84309846,190169,parameter_draws_1000,False
2006-12-01,base,93961691.22969316,93512179.43817511,94382673.05361909,190169,parameter_draws_1000,False
2006-12-01,adverse,115623585.42963281,115092027.28921326,116117676.59492646,190169,parameter_draws_1000,False
2006-12-01,upside,80569508.14566043,80106660.84691755,80996466.83693185,190169,parameter_draws_1000,False
2007-03-01,final,102689718.6286196,102233151.34126571,103139641.76289928,198303,parameter_draws_1000,False
2007-03-01,base,98924910.67268579,98480458.74800953,99365702.20508708,198303,parameter_draws_1000,False
2007-03-01,adverse,122368299.16794568,121806411.542091,122893482.32055756,198303,parameter_draws_1000,False
2007-03-01,upside,84951316.22014463,84501257.51547356,85383021.2992224,198303,parameter_draws_1000,False
2007-06-01,final,112486833.04879883,111983865.02238886,112962245.49739571,205636,parameter_draws_1000,False
2007-06-01,base,108547165.59141229,108066119.05232245,109020108.87411413,205636,parameter_draws_1000,False
2007-06-01,adverse,133419054.20401624,132818117.30584103,133973653.90789466,205636,parameter_draws_1000,False
2007-06-01,upside,93358467.61964923,92870928.06857368,93823125.98972939,205636,parameter_draws_1000,False
2007-09-01,final,132820431.53277706,132207095.81770594,133390793.93694673,213296,parameter_draws_1000,False
2007-09-01,base,128745471.92416313,128151191.92766187,129292709.11200668,213296,parameter_draws_1000,False
2007-09-01,adverse,155349216.23480204,154624042.636744,156000217.82554913,213296,parameter_draws_1000,False
2007-09-01,upside,111572295.46385776,110961463.32161449,112136394.23489448,213296,parameter_draws_1000,False
2007-12-01,final,156566051.81637278,155943480.92112407,157144929.01864418,221744,parameter_draws_1000,False
2007-12-01,base,152002142.2617848,151389040.57176393,152557581.13521737,221744,parameter_draws_1000,False
2007-12-01,adverse,181727865.216479,180997006.37535328,182412098.12921077,221744,parameter_draws_1000,False
2007-12-01,upside,132885334.367881,132269284.48805618,133456420.1631719,221744,parameter_draws_1000,False
2008-03-01,final,204258486.85437757,203059979.92096123,205404921.19150028,227893,parameter_draws_1000,False
2008-03-01,base,194846939.30856347,193698581.68926528,195910996.27613285,227893,parameter_draws_1000,False
2008-03-01,adverse,246267732.69044846,244705847.27161315,247804555.65830928,227893,parameter_draws_1000,False
2008-03-01,upside,171889267.31084907,170770778.23123682,172920666.34099293,227893,parameter_draws_1000,False
2008-06-01,final,262037109.32337096,260130282.73644507,263949650.2332371,236268,parameter_draws_1000,False
2008-06-01,base,247696403.14424428,245905760.11505243,249485825.57265803,236268,parameter_draws_1000,False
2008-06-01,adverse,321966889.978944,319352496.5261223,324501701.4451201,236268,parameter_draws_1000,False
2008-06-01,upside,219516966.28058964,217760640.21510184,221236068.56185678,236268,parameter_draws_1000,False
2008-09-01,final,302219686.47958714,300115500.62465817,304239581.2012838,244261,parameter_draws_1000,False
2008-09-01,base,289272027.482484,287296218.33429366,291086748.0545321,244261,parameter_draws_1000,False
2008-09-01,adverse,358544389.05086887,355653666.3540545,361304134.6868977,244261,parameter_draws_1000,False
2008-09-01,upside,260135818.18253037,258215893.28120378,261930425.1862358,244261,parameter_draws_1000,False
2008-12-01,final,374277846.86639786,372077419.9447087,376419067.31388944,250883,parameter_draws_1000,False
2008-12-01,base,359868847.6099609,357851305.24445385,361841035.7422947,250883,parameter_draws_1000,False
2008-12-01,adverse,437111509.1173968,434281510.92296225,439904430.55387336,250883,parameter_draws_1000,False
2008-12-01,upside,327191073.473814,325203712.63626736,329085695.1696192,250883,parameter_draws_1000,False
2009-03-01,final,427697451.43250334,426083439.5975754,429108920.8585806,250380,parameter_draws_1000,False
2009-03-01,base,410439701.6996248,408911226.5779942,411835406.4250655,250380,parameter_draws_1000,False
2009-03-01,adverse,500166609.0168731,497815542.31603235,502260869.7030119,250380,parameter_draws_1000,False
2009-03-01,upside,375946521.05673444,374515688.2944509,377293686.84693545,250380,parameter_draws_1000,False
2009-06-01,final,479684569.4791165,478111551.04252315,481069426.4005804,247124,parameter_draws_1000,False
2009-06-01,base,463242515.7372035,461793055.97806364,464600268.4297066,247124,parameter_draws_1000,False
2009-06-01,adverse,549497276.6207128,547277835.8220558,551509345.0935107,247124,parameter_draws_1000,False
2009-06-01,upside,429098272.544108,427681195.18535876,430392678.91541594,247124,parameter_draws_1000,False
2009-09-01,final,533034424.0229837,531859376.06619173,534085039.08554196,250439,parameter_draws_1000,False
2009-09-01,base,521935310.24911016,520805739.20578897,522964348.94759905,250439,parameter_draws_1000,False
2009-09-01,adverse,585444698.8172776,583990089.8250403,586766419.0846508,250439,parameter_draws_1000,False
2009-09-01,upside,490080421.127988,488910239.08569574,491144164.28882533,250439,parameter_draws_1000,False
2009-12-01,final,578622345.2887717,577753436.8275743,579443597.8491784,251844,parameter_draws_1000,False
2009-12-01,base,571248632.8913096,570376526.2646257,572054914.3669449,251844,parameter_draws_1000,False
2009-12-01,adverse,617639571.4202144,616668323.6568779,618488736.839681,251844,parameter_draws_1000,False
2009-12-01,upside,543088484.6595491,542155459.2916789,543970508.0928774,251844,parameter_draws_1000,False
2010-03-01,final,610534047.0772479,609690907.9374664,611298420.2478988,255546,parameter_draws_1000,False
2010-03-01,base,603089921.3427607,602249752.8218305,603821481.8885722,255546,parameter_draws_1000,False
2010-03-01,adverse,648676795.9090675,647682160.6267039,649552013.292541,255546,parameter_draws_1000,False
2010-03-01,upside,576739301.9621636,575852681.6112031,577545030.667032,255546,parameter_draws_1000,False
2010-06-01,final,609582978.643903,608621961.2614679,610423976.0893823,259031,parameter_draws_1000,False
2010-06-01,base,602052076.3276255,601097828.1323557,602883552.7494303,259031,parameter_draws_1000,False
2010-06-01,adverse,648104379.1936276,646978392.2907436,649091116.6464531,259031,parameter_draws_1000,False
2010-06-01,upside,575504253.659473,574575271.0952635,576361115.6790478,259031,parameter_draws_1000,False
2010-09-01,final,600916654.9360198,599777061.9918503,601875069.6379027,256751,parameter_draws_1000,False
2010-09-01,base,593110837.0425694,591988795.7802694,594062548.2403833,256751,parameter_draws_1000,False
2010-09-01,adverse,640690745.8478621,639416134.3846962,641837833.0428581,256751,parameter_draws_1000,False
2010-09-01,upside,565849774.990083,564774012.6975371,566801814.4376453,256751,parameter_draws_1000,False
2010-12-01,final,596139957.0627204,594857298.8600255,597201980.8027277,252174,parameter_draws_1000,False
2010-12-01,base,587688348.8547761,586409249.8237216,588764119.5794042,252174,parameter_draws_1000,False
2010-12-01,adverse,637874128.3132241,636424475.0482289,639153020.2972813,252174,parameter_draws_1000,False
2010-12-01,upside,560389437.8103237,559181574.3483588,561400487.9517764,252174,parameter_draws_1000,False
2011-03-01,final,584250159.1508682,582842035.628852,585499494.3790358,254812,parameter_draws_1000,False
2011-03-01,base,574269549.0571721,572903923.628763,575495134.7803234,254812,parameter_draws_1000,False
2011-03-01,adverse,630493491.0374719,628718531.5284748,632063856.9765091,254812,parameter_draws_1000,False
2011-03-01,upside,547100379.7146468,545875662.5260459,548221868.9563695,254812,parameter_draws_1000,False
2011-06-01,final,565788362.3952955,564218411.3311735,567193401.8669664,258154,parameter_draws_1000,False
2011-06-01,base,555323289.5394514,553818565.1764215,556705294.5882145,258154,parameter_draws_1000,False
2011-06-01,adverse,613762778.782205,611825601.2962838,615575416.3425999,258154,parameter_draws_1000,False
2011-06-01,upside,527691293.17382306,526320932.9407571,528961217.76242375,258154,parameter_draws_1000,False
2011-09-01,final,540856237.4830925,539561330.2844702,542001639.5163529,259694,parameter_draws_1000,False
2011-09-01,base,533545903.9813279,532267916.3928219,534673047.9735786,259694,parameter_draws_1000,False
2011-09-01,adverse,578005515.0491959,576546668.2191662,579343089.929834,259694,parameter_draws_1000,False
2011-09-01,upside,508182108.8799796,506958478.2823016,509241561.5401926,259694,parameter_draws_1000,False
2011-12-01,final,535036824.27083856,533751076.4159426,536204002.34525937,258119,parameter_draws_1000,False
2011-12-01,base,527785900.5648446,526480216.29003525,528940558.4878169,258119,parameter_draws_1000,False
2011-12-01,adverse,571509464.6544569,569992934.8028774,572829891.7021308,258119,parameter_draws_1000,False
2011-12-01,upside,503252785.12211764,502044769.4572928,504308612.44060606,258119,parameter_draws_1000,False
2012-03-01,final,511939594.69445544,510793221.0316315,512965450.07369524,256558,parameter_draws_1000,False
2012-03-01,base,505091443.1372858,503946300.0164714,506107071.27546936,256558,parameter_draws_1000,False
2012-03-01,adverse,545676439.1946911,544359986.7734139,546905066.3905716,256558,parameter_draws_1000,False
2012-03-01,upside,483104126.7560746,482039457.5856505,484040245.3103947,256558,parameter_draws_1000,False
2012-06-01,final,495756164.6507299,494614950.780263,496754100.27273816,253948,parameter_draws_1000,False
2012-06-01,base,489363267.2001494,488206317.78486603,490373178.6899378,253948,parameter_draws_1000,False
2012-06-01,adverse,527517305.7581756,526236953.85061026,528693654.9854051,253948,parameter_draws_1000,False
2012-06-01,upside,468392519.27397573,467327360.8325937,469343232.5034674,253948,parameter_draws_1000,False
2012-09-01,final,477327137.2040703,476156825.5573175,478379004.82230127,248976,parameter_draws_1000,False
2012-09-01,base,470998358.9201737,469812779.34382474,472049354.3106815,248976,parameter_draws_1000,False
2012-09-01,adverse,508912394.97796106,507571158.3740162,510105378.3802831,248976,parameter_draws_1000,False
2012-09-01,upside,450000154.04983985,448895451.2265553,450988363.9220124,248976,parameter_draws_1000,False
2012-12-01,final,456450520.3936219,455284909.7608953,457455803.6585136,244003,parameter_draws_1000,False
2012-12-01,base,450362675.9556007,449210577.9214075,451379041.4943439,244003,parameter_draws_1000,False
2012-12-01,adverse,486588936.0525528,485291660.896084,487760090.17389846,244003,parameter_draws_1000,False
2012-12-01,upside,430571205.38082176,429501432.183248,431520256.34318614,244003,parameter_draws_1000,False
2013-03-01,final,429998466.33140516,428886883.7075284,430978373.2799412,240711,parameter_draws_1000,False
2013-03-01,base,424134070.3490098,423011801.8016753,425119859.2986945,240711,parameter_draws_1000,False
2013-03-01,adverse,458642710.62398094,457387168.5146919,459799202.23707724,240711,parameter_draws_1000,False
2013-03-01,upside,405715643.1066931,404682354.55862135,406635824.0750071,240711,parameter_draws_1000,False
2013-06-01,final,402750074.4707017,401616669.4807406,403774563.28479785,237869,parameter_draws_1000,False
2013-06-01,base,397087477.82505643,395961686.7826812,398129646.8641388,237869,parameter_draws_1000,False
2013-06-01,adverse,430625847.62026054,429334598.7121837,431819162.1990335,237869,parameter_draws_1000,False
2013-06-01,upside,378940839.13735044,377869083.52311814,379878762.6829239,237869,parameter_draws_1000,False
2013-09-01,final,382760384.31293416,381604628.79165274,383800172.5907667,239256,parameter_draws_1000,False
2013-09-01,base,377452838.21596044,376301355.58707654,378506217.05767614,239256,parameter_draws_1000,False
2013-09-01,adverse,409253902.0030269,407975164.65221065,410458903.41342163,239256,parameter_draws_1000,False
2013-09-01,upside,359834705.88400763,358757020.97424823,360785015.2806274,239256,parameter_draws_1000,False
2013-12-01,final,362505569.6477381,361244715.49561036,363609742.24084324,242850,parameter_draws_1000,False
2013-12-01,base,357483819.6117577,356241407.8353913,358561625.9690847,242850,parameter_draws_1000,False
2013-12-01,adverse,388091612.1677093,386717639.585968,389373184.4469954,242850,parameter_draws_1000,False
2013-12-01,upside,339949165.5917085,338827842.3430317,340954543.666423,242850,parameter_draws_1000,False
2014-03-01,final,341251062.81653416,340030106.5757885,342309557.6980749,248470,parameter_draws_1000,False
2014-03-01,base,336312618.588903,335106823.43010825,337355523.2244668,248470,parameter_draws_1000,False
2014-03-01,adverse,366207840.16899425,364826790.57115716,367481368.68679374,248470,parameter_draws_1000,False
2014-03-01,upside,319410210.80629206,318337993.16801304,320377505.46373767,248470,parameter_draws_1000,False
2014-06-01,final,319083446.8144221,317775936.3017694,320230117.0859487,253847,parameter_draws_1000,False
2014-06-01,base,314024495.5803644,312746093.1674064,315148220.00908774,253847,parameter_draws_1000,False
2014-06-01,adverse,344923338.9592703,343482066.78410715,346274582.6050399,253847,parameter_draws_1000,False
2014-06-01,upside,296252764.8425727,295081273.14757055,297287140.81780934,253847,parameter_draws_1000,False
2014-09-01,final,307150460.5212735,305897003.12980616,308281736.01531214,259621,parameter_draws_1000,False
2014-09-01,base,301993671.1290455,300738830.281372,303091210.3792289,259621,parameter_draws_1000,False
2014-09-01,adverse,333539380.6397687,332124300.7375052,334870832.71013194,259621,parameter_draws_1000,False
2014-09-01,upside,283796084.5593603,282642476.6507529,284834705.0663723,259621,parameter_draws_1000,False
2014-12-01,final,293618915.6312704,292366902.067861,294724704.14503247,263811,parameter_draws_1000,False
2014-12-01,base,288549369.5578995,287294242.2872478,289644025.42246777,263811,parameter_draws_1000,False
2014-12-01,adverse,319634275.3633361,318208402.92410713,320965491.9963778,263811,parameter_draws_1000,False
2014-12-01,upside,270538167.03797776,269401328.0395718,271561564.05431014,263811,parameter_draws_1000,False
2015-03-01,final,277949335.9399302,276725998.7132893,279002443.45218205,266602,parameter_draws_1000,False
2015-03-01,base,272809442.68096596,271622073.9314817,273855236.55786645,266602,parameter_draws_1000,False
2015-03-01,adverse,303892698.60630816,302506807.26629835,305189054.0433278,266602,parameter_draws_1000,False
2015-03-01,upside,255269971.1984909,254206833.79675415,256213797.19092557,266602,parameter_draws_1000,False
2015-06-01,final,259250725.1786208,258011336.6733624,260323683.7600207,270483,parameter_draws_1000,False
2015-06-01,base,253996167.89776176,252801852.07651636,255067674.00249305,270483,parameter_draws_1000,False
2015-06-01,adverse,285711789.1304247,284266395.1703408,287010565.3282248,270483,parameter_draws_1000,False
2015-06-01,upside,236167181.04905033,235066733.30105528,237114779.5916314,270483,parameter_draws_1000,False
2015-09-01,final,249251571.23127413,247970583.16473925,250371550.78116232,274466,parameter_draws_1000,False
2015-09-01,base,244188495.95399964,242913883.97885194,245297640.63004366,274466,parameter_draws_1000,False
2015-09-01,adverse,275229843.56234455,273777407.26173043,276568919.68146056,274466,parameter_draws_1000,False
2015-09-01,upside,226206751.78858802,225060770.28193337,227227546.1118302,274466,parameter_draws_1000,False
2015-12-01,final,238685096.10480943,237408504.60477337,239789112.44170734,278330,parameter_draws_1000,False
2015-12-01,base,233588529.48739043,232351075.44689304,234686925.32265884,278330,parameter_draws_1000,False
2015-12-01,adverse,264756080.54307616,263325778.17668036,266069339.82453334,278330,parameter_draws_1000,False
2015-12-01,upside,215619721.8440409,214480211.0562281,216608821.3101696,278330,parameter_draws_1000,False
2016-03-01,final,223853530.9273322,222587751.97605026,224938355.65733853,281760,parameter_draws_1000,False
2016-03-01,base,218925897.12668025,217735602.26140383,219988931.3744344,281760,parameter_draws_1000,False
2016-03-01,adverse,249030948.82143235,247608208.7059776,250328631.54762796,281760,parameter_draws_1000,False
2016-03-01,upside,201601702.97310638,200538734.01018095,202547832.1976369,281760,parameter_draws_1000,False
2016-06-01,final,211401179.91185388,210139833.53304806,212470629.32907143,284115,parameter_draws_1000,False
2016-06-01,base,206292865.7228237,205109042.75282025,207331824.22447693,284115,parameter_draws_1000,False
2016-06-01,adverse,237328085.2704996,235941035.77054372,238610172.92995957,284115,parameter_draws_1000,False
2016-06-01,upside,188622927.73689833,187574948.06864142,189580424.59464166,284115,parameter_draws_1000,False
2016-09-01,final,207750842.34242553,206512565.36712047,208795830.88918567,285015,parameter_draws_1000,False
2016-09-01,base,202644381.74429366,201477228.30352676,203670954.39889178,285015,parameter_draws_1000,False
2016-09-01,adverse,233685754.32078037,232324842.5025852,234963521.61788738,285015,parameter_draws_1000,False
2016-09-01,upside,184951831.4376951,183904178.5240583,185900662.71337605,285015,parameter_draws_1000,False
2016-12-01,final,202301260.2586874,201118903.09637144,203319060.35523972,285087,parameter_draws_1000,False
2016-12-01,base,197238768.34017769,196101339.8453449,198249995.57609332,285087,parameter_draws_1000,False
2016-12-01,adverse,228189410.56129423,226858748.47746977,229438219.992489,285087,parameter_draws_1000,False
2016-12-01,upside,179404310.76171505,178362190.04844227,180339700.7088859,285087,parameter_draws_1000,False
2017-03-01,final,195307147.53508282,194169408.82793447,196300618.81038505,290182,parameter_draws_1000,False
2017-03-01,base,190744624.26818833,189671163.42917615,191710079.81180227,290182,parameter_draws_1000,False
2017-03-01,adverse,218949779.63376677,217654927.35805163,220138449.5708917,290182,parameter_draws_1000,False
2017-03-01,upside,174152853.77152085,173202328.79576257,175011873.42234802,290182,parameter_draws_1000,False
2017-06-01,final,187495895.8721002,186336674.4538397,188504118.20252308,293639,parameter_draws_1000,False
2017-06-01,base,182948467.92568746,181839236.8500337,183936830.810016,293639,parameter_draws_1000,False
2017-06-01,adverse,211279465.3577259,209934669.41082048,212482628.8659343,293639,parameter_draws_1000,False
2017-06-01,upside,166046325.18170834,165052610.2826984,166945580.61533964,293639,parameter_draws_1000,False
2017-09-01,final,192146432.6932525,190981723.04929128,193185804.82726273,296824,parameter_draws_1000,False
2017-09-01,base,187313877.15161568,186183081.84715495,188333806.4641189,296824,parameter_draws_1000,False
2017-09-01,adverse,217558761.32710987,216218808.56823114,218752061.2321829,296824,parameter_draws_1000,False
2017-09-01,upside,169122773.80337074,168083876.34647936,170062310.491119,296824,parameter_draws_1000,False
2017-12-01,final,214275446.85050964,213076322.971999,215347465.92511162,301049,parameter_draws_1000,False
2017-12-01,base,209146842.3318041,207980553.33196738,210212273.78094333,301049,parameter_draws_1000,False
2017-12-01,adverse,241784360.3573618,240456606.9249556,243024837.73699117,301049,parameter_draws_1000,False
2017-12-01,upside,188941675.74724525,187815532.52964073,189947154.8157554,301049,parameter_draws_1000,False
2018-03-01,final,204866942.5020704,203767139.23494452,205846682.20356098,304336,parameter_draws_1000,False
2018-03-01,base,199884755.04041523,198822430.55631775,200836204.5227541,304336,parameter_draws_1000,False
2018-03-01,adverse,230870707.52732673,229569593.01771578,232044666.6003818,304336,parameter_draws_1000,False
2018-03-01,upside,181456083.9732637,180435875.9266108,182341305.01200622,304336,parameter_draws_1000,False
2018-06-01,final,193082258.83409035,191929494.59878698,194092718.08119208,308822,parameter_draws_1000,False
2018-06-01,base,188287146.3140646,187167071.3162353,189267322.7940125,308822,parameter_draws_1000,False
2018-06-01,adverse,218384797.89589113,217045581.0659794,219593418.12790012,308822,parameter_draws_1000,False
2018-06-01,upside,170091810.477859,169059898.21738815,170992772.20619747,308822,parameter_draws_1000,False
2018-09-01,final,190606160.8004795,189385611.67821124,191699386.67362764,313165,parameter_draws_1000,False
2018-09-01,base,185704932.13933927,184507498.65005746,186750778.1167034,313165,parameter_draws_1000,False
2018-09-01,adverse,216713941.07460737,215305550.179315,217993187.98038942,313165,parameter_draws_1000,False
2018-09-01,upside,166698108.3214941,165602682.7771248,167680067.02274773,313165,parameter_draws_1000,False
2018-12-01,final,185614913.0282313,184445656.73403198,186665673.26579857,319147,parameter_draws_1000,False
2018-12-01,base,180794405.92609563,179652390.81091446,181813466.74928606,319147,parameter_draws_1000,False
2018-12-01,adverse,211520272.78108475,210146701.7826448,212788741.2009374,319147,parameter_draws_1000,False
2018-12-01,upside,161721341.84868488,160634539.93673736,162688265.01855522,319147,parameter_draws_1000,False
2019-03-01,final,184379173.26596218,183244182.05149165,185392723.9817001,325060,parameter_draws_1000,False
2019-03-01,base,179546055.5755552,178457755.00011194,180521136.1959856,325060,parameter_draws_1000,False
2019-03-01,adverse,210431227.39091945,209095449.8227226,211647879.07714182,325060,parameter_draws_1000,False
2019-03-01,upside,160291553.81932783,159247536.56775355,161211724.94207287,325060,parameter_draws_1000,False
2019-06-01,final,185410511.82753605,184338251.4628509,186385367.5771732,328294,parameter_draws_1000,False
2019-06-01,base,180165957.02661142,179113781.6749477,181128313.47125563,328294,parameter_draws_1000,False
2019-06-01,adverse,213267708.07810682,212031254.6017605,214396397.12511843,328294,parameter_draws_1000,False
2019-06-01,upside,159960070.61361665,158994727.4265804,160809624.17665604,328294,parameter_draws_1000,False
2019-09-01,final,180275217.1744645,179280622.39721698,181130359.60534412,327015,parameter_draws_1000,False
2019-09-01,base,174755384.24201885,173805781.27899837,175603627.31016347,327015,parameter_draws_1000,False
2019-09-01,adverse,208719479.16149184,207571360.26095855,209790845.27172557,327015,parameter_draws_1000,False
2019-09-01,upside,154947445.59253493,154037142.6389214,155749267.17173505,327015,parameter_draws_1000,False
2019-12-01,final,180264568.29275694,179319778.85792303,181079660.36472014,325322,parameter_draws_1000,False
2019-12-01,base,174706446.67893684,173794385.66064456,175497715.73034507,325322,parameter_draws_1000,False
2019-12-01,adverse,208749651.68596742,207650963.19537878,209734266.57293943,325322,parameter_draws_1000,False
2019-12-01,upside,155021915.7593528,154141066.6251086,155769636.16764352,325322,parameter_draws_1000,False
2020-03-01,final,175829638.06493953,174894405.9254054,176649874.37482592,322669,parameter_draws_1000,False
2020-03-01,base,170364435.64181027,169460477.79316458,171156487.4898875,322669,parameter_draws_1000,False
2020-03-01,adverse,203891776.50796792,202797989.22904006,204841106.83373976,322669,parameter_draws_1000,False
2020-03-01,upside,150920217.01907566,150065289.74419525,151667509.0343902,322669,parameter_draws_1000,False
2020-06-01,final,388753831.1195612,386291211.84644943,391190363.6289612,311690,parameter_draws_1000,False
2020-06-01,base,379964269.20394033,377485699.8035271,382426606.72977644,311690,parameter_draws_1000,False
2020-06-01,adverse,442755650.1868444,440415612.93223494,445240367.88331205,311690,parameter_draws_1000,False
2020-06-01,upside,333909047.0032397,331292998.04021937,336480724.9919937,311690,parameter_draws_1000,False
2020-09-01,final,343060976.5829542,340966932.7571881,345175068.9249934,298097,parameter_draws_1000,False
2020-09-01,base,334310913.0090274,332150588.21755403,336415023.230613,298097,parameter_draws_1000,False
2020-09-01,adverse,393319310.1249601,391315595.33780205,395433319.30551374,298097,parameter_draws_1000,False
2020-09-01,upside,294297341.6419852,292059320.2161292,296474922.60103554,298097,parameter_draws_1000,False
2020-12-01,final,299788340.9894321,297993673.4194392,301549333.37327486,283271,parameter_draws_1000,False
2020-12-01,base,291348899.16911316,289526668.02555954,293143349.23319215,283271,parameter_draws_1000,False
2020-12-01,adverse,345846028.81593144,344064423.7534685,347607928.4467388,283271,parameter_draws_1000,False
2020-12-01,upside,256783295.22654265,254878509.33177266,258631120.25772458,283271,parameter_draws_1000,False
2021-03-01,final,269416931.33845043,267871104.55182132,270953563.5556968,270625,parameter_draws_1000,False
2021-03-01,base,261471356.9684349,259880944.96934274,263038811.8543032,270625,parameter_draws_1000,False
2021-03-01,adverse,311378606.2792267,309820575.2626923,312939784.4101706,270625,parameter_draws_1000,False
2021-03-01,upside,231263103.91721904,229594360.11936817,232877764.31950042,270625,parameter_draws_1000,False
2021-06-01,final,224605169.78137442,223326445.1809634,225910444.2962415,261814,parameter_draws_1000,False
2021-06-01,base,217824576.92373064,216505708.8775629,219120211.7744144,261814,parameter_draws_1000,False
2021-06-01,adverse,259758338.4975324,258434754.92472154,261100763.30230737,261814,parameter_draws_1000,False
2021-06-01,upside,193138926.68501943,191775107.74712694,194476317.98248872,261814,parameter_draws_1000,False
2021-09-01,final,199773877.2421322,198663776.48468116,200847020.80984473,256545,parameter_draws_1000,False
2021-09-01,base,192507398.00499558,191370365.2401423,193585990.3327352,256545,parameter_draws_1000,False
2021-09-01,adverse,234243134.98378956,233032300.45793897,235441091.56786075,256545,parameter_draws_1000,False
2021-09-01,upside,171391031.28791612,170258453.3913222,172498314.5398894,256545,parameter_draws_1000,False
2021-12-01,final,189977013.68650174,188937928.57603416,190976894.01514685,254041,parameter_draws_1000,False
2021-12-01,base,181582292.6713051,180545180.9703094,182567619.920405,254041,parameter_draws_1000,False
2021-12-01,adverse,226625791.35659853,225417539.5277421,227790083.7072278,254041,parameter_draws_1000,False
2021-12-01,upside,162474601.6304602,161452338.90311497,163466413.51564175,254041,parameter_draws_1000,False
2022-03-01,final,184053623.73328847,182916782.83861172,185195048.68434125,255096,parameter_draws_1000,False
2022-03-01,base,174916183.1242009,173805402.7037985,176022865.77954334,255096,parameter_draws_1000,False
2022-03-01,adverse,221903534.4678566,220514142.10264307,223279188.30643526,255096,parameter_draws_1000,False
2022-03-01,upside,157520201.6120252,156426600.19878924,158571075.8075585,255096,parameter_draws_1000,False
2022-06-01,final,179353633.29239625,177452828.5525244,181156767.83580625,259052,parameter_draws_1000,False
2022-06-01,base,170205415.64080995,168429508.25932163,171859228.1250403,259052,parameter_draws_1000,False
2022-06-01,adverse,216706715.01053488,214313006.2255797,218962921.93010804,259052,parameter_draws_1000,False
2022-06-01,upside,153691367.70184353,151997416.06460017,155259317.78607637,259052,parameter_draws_1000,False
2022-09-01,final,187839185.72119844,185072424.26753232,190318637.60172424,265896,parameter_draws_1000,False
2022-09-01,base,177981499.52151704,175411501.56345922,180279587.48855415,265896,parameter_draws_1000,False
2022-09-01,adverse,227899032.24154636,224287625.70090374,231132184.83606017,265896,parameter_draws_1000,False
2022-09-01,upside,160503519.6526773,158038842.74237216,162714383.29255405,265896,parameter_draws_1000,False
2022-12-01,final,205799470.89918795,202379260.96490967,209008032.16222763,273577,parameter_draws_1000,False
2022-12-01,base,194903202.7277036,191669366.7438574,197800863.66016576,273577,parameter_draws_1000,False
2022-12-01,adverse,250249627.29819593,245863388.29342225,254545015.87069353,273577,parameter_draws_1000,False
2022-12-01,upside,175300949.58677867,172205449.75061268,178086611.0381533,273577,parameter_draws_1000,False
2023-03-01,final,210336862.58684754,206826640.08109847,213609169.95145515,280314,parameter_draws_1000,False
2023-03-01,base,198897703.04009148,195665577.07787937,201854417.6278077,280314,parameter_draws_1000,False
2023-03-01,adverse,256907171.06038222,252301526.9036403,261353376.4539177,280314,parameter_draws_1000,False
2023-03-01,upside,178476319.98464736,175334850.34009767,181341143.34258503,280314,parameter_draws_1000,False
2023-06-01,final,215339833.8784122,211586225.9987358,218800302.31300366,288470,parameter_draws_1000,False
2023-06-01,base,203638940.16435647,200185071.9621685,206816536.5439474,288470,parameter_draws_1000,False
2023-06-01,adverse,263370124.1754025,258441748.43286273,268181288.48780632,288470,parameter_draws_1000,False
2023-06-01,upside,182092924.9063178,178757041.7211303,185126478.7682387,288470,parameter_draws_1000,False
2023-09-01,final,212624362.82309154,209066871.2710228,215927607.96925846,296504,parameter_draws_1000,False
2023-09-01,base,201732174.0072309,198464011.4099262,204758635.83729416,296504,parameter_draws_1000,False
2023-09-01,adverse,258068647.7839872,253406486.40699896,262495596.46855363,296504,parameter_draws_1000,False
2023-09-01,upside,180452643.15170786,177305188.34495685,183353861.21972194,296504,parameter_draws_1000,False
2023-12-01,final,213996491.8358136,210536474.27407166,217281232.79833296,304727,parameter_draws_1000,False
2023-12-01,base,203716697.4730343,200513684.5867077,206670872.07132652,304727,parameter_draws_1000,False
2023-12-01,adverse,257837818.7180918,253335416.29892224,262154122.4801241,304727,parameter_draws_1000,False
2023-12-01,upside,182046791.14980054,179019178.40876597,184853773.7060077,304727,parameter_draws_1000,False
2024-03-01,final,216441716.31577548,213148522.3241281,219521318.68988216,311225,parameter_draws_1000,False
2024-03-01,base,206172241.1515393,203165660.69015232,208993471.21663097,311225,parameter_draws_1000,False
2024-03-01,adverse,260018395.82795623,255756073.2228492,264139643.97677845,311225,parameter_draws_1000,False
2024-03-01,upside,184891817.78575283,182038261.2247107,187560866.6326712,311225,parameter_draws_1000,False
2024-06-01,final,221243205.40993083,218002386.16284308,224265909.99098578,318851,parameter_draws_1000,False
2024-06-01,base,210951646.0221961,207989612.8802895,213744123.94696724,318851,parameter_draws_1000,False
2024-06-01,adverse,265642571.036715,261448967.41054794,269638418.8348105,318851,parameter_draws_1000,False
2024-06-01,upside,188410500.2495629,185573439.19399238,191031746.47970873,318851,parameter_draws_1000,False
2024-09-01,final,235697997.18439925,232341617.22445107,238817952.7081313,324797,parameter_draws_1000,False
2024-09-01,base,224973247.47820634,221908009.62321258,227867393.24137843,324797,parameter_draws_1000,False
2024-09-01,adverse,282098677.9003008,277737697.62165177,286164397.92228496,324797,parameter_draws_1000,False
2024-09-01,upside,201262528.14933494,198343209.42173982,203976653.92455906,324797,parameter_draws_1000,False
2024-12-01,final,252743043.8172244,249851161.45811847,255472504.4063803,330366,parameter_draws_1000,False
2024-12-01,base,241572622.5417555,238899998.4037653,244064360.69359028,330366,parameter_draws_1000,False
2024-12-01,adverse,301436214.3444608,297755486.4371851,304938746.2276535,330366,parameter_draws_1000,False
2024-12-01,upside,216269444.7070395,213726448.6079122,218689960.6571916,330366,parameter_draws_1000,False
2025-03-01,final,253242865.60159937,250082396.32960486,256203944.85300612,335997,parameter_draws_1000,False
2025-03-01,base,242724355.0409963,239807113.78690654,245488211.66421396,335997,parameter_draws_1000,False
2025-03-01,adverse,299317664.7375215,295226412.9673708,303225712.65345776,335997,parameter_draws_1000,False
2025-03-01,upside,218525575.95080802,215762627.69745266,221171887.95944706,335997,parameter_draws_1000,False
2025-06-01,final,256853178.66852167,253674573.3934319,259859757.20570263,341662,parameter_draws_1000,False
2025-06-01,base,245945395.04400736,243052875.992193,248754543.54831272,341662,parameter_draws_1000,False
2025-06-01,adverse,304754996.9102089,300673975.3412434,308672593.0303443,341662,parameter_draws_1000,False
2025-06-01,upside,220647949.4304337,217895777.86957493,223349755.02239695,341662,parameter_draws_1000,False
2025-09-01,final,263194693.4849,260015727.06597134,266208556.51345357,345060,parameter_draws_1000,False
2025-09-01,base,252543203.4147113,249656084.60096225,255356190.7313429,345060,parameter_draws_1000,False
2025-09-01,adverse,310526707.8757553,306434897.7935182,314453772.19093907,345060,parameter_draws_1000,False
2025-09-01,upside,226913963.11422932,224137639.51767567,229610587.14669555,345060,parameter_draws_1000,False
2025-12-01,final,287541689.5505418,284584002.20268506,290398384.6932854,347648,parameter_draws_1000,False
2025-12-01,base,275747837.386744,272980133.77862483,278391577.5943028,347648,parameter_draws_1000,False
2025-12-01,adverse,340618878.541395,336938733.1543531,344268497.9795189,347648,parameter_draws_1000,False
2025-12-01,upside,246255116.55431074,243626106.4988731,248825793.6852045,347648,parameter_draws_1000,False
2026-03-01,final,272354523.928344,269629808.46786475,275007741.0826401,342587,parameter_draws_1000,False
2026-03-01,base,261482190.7358359,258952802.87516567,263947807.87442985,342587,parameter_draws_1000,False
2026-03-01,adverse,320421596.03833395,316939988.1738952,323807314.4320554,342587,parameter_draws_1000,False
2026-03-01,upside,235732069.84839323,233245676.8302841,238144594.7291616,342587,parameter_draws_1000,False
