grade,year,marginal_pd,marginal_pd_lo,marginal_pd_hi,marginal_pd_n,marginal_pd_method,cumulative_pd,cumulative_pd_lo,cumulative_pd_hi,cumulative_pd_n,cumulative_pd_method,synthetic
A,1,0.001296701891869102,0.0012687989316810715,0.0013262637612292375,391161,parameter_draws_1000,0.001296701891869102,0.0012687989316810715,0.0013262637612292375,391161,parameter_draws_1000,False
A,2,0.0014754240872612138,0.001414532796110208,0.0015395987339155096,391161,parameter_draws_1000,0.0027721259791303157,0.0027042037542430383,0.0028387082461941797,391161,parameter_draws_1000,False
A,3,0.0016556992411604864,0.0015870959290583395,0.0017274996707580077,391161,parameter_draws_1000,0.004427825220290802,0.004298752681301069,0.00456145836585562,391161,parameter_draws_1000,False
A,4,0.0012403856644242007,0.0011894459261847028,0.0012936404083465788,391161,parameter_draws_1000,0.0056682108847150026,0.005498282122760251,0.0058431554235486745,391161,parameter_draws_1000,False
A,5,0.0011400080834340664,0.001092811404950119,0.0011877492410341747,391161,parameter_draws_1000,0.006808218968149069,0.006596769409811679,0.007029359239174932,391161,parameter_draws_1000,False
A,6,0.0006441082761171659,0.000617029215285661,0.0006718236048869118,391161,parameter_draws_1000,0.007452327244266235,0.0072151357078847,0.007698682475908732,391161,parameter_draws_1000,False
A,7,0.000538307478191247,0.0005153918070730488,0.0005618988588777987,391161,parameter_draws_1000,0.007990634722457483,0.007728266810085844,0.008261816859749714,391161,parameter_draws_1000,False
A,8,0.00047306441788954934,0.00045293907247332234,0.0004937534565635481,391161,parameter_draws_1000,0.008463699140347032,0.008180716195584869,0.00875668197469462,391161,parameter_draws_1000,False
A,9,0.0004157288400026115,0.00039795872901711134,0.0004337135668816104,391161,parameter_draws_1000,0.008879427980349644,0.008580376597946878,0.009188624291910885,391161,parameter_draws_1000,False
A,10,0.00036534235481280544,0.0003493795911182338,0.0003809166031245165,391161,parameter_draws_1000,0.00924477033516245,0.008926677786268104,0.009568304223139626,391161,parameter_draws_1000,False
A,11,0.0002430419103086552,0.00022596467690650488,0.00026125717474542406,391161,parameter_draws_1000,0.009487812245471105,0.00917008829929922,0.009825084037781175,391161,parameter_draws_1000,False
A,12,0.00022213846183903114,0.00020684561546840458,0.00023905262770868593,391161,parameter_draws_1000,0.009709950707310136,0.009386557694250456,0.010061901513674216,391161,parameter_draws_1000,False
A,13,0.00020303286855153315,0.0001891838599994329,0.00021834180378383017,391161,parameter_draws_1000,0.00991298357586167,0.009576156898802354,0.010273406044911658,391161,parameter_draws_1000,False
A,14,0.0001855705012585133,0.00017295750828125831,0.000199617423822111,391161,parameter_draws_1000,0.010098554077120183,0.009750015249141096,0.010466918567667677,391161,parameter_draws_1000,False
A,15,0.00016961003005577568,0.000157967385501123,0.00018233543523787384,391161,parameter_draws_1000,0.010268164107175959,0.009907779539930894,0.010639666014850486,391161,parameter_draws_1000,False
A,16,0.0001550222804832855,0.00014432804877160968,0.00016669181951938585,391161,parameter_draws_1000,0.010423186387659244,0.010053566621668137,0.010806060382162537,391161,parameter_draws_1000,False
A,17,0.00014168918806473663,0.0001319937213057082,0.00015241092489117324,391161,parameter_draws_1000,0.01056487557572398,0.010190045583202051,0.010950372669701168,391161,parameter_draws_1000,False
A,18,0.00012950284276464947,0.00012060506761614044,0.00013935667164125234,391161,parameter_draws_1000,0.01069437841848863,0.010312069048232574,0.01108063828622404,391161,parameter_draws_1000,False
A,19,0.00011836461562940846,0.00011020494711531756,0.00012752355943361867,391161,parameter_draws_1000,0.010812743034118038,0.010424658646964124,0.011202149177654197,391161,parameter_draws_1000,False
A,20,0.00010818436054379791,0.0001006728860193256,0.00011653102962478404,391161,parameter_draws_1000,0.010920927394661837,0.010524450829167746,0.011319415593597745,391161,parameter_draws_1000,False
A,21,9.887968464253227e-05,9.196529080424389e-05,0.0001065524510852499,391161,parameter_draws_1000,0.011019807079304368,0.010618309674219353,0.01142426462489384,391161,parameter_draws_1000,False
A,22,9.037528147193128e-05,8.401085011278463e-05,9.748069811821777e-05,391161,parameter_draws_1000,0.0111101823607763,0.010702493539255972,0.011516840552257719,391161,parameter_draws_1000,False
A,23,8.260232150475064e-05,7.673326343271268e-05,8.918275100910487e-05,391161,parameter_draws_1000,0.01119278468228105,0.010780983697391151,0.011601489739386637,391161,parameter_draws_1000,False
A,24,7.549789507536219e-05,7.009164042703374e-05,8.154346421533506e-05,391161,parameter_draws_1000,0.011268282577356412,0.010851539729772621,0.011680119729108504,391161,parameter_draws_1000,False
A,25,6.900450322673535e-05,6.404570564027547e-05,7.451459424803957e-05,391161,parameter_draws_1000,0.011337287080583148,0.010916275319876536,0.011750414849821367,391161,parameter_draws_1000,False
A,26,6.306959234844188e-05,5.8507061740664306e-05,6.813618003501481e-05,391161,parameter_draws_1000,0.01140035667293159,0.010975647513924163,0.011818782435292222,391161,parameter_draws_1000,False
A,27,5.7645128839323e-05,5.34458128396312e-05,6.227254769232995e-05,391161,parameter_draws_1000,0.011458001801770912,0.011028664379860342,0.01187736456167371,391161,parameter_draws_1000,False
A,28,5.268721035239479e-05,4.879599182731674e-05,5.691949592278351e-05,391161,parameter_draws_1000,0.011510689012123307,0.011077060674818054,0.011930833209828047,391161,parameter_draws_1000,False
A,29,4.815571047564162e-05,4.4535419710975745e-05,5.204457699724333e-05,391161,parameter_draws_1000,0.011558844722598948,0.011121239096958377,0.011980445001351352,391161,parameter_draws_1000,False
A,30,4.4013953972957236e-05,4.065226147041089e-05,4.758666481503448e-05,391161,parameter_draws_1000,0.011602858676571905,0.011161567247763859,0.012028362803402127,391161,parameter_draws_1000,False
B,1,0.003688976773843296,0.0036187786577583556,0.0037630225860619338,165128,parameter_draws_1000,0.003688976773843296,0.0036187786577583556,0.0037630225860619338,165128,parameter_draws_1000,False
B,2,0.004501691167274128,0.004337454057922519,0.004692033569894377,165128,parameter_draws_1000,0.008190667941117424,0.008017686796080772,0.008387190248780874,165128,parameter_draws_1000,False
B,3,0.005105869299428176,0.0049121938992175,0.005310005369323513,165128,parameter_draws_1000,0.0132965372405456,0.012977650993063502,0.013646579452217445,165128,parameter_draws_1000,False
B,4,0.003873368740757797,0.003734684005641396,0.004029683765201477,165128,parameter_draws_1000,0.017169905981303395,0.01672466836445661,0.01765831840043626,165128,parameter_draws_1000,False
B,5,0.00359144726298412,0.0034644436485186925,0.0037338900012692613,165128,parameter_draws_1000,0.020761353244287517,0.02019594021259809,0.021375576929263812,165128,parameter_draws_1000,False
B,6,0.002056864028054086,0.0019757731388905992,0.0021344221818752323,165128,parameter_draws_1000,0.022818217272341602,0.022201517813217674,0.02349282332870982,165128,parameter_draws_1000,False
B,7,0.0017397346683525928,0.001670899775607208,0.0018066809225903697,165128,parameter_draws_1000,0.024557951940694194,0.023886938901197717,0.025291810897504943,165128,parameter_draws_1000,False
B,8,0.0015451085371020567,0.001483525663064248,0.0016048204734431422,165128,parameter_draws_1000,0.02610306047779625,0.025393508735198075,0.02688444807667056,165128,parameter_draws_1000,False
B,9,0.0013722554564520584,0.0013177912425056057,0.001425547145044062,165128,parameter_draws_1000,0.02747531593424831,0.026712758578086082,0.028298637500300747,165128,parameter_draws_1000,False
B,10,0.0012187396500276191,0.0011704230536580221,0.0012660576932110384,165128,parameter_draws_1000,0.02869405558427593,0.027906647006344678,0.029552448508675815,165128,parameter_draws_1000,False
B,11,0.0008179340188413728,0.0007644436891317356,0.0008761098291594418,165128,parameter_draws_1000,0.0295119896031173,0.028688827986290112,0.030409780405367227,165128,parameter_draws_1000,False
B,12,0.0007530063015865984,0.0007037140481957399,0.0008067011141782859,165128,parameter_draws_1000,0.0302649959047039,0.029406018056674494,0.031185751411863305,165128,parameter_draws_1000,False
B,13,0.0006932325556434558,0.0006487250961224955,0.000742789259471151,165128,parameter_draws_1000,0.03095822846034736,0.030069948561851086,0.031891905404936985,165128,parameter_draws_1000,False
B,14,0.0006382036580456021,0.0005969398700205187,0.0006838138407197084,165128,parameter_draws_1000,0.03159643211839296,0.03067858604036403,0.03255706579458643,165128,parameter_draws_1000,False
B,15,0.0005875429620652048,0.0005491225663259038,0.0006293133077397545,165128,parameter_draws_1000,0.032183975080458165,0.031249321824787464,0.0331895388344393,165128,parameter_draws_1000,False
B,16,0.0005409037192445679,0.0005055534300524795,0.0005794732983954592,165128,parameter_draws_1000,0.032724878799702734,0.03177463321650173,0.033757790932027604,165128,parameter_draws_1000,False
B,17,0.0004979667060672519,0.00046562223039527014,0.000533409165504946,165128,parameter_draws_1000,0.03322284550576998,0.03224023699539277,0.03428715255689492,165128,parameter_draws_1000,False
B,18,0.00045843803902437133,0.0004286659579054622,0.0004912492907721332,165128,parameter_draws_1000,0.033681283544794355,0.0326685475097063,0.034756398992088364,165128,parameter_draws_1000,False
B,19,0.0004220471631212379,0.0003943247290842289,0.00045253825684195064,165128,parameter_draws_1000,0.034103330707915595,0.03307602255638696,0.03520493235010363,165128,parameter_draws_1000,False
B,20,0.0003885450000566281,0.0003629447744819811,0.0004166629293787756,165128,parameter_draws_1000,0.03449187570797222,0.033455488517198116,0.035598920142759186,165128,parameter_draws_1000,False
B,21,0.00035770224339984027,0.00033377254307854955,0.0003837237294058883,165128,parameter_draws_1000,0.034849577951372064,0.03380427416214392,0.03597156688020418,165128,parameter_draws_1000,False
B,22,0.00032930778909683685,0.0003074135176254312,0.00035337161735782356,165128,parameter_draws_1000,0.0351788857404689,0.034117465568790896,0.03630730331946461,165128,parameter_draws_1000,False
B,23,0.00030316729056302933,0.00028314387329503494,0.0003253745799140303,165128,parameter_draws_1000,0.035482053031031933,0.034402727306086074,0.03662463306405786,165128,parameter_draws_1000,False
B,24,0.000279101828473,0.0002604789299921536,0.00029930059507601647,165128,parameter_draws_1000,0.035761154859504936,0.03466546784266804,0.03692767991640451,165128,parameter_draws_1000,False
B,25,0.0002569466861425037,0.00023987319522357945,0.0002757426869189963,165128,parameter_draws_1000,0.03601810154564744,0.034912530052454,0.03719562047204818,165128,parameter_draws_1000,False
B,26,0.00023655022212081691,0.0002206918317338773,0.0002540054898794852,165128,parameter_draws_1000,0.03625465176776826,0.03513485020195463,0.037436057457099825,165128,parameter_draws_1000,False
B,27,0.00021777283227686546,0.00020327552839451588,0.0002341236200949632,165128,parameter_draws_1000,0.03647242460004512,0.03533520337612142,0.03765744281065581,165128,parameter_draws_1000,False
B,28,0.0002004859942751001,0.00018709591377434568,0.00021564106934919295,165128,parameter_draws_1000,0.03667291059432022,0.03552406816523818,0.03786981036452591,165128,parameter_draws_1000,False
B,29,0.0001845713879010125,0.00017212941805870062,0.0001985672997654277,165128,parameter_draws_1000,0.03685748198222123,0.035698074484309644,0.03806730357292208,165128,parameter_draws_1000,False
B,30,0.00016992008521533427,0.00015834483303475076,0.0001828078762932214,165128,parameter_draws_1000,0.037027402067436564,0.035866140041985364,0.03824918244960847,165128,parameter_draws_1000,False
C,1,0.005520307980867357,0.005420942760263822,0.005625221018795009,130845,parameter_draws_1000,0.005520307980867357,0.005420942760263822,0.005625221018795009,130845,parameter_draws_1000,False
C,2,0.007467484032157734,0.007190962957143695,0.007754936429183278,130845,parameter_draws_1000,0.012987792013025091,0.012695010828964789,0.013286419109283115,130845,parameter_draws_1000,False
C,3,0.008539322172115742,0.00822026779651657,0.008844425354512945,130845,parameter_draws_1000,0.021527114185140833,0.02100333489899851,0.02208324359825898,130845,parameter_draws_1000,False
C,4,0.006542078405791913,0.0063058553285267015,0.006774068362932989,130845,parameter_draws_1000,0.028069192590932747,0.027362781792438506,0.028814247067574128,130845,parameter_draws_1000,False
C,5,0.0061065968077860435,0.005889586916609701,0.006321340939288979,130845,parameter_draws_1000,0.03417578939871879,0.03328392073337207,0.03512265308708785,130845,parameter_draws_1000,False
C,6,0.0035357181036444626,0.0034038378971313265,0.003668368791972602,130845,parameter_draws_1000,0.03771150750236325,0.03670789388703967,0.03877970760404314,130845,parameter_draws_1000,False
C,7,0.0030193367586401525,0.002905640179433088,0.0031345240433635815,130845,parameter_draws_1000,0.04073084426100341,0.03962178464429121,0.04192022301919102,130845,parameter_draws_1000,False
C,8,0.0027040641321548543,0.002602409145033059,0.0028075478718031636,130845,parameter_draws_1000,0.043434908393158264,0.04223751426089733,0.044689853765460655,130845,parameter_draws_1000,False
C,9,0.0024217115927471253,0.0023302489419397662,0.0025144588872228644,130845,parameter_draws_1000,0.045856619985905386,0.044588345122548015,0.04717480099248492,130845,parameter_draws_1000,False
C,10,0.002168841695989023,0.0020874933450550875,0.002250792676075696,130845,parameter_draws_1000,0.04802546168189441,0.046679987695130314,0.04941687768036795,130845,parameter_draws_1000,False
C,11,0.0014657382241491878,0.0013651492826700987,0.0015621703207917995,130845,parameter_draws_1000,0.049491199906043594,0.0481013541174875,0.05094233034535168,130845,parameter_draws_1000,False
C,12,0.0013570943572785825,0.0012642986875997357,0.001446362826667229,130845,parameter_draws_1000,0.05084829426332218,0.04938827187696501,0.052362762020445125,130845,parameter_draws_1000,False
C,13,0.001256503422107599,0.0011708984504277258,0.0013382307998825447,130845,parameter_draws_1000,0.05210479768542978,0.05061062480722044,0.05367675124317553,130845,parameter_draws_1000,False
C,14,0.0011633685169350485,0.0010844098509188973,0.001239420491128197,130845,parameter_draws_1000,0.053268166202364825,0.05172047034446126,0.05488039568192466,130845,parameter_draws_1000,False
C,15,0.0010771369837779521,0.0010042688387339757,0.0011474979789552159,130845,parameter_draws_1000,0.05434530318614278,0.05273946195592457,0.05598759285303707,130845,parameter_draws_1000,False
C,16,0.0009972971289260357,0.0009302275732946907,0.0010629115709465578,130845,parameter_draws_1000,0.05534260031506882,0.05370630610205668,0.057021940353489974,130845,parameter_draws_1000,False
C,17,0.0009233751865762207,0.0008616556461735761,0.000984014225614257,130845,parameter_draws_1000,0.05626597550164504,0.054584199504551706,0.05796421004571297,130845,parameter_draws_1000,False
C,18,0.0008549325075294632,0.0007981085519771089,0.0009109584321269246,130845,parameter_draws_1000,0.057120908009174506,0.05541251789816423,0.05884162206003172,130845,parameter_draws_1000,False
C,19,0.0007915629562678123,0.0007389300430544815,0.0008440763816545212,130845,parameter_draws_1000,0.05791247096544232,0.05618759839910653,0.059656201771713026,130845,parameter_draws_1000,False
C,20,0.0007328905009660603,0.0006844389609243613,0.0007814242079217486,130845,parameter_draws_1000,0.05864536146640838,0.05689162209389667,0.06042499893400199,130845,parameter_draws_1000,False
C,21,0.0006785669821372415,0.0006338645631784258,0.0007233577344553105,130845,parameter_draws_1000,0.059323928448545615,0.057550235834843595,0.06113219826584064,130845,parameter_draws_1000,False
C,22,0.0006282700466712241,0.0005872970443586856,0.0006704069226860606,130845,parameter_draws_1000,0.05995219849521684,0.058145576863095245,0.061807552659586644,130845,parameter_draws_1000,False
C,23,0.0005817012350070824,0.0005441513012478733,0.0006206876114483927,130845,parameter_draws_1000,0.06053389973022392,0.058677712554816235,0.06244147433031611,130845,parameter_draws_1000,False
C,24,0.0005385842100886249,0.0005040732333565609,0.0005746736933894654,130845,parameter_draws_1000,0.06107248394031254,0.05917075903338423,0.06301780975968972,130845,parameter_draws_1000,False
C,25,0.0004986631175937876,0.00046659876059762653,0.000532236486083211,130845,parameter_draws_1000,0.061571147057906325,0.059643385113244074,0.06353937495330543,130845,parameter_draws_1000,False
C,26,0.0004617010677075686,0.00043194831364982246,0.0004929398660978601,130845,parameter_draws_1000,0.062032848125613896,0.060079056005874744,0.06402168991232524,130845,parameter_draws_1000,False
C,27,0.0004274787294294261,0.0004000349658546993,0.00045653856005592084,130845,parameter_draws_1000,0.062460326855043324,0.06048486047937299,0.06446230000027622,130845,parameter_draws_1000,False
C,28,0.00039579302907382253,0.0003704574150724974,0.0004226738093862696,130845,parameter_draws_1000,0.06285611988411714,0.060867091690117815,0.06487928094381275,130845,parameter_draws_1000,False
C,29,0.0003664559452408822,0.00034287425815168006,0.0003912634514813127,130845,parameter_draws_1000,0.06322257582935803,0.061222020023129,0.0652563172723143,130845,parameter_draws_1000,False
C,30,0.0003392933931065798,0.00031736722832617235,0.0003621953871375437,130845,parameter_draws_1000,0.06356186922246461,0.061540434618038826,0.0656134553066595,130845,parameter_draws_1000,False
D,1,0.007498855802521808,0.007364511187997011,0.007639375277688029,93968,parameter_draws_1000,0.007498855802521808,0.007364511187997011,0.007639375277688029,93968,parameter_draws_1000,False
D,2,0.011638522630855866,0.011264364270744768,0.012031970741839197,93968,parameter_draws_1000,0.019137378433377674,0.018765068350173466,0.019558422188473697,93968,parameter_draws_1000,False
D,3,0.013370047483010546,0.012906568048365073,0.013852463423198265,93968,parameter_draws_1000,0.03250742591638822,0.03178456041408552,0.03332438344001045,93968,parameter_draws_1000,False
D,4,0.01030934174904428,0.009975711258129502,0.01066217784936674,93968,parameter_draws_1000,0.0428167676654325,0.04182659610424017,0.04387250018434689,93968,parameter_draws_1000,False
D,5,0.009654780783512666,0.009346532792323541,0.009974846616714442,93968,parameter_draws_1000,0.052471548448945166,0.05119917446695155,0.05384410897051101,93968,parameter_draws_1000,False
D,6,0.005637214462220812,0.005440331682069347,0.005838982060880958,93968,parameter_draws_1000,0.05810876291116598,0.056679736644735065,0.05958379693771147,93968,parameter_draws_1000,False
D,7,0.004848377318010043,0.004680565536884915,0.005023079813836422,93968,parameter_draws_1000,0.06295714022917602,0.06139566640158177,0.06456966883355811,93968,parameter_draws_1000,False
D,8,0.0043676980283743,0.004217338113333497,0.004523973702084484,93968,parameter_draws_1000,0.06732483825755033,0.06564542804761471,0.06909751269421904,93968,parameter_draws_1000,False
D,9,0.003934674390171965,0.0037986076516511964,0.004074867647733588,93968,parameter_draws_1000,0.07125951264772229,0.06946676069536212,0.07314872913846078,93968,parameter_draws_1000,False
D,10,0.003544581712403214,0.0034225761509652287,0.003671759852758588,93968,parameter_draws_1000,0.0748040943601255,0.07290769249165954,0.07678824468349217,93968,parameter_draws_1000,False
D,11,0.002407108554463597,0.00225797082343891,0.0025703143582648394,93968,parameter_draws_1000,0.07721120291458909,0.07522399374721932,0.07932434797100807,93968,parameter_draws_1000,False
D,12,0.0022374301473735876,0.002099391237680573,0.0023887498866410482,93968,parameter_draws_1000,0.07944863306196268,0.07735501582119152,0.08165021749674115,93968,parameter_draws_1000,False
D,13,0.002079712464605386,0.0019519883663543323,0.0022177758813540613,93968,parameter_draws_1000,0.08152834552656806,0.07937584980702699,0.08374333026737626,93968,parameter_draws_1000,False
D,14,0.001933112388117304,0.0018149426746109213,0.002060605590046812,93968,parameter_draws_1000,0.08346145791468536,0.08123443278657275,0.08571004513214255,93968,parameter_draws_1000,False
D,15,0.0017968462317225415,0.0016875187229753671,0.0019149664017297958,93968,parameter_draws_1000,0.08525830414640789,0.08295778590082636,0.08762042823033575,93968,parameter_draws_1000,False
D,16,0.0016701855517050142,0.0015681987776799797,0.0017797716078278777,93968,parameter_draws_1000,0.08692848969811291,0.08455067793201342,0.08935144251188275,93968,parameter_draws_1000,False
D,17,0.0015524532527471855,0.0014584542755528638,0.0016539170476355329,93968,parameter_draws_1000,0.08848094295086009,0.08600990848149578,0.09098183895157377,93968,parameter_draws_1000,False
D,18,0.0014430199683531848,0.0013546916861748412,0.0015372908831709064,93968,parameter_draws_1000,0.08992396291921327,0.08737047086195578,0.09248935030601692,93968,parameter_draws_1000,False
D,19,0.0013413006964178957,0.001258968888992139,0.001428723561307765,93968,parameter_draws_1000,0.09126526361563117,0.08867934390445367,0.09384440190970555,93968,parameter_draws_1000,False
D,20,0.0012467516719566263,0.001170533518460991,0.001327828848016197,93968,parameter_draws_1000,0.09251201528758779,0.08990917899441697,0.0951159793972688,93968,parameter_draws_1000,False
D,21,0.0011588674602777947,0.0010875957698005096,0.0012337501330303478,93968,parameter_draws_1000,0.09367088274786559,0.09101704651294808,0.09634887823363229,93968,parameter_draws_1000,False
D,22,0.0010771782550594616,0.0010105345532537766,0.001146402452951481,93968,parameter_draws_1000,0.09474806100292504,0.09204109769766958,0.09749430634735483,93968,parameter_draws_1000,False
D,23,0.0010012473668859474,0.0009389497234840127,0.001065117156996804,93968,parameter_draws_1000,0.09574930836981099,0.09298327370056013,0.09855846955197374,93968,parameter_draws_1000,False
D,24,0.0009306688888188743,0.0008728533037545352,0.0009900968920677118,93968,parameter_draws_1000,0.09667997725862987,0.09384861955634399,0.09954713337443379,93968,parameter_draws_1000,False
D,25,0.0008650655265233982,0.0008115704538426967,0.0009201556969843771,93968,parameter_draws_1000,0.09754504278515326,0.09467223498798932,0.10046558713313541,93968,parameter_draws_1000,False
D,26,0.0008040865813500344,0.0007542125767142924,0.0008555284892606868,93968,parameter_draws_1000,0.0983491293665033,0.09543382797299058,0.10131380114193367,93968,parameter_draws_1000,False
D,27,0.0007474060755901563,0.0007010072962097084,0.0007954280143803765,93968,parameter_draws_1000,0.09909653544209344,0.09615242041908112,0.1020750938130087,93968,parameter_draws_1000,False
D,28,0.000694721009883266,0.0006511785817857355,0.0007394622523043837,93968,parameter_draws_1000,0.09979125645197671,0.09681447862076949,0.10278862490123514,93968,parameter_draws_1000,False
D,29,0.0006457497434605835,0.0006050580009635421,0.0006872387934486956,93968,parameter_draws_1000,0.1004370061954373,0.09742934158332099,0.1034712964407422,93968,parameter_draws_1000,False
D,30,0.0006002304885661608,0.000562203974805798,0.0006384870803738053,93968,parameter_draws_1000,0.10103723668400347,0.09800037367239586,0.10408936239744754,93968,parameter_draws_1000,False
E,1,0.009323020049290594,0.009156043922656228,0.009498520683657316,62065,parameter_draws_1000,0.009323020049290594,0.009156043922656228,0.009498520683657316,62065,parameter_draws_1000,False
E,2,0.016402475010898084,0.015860063070288602,0.017012233517318395,62065,parameter_draws_1000,0.025725495060188678,0.025156137966325844,0.026348704102441216,62065,parameter_draws_1000,False
E,3,0.01891605674722068,0.018266756166227957,0.019562918411866366,62065,parameter_draws_1000,0.04464155180740936,0.04354622480049262,0.045745381245527586,62065,parameter_draws_1000,False
E,4,0.014672240491409815,0.014171075408705193,0.015165351498520645,62065,parameter_draws_1000,0.05931379229881918,0.05787751773820311,0.060750281552297676,62065,parameter_draws_1000,False
E,5,0.013776739484524821,0.013317181108244956,0.014223723196975738,62065,parameter_draws_1000,0.073090531783344,0.07126009185420201,0.0749129253042865,62065,parameter_draws_1000,False
E,6,0.008109589620604625,0.007816821190042044,0.008405037244956715,62065,parameter_draws_1000,0.08120012140394862,0.07909770848055087,0.0832844221093429,62065,parameter_draws_1000,False
E,7,0.007022349681903153,0.006768554860976178,0.007279031911119026,62065,parameter_draws_1000,0.08822247108585178,0.08586603086998532,0.09055981712548926,62065,parameter_draws_1000,False
E,8,0.006360938322076086,0.006136550586233269,0.006590974290725129,62065,parameter_draws_1000,0.09458340940792787,0.09207422634715376,0.09708071956002777,62065,parameter_draws_1000,False
E,9,0.005761823060666856,0.005558218304106863,0.00596710748642836,62065,parameter_draws_1000,0.10034523246859473,0.09767116369751751,0.10302637043972998,62065,parameter_draws_1000,False
E,10,0.0052191364389140935,0.005036175600711138,0.005405126400958839,62065,parameter_draws_1000,0.10556436890750882,0.10275870284538005,0.10839438608978152,62065,parameter_draws_1000,False
E,11,0.003560281808922409,0.0033361765849332843,0.0038034065746143726,62065,parameter_draws_1000,0.10912465071643124,0.10619392471929663,0.11206657369384765,62065,parameter_draws_1000,False
E,12,0.003321326970440302,0.0031125121331064005,0.0035456854528020973,62065,parameter_draws_1000,0.11244597768687153,0.10947535885630763,0.11554297656160571,62065,parameter_draws_1000,False
E,13,0.0030984100238719524,0.002902624461811353,0.0033028470362168084,62065,parameter_draws_1000,0.11554438771074349,0.11257316442532286,0.11876048275762006,62065,parameter_draws_1000,False
E,14,0.0028904545567091573,0.00270768473001781,0.0030792789276361484,62065,parameter_draws_1000,0.11843484226745264,0.11534980743314398,0.12173072363045737,62065,parameter_draws_1000,False
E,15,0.0026964564018419294,0.0025280925069820085,0.002870637959647206,62065,parameter_draws_1000,0.12113129866929458,0.11796224859634445,0.12454495026029042,62065,parameter_draws_1000,False
E,16,0.0025154787886761893,0.002358481226082361,0.002675635179008255,62065,parameter_draws_1000,0.12364677745797077,0.12041198421205405,0.12718611431082288,62065,parameter_draws_1000,False
E,17,0.0023466478196930867,0.0022009516218887766,0.002493791807223675,62065,parameter_draws_1000,0.12599342527766386,0.12271330710064997,0.12966409984039,62065,parameter_draws_1000,False
E,18,0.002189148250607327,0.0020552948179023835,0.0023260282089798737,62065,parameter_draws_1000,0.12818257352827117,0.1248234483524211,0.1319499848157985,62065,parameter_draws_1000,False
E,19,0.002042219553747909,0.0019201224365187606,0.0021674592153811847,62065,parameter_draws_1000,0.1302247930820191,0.1267927122601231,0.13405724888085307,62065,parameter_draws_1000,False
E,20,0.0019051522456522798,0.0017918509166592778,0.0020192724629609876,62065,parameter_draws_1000,0.13212994532767136,0.12866199887737717,0.13605647805202864,62065,parameter_draws_1000,False
E,21,0.0017772844611407355,0.0016721037781243838,0.0018824508291187406,62065,parameter_draws_1000,0.1339072297888121,0.13037201819924657,0.13792849564532744,62065,parameter_draws_1000,False
E,22,0.0016579987573280967,0.0015603720990004226,0.0017555079640922176,62065,parameter_draws_1000,0.13556522854614017,0.13195568203684516,0.13968108709151447,62065,parameter_draws_1000,False
E,23,0.0015467191321400045,0.0014546153531256746,0.0016384200472866865,62065,parameter_draws_1000,0.13711194767828017,0.1334351874388001,0.14130763767220733,62065,parameter_draws_1000,False
E,24,0.001442908242936949,0.0013571903018237792,0.001528319182358904,62065,parameter_draws_1000,0.1385548559212171,0.13481750327877517,0.14287150955537284,62065,parameter_draws_1000,False
E,25,0.001346064811815451,0.0012664919413541682,0.001424981376081573,62065,parameter_draws_1000,0.13990092073303256,0.136126974212273,0.1442552615184766,62065,parameter_draws_1000,False
E,26,0.001255721205057209,0.0011821356974858774,0.0013288204939456033,62065,parameter_draws_1000,0.14115664193808977,0.13731503603309952,0.14554752422825606,62065,parameter_draws_1000,False
E,27,0.0011714411750379503,0.0011028147035811015,0.0012391770636475685,62065,parameter_draws_1000,0.14232808311312772,0.1384420543956836,0.14678116743404687,62065,parameter_draws_1000,False
E,28,0.0010928177536922096,0.0010287540041772087,0.0011558916799017998,62065,parameter_draws_1000,0.14342090086681994,0.13949494840598164,0.14792736908341017,62065,parameter_draws_1000,False
E,29,0.0010194712873620802,0.0009602486165036912,0.0010781961550985623,62065,parameter_draws_1000,0.144440372154182,0.14047859329453952,0.14901292101630717,62065,parameter_draws_1000,False
E,30,0.0009510476035406911,0.0008963307994693903,0.001005737592416535,62065,parameter_draws_1000,0.1453914197577227,0.14139845297589973,0.14998962564063928,62065,parameter_draws_1000,False
F,1,0.011812363085370318,0.011552824274077585,0.012063945156886765,28766,parameter_draws_1000,0.011812363085370318,0.011552824274077585,0.012063945156886765,28766,parameter_draws_1000,False
F,2,0.02205950434918134,0.021222571093215858,0.02294108749727479,28766,parameter_draws_1000,0.03387186743455166,0.033004008956925894,0.03480378686612383,28766,parameter_draws_1000,False
F,3,0.025529079257258534,0.024629468184085766,0.02646516849354026,28766,parameter_draws_1000,0.05940094669181019,0.05780056858534498,0.06108645011561434,28766,parameter_draws_1000,False
F,4,0.01991726106038576,0.019164618577411446,0.020669504298612806,28766,parameter_draws_1000,0.07931820775219595,0.0770183667847398,0.08162151794651472,28766,parameter_draws_1000,False
F,5,0.018742432441348555,0.018054689436759683,0.019417830036928752,28766,parameter_draws_1000,0.0980606401935445,0.0951312450523342,0.10100250315200067,28766,parameter_draws_1000,False
F,6,0.011126171588111383,0.0106934139775926,0.011562138932959737,28766,parameter_draws_1000,0.10918681178165589,0.10588057178875122,0.11239097085970784,28766,parameter_draws_1000,False
F,7,0.009701375132289627,0.00932655249522718,0.010075254694818484,28766,parameter_draws_1000,0.11888818691394551,0.11516954738725713,0.12241809775937192,28766,parameter_draws_1000,False
F,8,0.008835847460937147,0.008498970912755067,0.009173141214927712,28766,parameter_draws_1000,0.12772403437488267,0.12370504587134556,0.13155615010514263,28766,parameter_draws_1000,False
F,9,0.008047539579527998,0.007745024821957331,0.0083526809456968,28766,parameter_draws_1000,0.13577157395441067,0.13153370769023948,0.13989269015977598,28766,parameter_draws_1000,False
F,10,0.0073295621693768775,0.007057945478606433,0.007602237307128565,28766,parameter_draws_1000,0.14310113612378755,0.138576119501178,0.1474966608340386,28766,parameter_draws_1000,False
F,11,0.005022326226482405,0.004693594784974005,0.005367737561028659,28766,parameter_draws_1000,0.14812346235026996,0.1434743433851362,0.15266526014361154,28766,parameter_draws_1000,False
F,12,0.004702040910437776,0.004398553422580818,0.005020549336479127,28766,parameter_draws_1000,0.15282550326070773,0.14801131356278052,0.15751933384495712,28766,parameter_draws_1000,False
F,13,0.004402180927007521,0.004121670623842111,0.004696593738383474,28766,parameter_draws_1000,0.15722768418771527,0.15220338719642565,0.16208888881298433,28766,parameter_draws_1000,False
F,14,0.004121443705666213,0.003855244801376617,0.004390618849326815,28766,parameter_draws_1000,0.1613491278933815,0.15615281697492375,0.16641151889341527,28766,parameter_draws_1000,False
F,15,0.0038586097438122456,0.0036091997867858145,0.004104561765402997,28766,parameter_draws_1000,0.16520773763719374,0.15980436404745393,0.17032082604992121,28766,parameter_draws_1000,False
F,16,0.00361253730933493,0.00338287903985643,0.003838898909592118,28766,parameter_draws_1000,0.16882027494652865,0.16330958007446902,0.17407981699800207,28766,parameter_draws_1000,False
F,17,0.0033821574810110866,0.003171201244745668,0.0035930686050701754,28766,parameter_draws_1000,0.17220243242753974,0.16663721674380322,0.17767201572392424,28766,parameter_draws_1000,False
F,18,0.003166469505186974,0.0029743927020812284,0.0033616808921592615,28766,parameter_draws_1000,0.17536890193272672,0.16972346609090191,0.18095751040557692,28766,parameter_draws_1000,False
F,19,0.0029645364485753147,0.002786197475400721,0.003144894295246086,28766,parameter_draws_1000,0.17833343838130203,0.172554451261572,0.1840622549150814,28766,parameter_draws_1000,False
F,20,0.0027754811282834687,0.0026097415428978196,0.0029418410490717403,28766,parameter_draws_1000,0.1811089195095855,0.17525036260736565,0.18697470733566723,28766,parameter_draws_1000,False
F,21,0.0025984823013930876,0.0024441634194460535,0.0027537973159753844,28766,parameter_draws_1000,0.18370740181097858,0.17775395907737168,0.18971593103570758,28766,parameter_draws_1000,False
F,22,0.0024327710975390587,0.002286550925813452,0.0025775002027019983,28766,parameter_draws_1000,0.18614017290851764,0.1800827530310254,0.19226986680160507,28766,parameter_draws_1000,False
F,23,0.0022776276789911016,0.0021410351903960252,0.002410821461952427,28766,parameter_draws_1000,0.18841780058750873,0.18222359004463884,0.1946017550525679,28766,parameter_draws_1000,False
F,24,0.002132378113729669,0.002004940892789048,0.0022546589555588106,28766,parameter_draws_1000,0.19055017870123842,0.18425996869094996,0.1967868792064619,28766,parameter_draws_1000,False
F,25,0.0019963914479329894,0.0018772075090463156,0.00210944912096308,28766,parameter_draws_1000,0.1925465701491714,0.18623730124890153,0.19884645421520133,28766,parameter_draws_1000,False
F,26,0.0018690769651583707,0.0017577627673812865,0.0019743034457828644,28766,parameter_draws_1000,0.19441564711432976,0.1880911459427981,0.20077358374980794,28766,parameter_draws_1000,False
F,27,0.0017498816203118113,0.0016476161373142446,0.0018483757689198692,28766,parameter_draws_1000,0.19616552873464158,0.1897825069155803,0.20259579890794085,28766,parameter_draws_1000,False
F,28,0.0016382876372593004,0.0015427564413541268,0.001730742481307961,28766,parameter_draws_1000,0.19780381637190086,0.19136715499383763,0.20430032890910135,28766,parameter_draws_1000,False
F,29,0.0015338102596439648,0.0014452578960372122,0.0016211075797316807,28766,parameter_draws_1000,0.19933762663154483,0.19285159658077117,0.2058944438891976,28766,parameter_draws_1000,False
F,30,0.0014359956451387985,0.001353969770644206,0.00151703710489737,28766,parameter_draws_1000,0.20077362227668363,0.1942193465930896,0.20739419464707967,28766,parameter_draws_1000,False
G,1,0.015454032431923111,0.015108597620292463,0.01581704269027584,16054,parameter_draws_1000,0.015454032431923111,0.015108597620292463,0.01581704269027584,16054,parameter_draws_1000,False
G,2,0.03144619128815946,0.03021407047580926,0.03273616992899186,16054,parameter_draws_1000,0.04690022372008257,0.04557302506418412,0.04820359264729568,16054,parameter_draws_1000,False
G,3,0.036258554024729564,0.03479827338166289,0.03768405176819956,16054,parameter_draws_1000,0.08315877774481213,0.08072544514229169,0.08579722599342458,16054,parameter_draws_1000,False
G,4,0.028278784876643873,0.0272418757281019,0.029423691588585276,16054,parameter_draws_1000,0.111437562621456,0.1080737049432826,0.11496760952387404,16054,parameter_draws_1000,False
G,5,0.026484678840440767,0.025573647500500358,0.027496931615206954,16054,parameter_draws_1000,0.13792224146189677,0.13373552667780067,0.14236991803652463,16054,parameter_draws_1000,False
G,6,0.015795234513077506,0.015165958827415976,0.016437174772005944,16054,parameter_draws_1000,0.1537174759749743,0.1490571678311929,0.15870866337112483,16054,parameter_draws_1000,False
G,7,0.013813704515118364,0.013242925644825595,0.014365170676642136,16054,parameter_draws_1000,0.16753118049009266,0.16240348158969617,0.17306950873008975,16054,parameter_draws_1000,False
G,8,0.012595637540873523,0.012074191301690589,0.013093487728924146,16054,parameter_draws_1000,0.1801268180309662,0.1745637179903964,0.18611544466783309,16054,parameter_draws_1000,False
G,9,0.011484977464765397,0.011020257062726456,0.011934514121568244,16054,parameter_draws_1000,0.1916117954957316,0.18565765925594602,0.19791972999048227,16054,parameter_draws_1000,False
G,10,0.010472253344710108,0.010056879262509573,0.010866918830215958,16054,parameter_draws_1000,0.2020840488404417,0.1957867669141264,0.2088356324864983,16054,parameter_draws_1000,False
G,11,0.007181123449285834,0.0067092574049081866,0.007689805088881436,16054,parameter_draws_1000,0.20926517228972755,0.202788021069608,0.2161643215526108,16054,parameter_draws_1000,False
G,12,0.006725899688592774,0.006296119898636661,0.007193824276542893,16054,parameter_draws_1000,0.21599107197832032,0.20930071733660954,0.2230876804950231,16054,parameter_draws_1000,False
G,13,0.0062995333446762124,0.00590166850269141,0.006733724570159261,16054,parameter_draws_1000,0.22229060532299652,0.21540634196360908,0.22953224913516848,16054,parameter_draws_1000,False
G,14,0.005900195096277205,0.005531929493561005,0.006298309379542735,16054,parameter_draws_1000,0.22819080041927373,0.22099456302382975,0.23560836031561902,16054,parameter_draws_1000,False
G,15,0.005526171585956244,0.005185354637346757,0.005892794490487266,16054,parameter_draws_1000,0.23371697200522998,0.22637641490229543,0.2413794116551317,16054,parameter_draws_1000,False
G,16,0.005175858068947381,0.004859963374735394,0.005514747231591532,16054,parameter_draws_1000,0.23889283007417736,0.2312894050839114,0.24682255748074347,16054,parameter_draws_1000,False
G,17,0.004847751528014143,0.004555043303851541,0.005160143356151459,16054,parameter_draws_1000,0.2437405816021915,0.23587444670853785,0.25187870655649486,16054,parameter_draws_1000,False
G,18,0.0045404442247665424,0.004270364556836097,0.004827809262672153,16054,parameter_draws_1000,0.24828102582695805,0.24025235406584206,0.2566827339441116,16054,parameter_draws_1000,False
G,19,0.0042526176597712205,0.004002159493714293,0.004517998458446232,16054,parameter_draws_1000,0.25253364348672924,0.244296513995081,0.26119127151758037,16054,parameter_draws_1000,False
G,20,0.003983036915540552,0.0037535614820285237,0.004227907804197265,16054,parameter_draws_1000,0.25651668040226977,0.248091162742907,0.2653569328906851,16054,parameter_draws_1000,False
G,21,0.003730545358129437,0.0035209418372856133,0.003956167644519708,16054,parameter_draws_1000,0.2602472257603992,0.251650395898765,0.2693517356873011,16054,parameter_draws_1000,False
G,22,0.0034940596746069505,0.0032997622132557346,0.003707855312049683,16054,parameter_draws_1000,0.2637412854350062,0.2549927248048359,0.2730558730358266,16054,parameter_draws_1000,False
G,23,0.0032725652251112064,0.003094701081445404,0.003469101940544024,16054,parameter_draws_1000,0.2670138506601174,0.25815748562216795,0.276418986043597,16054,parameter_draws_1000,False
G,24,0.0030651116895454565,0.0028995461392277186,0.0032476130907171143,16054,parameter_draws_1000,0.27007896234966283,0.261084601680534,0.27957058934818135,16054,parameter_draws_1000,False
G,25,0.0028708089902376045,0.002716092603427209,0.0030399950531064036,16054,parameter_draws_1000,0.27294977133990045,0.26383754737451975,0.282513252920421,16054,parameter_draws_1000,False
G,26,0.0026888234730693445,0.002544713380856807,0.002842214392340533,16054,parameter_draws_1000,0.2756385948129698,0.2664299920961372,0.285262325856901,16054,parameter_draws_1000,False
G,27,0.00251837433069008,0.0023852416196379314,0.002658019767298014,16054,parameter_draws_1000,0.2781569691436599,0.2688632576956928,0.2879119809211949,16054,parameter_draws_1000,False
G,28,0.0023587302524694744,0.002233518496462454,0.002491108777342551,16054,parameter_draws_1000,0.28051569939612936,0.2711221207139055,0.2903902588674186,16054,parameter_draws_1000,False
G,29,0.002209206286815266,0.0020926985866920418,0.0023353850989511348,16054,parameter_draws_1000,0.2827249056829446,0.2732049054111459,0.2927063698779,16054,parameter_draws_1000,False
G,30,0.0020691609023941403,0.0019599797707558876,0.0021866314425846006,16054,parameter_draws_1000,0.28479406658533873,0.27522915523943664,0.2948625509471679,16054,parameter_draws_1000,False
