reporting_date,reason,n_loans,share_of_stage2,share_of_stage2_lo,share_of_stage2_hi,share_of_stage2_n,share_of_stage2_method,synthetic
1999-03-01,dpd30_backstop,17,0.9444444444444444,0.7424269921812741,0.990124809021697,18,wilson_95,False
1999-06-01,dpd30_backstop,98,0.532608695652174,0.4605882494066694,0.603295411183162,184,wilson_95,False
1999-06-01,pd_deterioration,86,0.4673913043478261,0.39670458881683807,0.5394117505933307,184,wilson_95,False
1999-09-01,dpd30_backstop,176,0.3499005964214712,0.3095010334845077,0.392575429732722,503,wilson_95,False
1999-09-01,pd_deterioration,327,0.6500994035785288,0.6074245702672779,0.6904989665154923,503,wilson_95,False
1999-12-01,dpd30_backstop,305,0.31573498964803315,0.2872026881417222,0.34572700695206354,966,wilson_95,False
1999-12-01,pd_deterioration,658,0.6811594202898551,0.6511033009356854,0.7097804257979524,966,wilson_95,False
2000-03-01,dpd30_backstop,349,0.2234314980793854,0.20346708615146394,0.24475291394310664,1562,wilson_95,False
2000-03-01,pd_deterioration,1206,0.7720870678617158,0.7506314108842758,0.7922077093930564,1562,wilson_95,False
2000-06-01,cure_probation,14,0.006340579710144928,0.0037807326940011493,0.01061517199153237,2208,wilson_95,False
2000-06-01,dpd30_backstop,566,0.2563405797101449,0.2385632213627918,0.2749642985645632,2208,wilson_95,False
2000-06-01,pd_deterioration,1628,0.7373188405797102,0.7185614551077024,0.7552518897957661,2208,wilson_95,False
2000-09-01,dpd30_backstop,834,0.2839632277834525,0.26794585652088493,0.300544992860407,2937,wilson_95,False
2000-09-01,pd_deterioration,2094,0.7129724208375894,0.696342134674052,0.7290463187727595,2937,wilson_95,False
2000-12-01,cure_probation,13,0.0033827738745771533,0.0019780246511627944,0.005779367781080168,3843,wilson_95,False
2000-12-01,dpd30_backstop,1271,0.3307311995836586,0.31603191196603553,0.3457685511081977,3843,wilson_95,False
2000-12-01,pd_deterioration,2559,0.6658860265417642,0.6508140664838244,0.6806266787739408,3843,wilson_95,False
2001-03-01,cure_probation,23,0.005014170481796381,0.0033436036778165166,0.0075131116471987575,4587,wilson_95,False
2001-03-01,dpd30_backstop,1167,0.2544146500981033,0.24201988915942318,0.2672204058476808,4587,wilson_95,False
2001-03-01,pd_deterioration,3397,0.7405711794201003,0.7276890037678263,0.7530507516335592,4587,wilson_95,False
2001-06-01,cure_probation,39,0.007454128440366973,0.005457789709766945,0.01017321429682264,5232,wilson_95,False
2001-06-01,dpd30_backstop,1535,0.2933868501529052,0.2812045843543504,0.30587229392703236,5232,wilson_95,False
2001-06-01,pd_deterioration,3658,0.6991590214067278,0.6865894756748481,0.7114363271288513,5232,wilson_95,False
2001-09-01,cure_probation,67,0.011283260357022566,0.008895101268692716,0.01430333978295597,5938,wilson_95,False
2001-09-01,dpd30_backstop,1902,0.3203098686426406,0.30856155149330955,0.33229052865903674,5938,wilson_95,False
2001-09-01,pd_deterioration,3969,0.6684068710003368,0.6563270409476605,0.6802689476630739,5938,wilson_95,False
2001-12-01,cure_probation,76,0.011762885002321623,0.009408846148278829,0.014697152399924154,6461,wilson_95,False
2001-12-01,dpd30_backstop,2013,0.31156167775886084,0.30038362053408846,0.3229636780021096,6461,wilson_95,False
2001-12-01,pd_deterioration,4372,0.6766754372388175,0.6651680331919906,0.6879728774617505,6461,wilson_95,False
2002-03-01,cure_probation,103,0.015446910617876425,0.012753639158877438,0.018698166180901338,6668,wilson_95,False
2002-03-01,dpd30_backstop,1700,0.2549490101979604,0.24463124204348546,0.26554896529950384,6668,wilson_95,False
2002-03-01,pd_deterioration,4865,0.7296040791841631,0.7188132263517633,0.7401305328635877,6668,wilson_95,False
2002-06-01,cure_probation,114,0.01640051791109193,0.013670716528531236,0.019664544985827804,6951,wilson_95,False
2002-06-01,dpd30_backstop,1824,0.2624082865774709,0.2521991449101648,0.2728798925406649,6951,wilson_95,False
2002-06-01,pd_deterioration,5013,0.7211911955114372,0.7105297138494946,0.7316083303039109,6951,wilson_95,False
2002-09-01,cure_probation,101,0.014177428411005054,0.01168227038699001,0.01719624213463259,7124,wilson_95,False
2002-09-01,dpd30_backstop,1925,0.2702133632790567,0.2600273674466167,0.28064704023841536,7124,wilson_95,False
2002-09-01,pd_deterioration,5098,0.7156092083099382,0.7050195158643453,0.725966501115368,7124,wilson_95,False
2002-12-01,cure_probation,100,0.01410039481105471,0.011607531962603407,0.01711935828764352,7092,wilson_95,False
2002-12-01,dpd30_backstop,2152,0.30344049633389736,0.2928493774215281,0.3142444371486531,7092,wilson_95,False
2002-12-01,pd_deterioration,4840,0.6824591088550479,0.6715284886954069,0.6931921741067346,7092,wilson_95,False
2003-03-01,cure_probation,122,0.017561537354253635,0.014728771943985326,0.02092755258722385,6947,wilson_95,False
2003-03-01,dpd30_backstop,1757,0.25291492730675114,0.24283172780042378,0.26327123536765634,6947,wilson_95,False
2003-03-01,pd_deterioration,5068,0.7295235353389953,0.7189531923875269,0.7398401808886143,6947,wilson_95,False
2003-06-01,cure_probation,131,0.01943908591779196,0.016406160435978687,0.023019571348495027,6739,wilson_95,False
2003-06-01,dpd30_backstop,1852,0.2748182222881733,0.26429026301208186,0.28560275782563277,6739,wilson_95,False
2003-06-01,pd_deterioration,4756,0.7057426917940347,0.6947477387569847,0.7165032178219337,6739,wilson_95,False
2003-09-01,cure_probation,161,0.02524302289118846,0.021669678881293862,0.0293879133392604,6378,wilson_95,False
2003-09-01,dpd30_backstop,1755,0.27516462841015993,0.2643421438205958,0.28625778591661505,6378,wilson_95,False
2003-09-01,pd_deterioration,4462,0.6995923486986516,0.6882241402758432,0.7107202735627415,6378,wilson_95,False
2003-12-01,cure_probation,132,0.021032504780114723,0.017764443077047408,0.024886547489678244,6276,wilson_95,False
2003-12-01,dpd30_backstop,1761,0.2805927342256214,0.26961395528184934,0.29183994159452503,6276,wilson_95,False
2003-12-01,pd_deterioration,4383,0.6983747609942639,0.6869013004966509,0.7096055247676294,6276,wilson_95,False
2004-03-01,cure_probation,115,0.018867924528301886,0.015742870814485263,0.022599076652027664,6095,wilson_95,False
2004-03-01,dpd30_backstop,1311,0.21509433962264152,0.20496011852243928,0.22558746605577035,6095,wilson_95,False
2004-03-01,pd_deterioration,4669,0.7660377358490567,0.755244005907114,0.7764963290231671,6095,wilson_95,False
2004-06-01,cure_probation,137,0.022982721019963095,0.019474765810947446,0.027105090625945356,5961,wilson_95,False
2004-06-01,dpd30_backstop,1561,0.2618688139573897,0.2508638668714126,0.27318048206903733,5961,wilson_95,False
2004-06-01,pd_deterioration,4263,0.7151484650226472,0.7035550981254617,0.7264647134165412,5961,wilson_95,False
2004-09-01,cure_probation,138,0.02303839732888147,0.019533753744631992,0.02715441122324051,5990,wilson_95,False
2004-09-01,dpd30_backstop,1660,0.27712854757929883,0.26593952769134005,0.28860324452850933,5990,wilson_95,False
2004-09-01,pd_deterioration,4192,0.6998330550918197,0.6881011727250202,0.7113087910598789,5990,wilson_95,False
2004-12-01,cure_probation,117,0.01880122127591194,0.015711507022003496,0.02248465717995759,6223,wilson_95,False
2004-12-01,dpd30_backstop,1684,0.2706090310139804,0.25971481254474454,0.2817862809260518,6223,wilson_95,False
2004-12-01,pd_deterioration,4422,0.7105897477101076,0.6991953936306937,0.7217242680201094,6223,wilson_95,False
2005-03-01,cure_probation,148,0.023049369257125057,0.019654180841096634,0.027014902083749768,6421,wilson_95,False
2005-03-01,dpd30_backstop,1333,0.20760006229559258,0.19785583509063484,0.21769394554329138,6421,wilson_95,False
2005-03-01,pd_deterioration,4940,0.7693505684472823,0.7588878361794377,0.7794912074390042,6421,wilson_95,False
2005-06-01,cure_probation,141,0.021510297482837528,0.018268337463164506,0.025312752370357645,6555,wilson_95,False
2005-06-01,dpd30_backstop,1623,0.24759725400457666,0.23729845665833452,0.25819171172348043,6555,wilson_95,False
2005-06-01,pd_deterioration,4791,0.7308924485125858,0.7200232888420363,0.7414911446146716,6555,wilson_95,False
2005-09-01,cure_probation,109,0.015544780376497433,0.012903244779820836,0.018716833883984072,7012,wilson_95,False
2005-09-01,dpd30_backstop,2066,0.29463776383342843,0.2840822170071949,0.3054181990292724,7012,wilson_95,False
2005-09-01,pd_deterioration,4837,0.6898174557900741,0.6788891189566363,0.7005379270541013,7012,wilson_95,False
2005-12-01,cure_probation,112,0.01523602230988981,0.012678399935796392,0.01830003244733035,7351,wilson_95,False
2005-12-01,dpd30_backstop,2079,0.2828186641273296,0.27263875842718893,0.29322543893486,7351,wilson_95,False
2005-12-01,pd_deterioration,5160,0.7019453135627806,0.69138582092386,0.7122938527473196,7351,wilson_95,False
2006-03-01,cure_probation,139,0.018637704478412443,0.015806956678210075,0.021964076166172776,7458,wilson_95,False
2006-03-01,dpd30_backstop,1591,0.21332796996513811,0.20417945723407582,0.22277164812004413,7458,wilson_95,False
2006-03-01,pd_deterioration,5728,0.7680343255564495,0.7583183928866002,0.7774742826967087,7458,wilson_95,False
2006-06-01,cure_probation,203,0.025483304042179262,0.022244710774894816,0.029179330837262776,7966,wilson_95,False
2006-06-01,dpd30_backstop,1814,0.22771780065277428,0.21864128304698088,0.23705679797332851,7966,wilson_95,False
2006-06-01,pd_deterioration,5949,0.7467988953050464,0.7371323960363407,0.7562274807336322,7966,wilson_95,False
2006-09-01,cure_probation,190,0.022765396597172298,0.019778195801738483,0.02619171401196314,8346,wilson_95,False
2006-09-01,dpd30_backstop,2244,0.26887131560028754,0.2594671074578509,0.2784881915706779,8346,wilson_95,False
2006-09-01,pd_deterioration,5912,0.7083632878025401,0.6985180004709398,0.7180168543706299,8346,wilson_95,False
2006-12-01,cure_probation,152,0.017349617623558956,0.014819471957234934,0.02030283576127959,8761,wilson_95,False
2006-12-01,dpd30_backstop,2761,0.3151466727542518,0.30550142141594067,0.32495395929829235,8761,wilson_95,False
2006-12-01,pd_deterioration,5848,0.6675037096221893,0.6575673119047631,0.6772932801309659,8761,wilson_95,False
2007-03-01,cure_probation,211,0.023268636965152183,0.020361721170749015,0.026579295242918768,9068,wilson_95,False
2007-03-01,dpd30_backstop,2142,0.23621526246140273,0.22758567653614006,0.24506824695715004,9068,wilson_95,False
2007-03-01,pd_deterioration,6715,0.7405161005734451,0.7313933411184458,0.7494351676027641,9068,wilson_95,False
2007-06-01,cure_probation,227,0.023985629754860523,0.021090766089172753,0.027266767231597742,9464,wilson_95,False
2007-06-01,dpd30_backstop,2603,0.2750422654268808,0.26613854219539534,0.28412853625963697,9464,wilson_95,False
2007-06-01,pd_deterioration,6634,0.7009721048182587,0.6916681237361076,0.7101130020405616,9464,wilson_95,False
2007-09-01,cure_probation,187,0.0182956657861266,0.01587267322809925,0.02108060965089742,10221,wilson_95,False
2007-09-01,dpd30_backstop,3412,0.33382252225809605,0.3247441861989928,0.34302572361515893,10221,wilson_95,False
2007-09-01,pd_deterioration,6622,0.6478818119557773,0.6385681982441443,0.6570843076822083,10221,wilson_95,False
2007-12-01,cure_probation,209,0.019043280182232347,0.016649415937265995,0.0217737146273689,10975,wilson_95,False
2007-12-01,dpd30_backstop,3553,0.3237357630979499,0.31504489609897407,0.3325499785959745,10975,wilson_95,False
2007-12-01,pd_deterioration,7213,0.6572209567198177,0.6482874169375432,0.6660444743593634,10975,wilson_95,False
2008-03-01,cure_probation,241,0.008139417069134385,0.007177871678806857,0.00922857346075532,29609,wilson_95,False
2008-03-01,dpd30_backstop,3051,0.10304299368435273,0.09963149899330317,0.1065574770734283,29609,wilson_95,False
2008-03-01,pd_deterioration,26317,0.8888175892465129,0.8851863883761448,0.8923479131537615,29609,wilson_95,False
2008-06-01,cure_probation,302,0.0061809250920998775,0.0055237435991570116,0.0069157503225999156,48860,wilson_95,False
2008-06-01,dpd30_backstop,3572,0.07310683585755219,0.07083208687054299,0.0754487057446761,48860,wilson_95,False
2008-06-01,pd_deterioration,44986,0.9207122390503479,0.9182833085287586,0.9230750205057393,48860,wilson_95,False
2008-09-01,cure_probation,281,0.005768480693038819,0.005133838304883662,0.00648106614862012,48713,wilson_95,False
2008-09-01,dpd30_backstop,4417,0.09067394740623652,0.08815619913551427,0.09325624867868017,48713,wilson_95,False
2008-09-01,pd_deterioration,44015,0.9035575719007246,0.9009042342739838,0.9061472662473261,48713,wilson_95,False
2008-12-01,cure_probation,251,0.0048367826723706014,0.004275413942614269,0.0054714549945468925,51894,wilson_95,False
2008-12-01,dpd30_backstop,5500,0.10598527768142753,0.10336597356804017,0.10866291143967052,51894,wilson_95,False
2008-12-01,pd_deterioration,46143,0.8891779396462018,0.8864482509263159,0.8918500147549222,51894,wilson_95,False
2009-03-01,cure_probation,387,0.008170935118130185,0.007399132551531934,0.009022512524737843,47363,wilson_95,False
2009-03-01,dpd30_backstop,4770,0.10071152587462788,0.09803352328053669,0.10345429319373303,47363,wilson_95,False
2009-03-01,pd_deterioration,42206,0.8911175390072419,0.8882804819113188,0.8938911567065797,47363,wilson_95,False
2009-06-01,cure_probation,504,0.011206724034420652,0.010274726780225313,0.012222216668929572,44973,wilson_95,False
2009-06-01,dpd30_backstop,5539,0.12316278656082538,0.12015774519767575,0.12623219903544386,44973,wilson_95,False
2009-06-01,pd_deterioration,38930,0.865630489404754,0.862447222103697,0.8687512999203595,44973,wilson_95,False
2009-09-01,cure_probation,441,0.015285432047416034,0.013932917577288106,0.016767007081279012,28851,wilson_95,False
2009-09-01,dpd30_backstop,6918,0.23978371633565562,0.234891979031068,0.24474473907642197,28851,wilson_95,False
2009-09-01,pd_deterioration,21492,0.7449308516169284,0.7398686279749767,0.7499278597364352,28851,wilson_95,False
2009-12-01,cure_probation,440,0.02737850787132101,0.024966306281726074,0.03001659734969398,16071,wilson_95,False
2009-12-01,dpd30_backstop,6820,0.4243668720054757,0.4167444849471626,0.43202540766872705,16071,wilson_95,False
2009-12-01,pd_deterioration,8811,0.5482546201232033,0.5405497784299581,0.555936398679361,16071,wilson_95,False
2010-03-01,cure_probation,768,0.04725572237263106,0.04409914672272078,0.05062627630268343,16252,wilson_95,False
2010-03-01,dpd30_backstop,5269,0.3242062515382722,0.3170521711754953,0.3314434164276006,16252,wilson_95,False
2010-03-01,pd_deterioration,10215,0.6285380260890967,0.621079684134956,0.6359356177541349,16252,wilson_95,False
2010-06-01,cure_probation,1355,0.0801775147928994,0.07617794276473673,0.08436789916307953,16900,wilson_95,False
2010-06-01,dpd30_backstop,5619,0.3324852071005917,0.32542131521159523,0.3396252356689754,16900,wilson_95,False
2010-06-01,pd_deterioration,9926,0.5873372781065089,0.5798958167691439,0.5947390440221942,16900,wilson_95,False
2010-09-01,cure_probation,1701,0.09843180371506279,0.09407913665927746,0.10296296331802061,17281,wilson_95,False
2010-09-01,dpd30_backstop,5788,0.3349343209305017,0.3279348834120854,0.3420071282869191,17281,wilson_95,False
2010-09-01,pd_deterioration,9792,0.5666338753544355,0.5592316085866561,0.5740065241139912,17281,wilson_95,False
2010-12-01,cure_probation,1631,0.08405916610833376,0.08023674674680918,0.08804625106870197,19403,wilson_95,False
2010-12-01,dpd30_backstop,5630,0.29016131526052674,0.28381757893905857,0.2965881240044832,19403,wilson_95,False
2010-12-01,pd_deterioration,12142,0.6257795186311396,0.6189461751141109,0.6325630676628232,19403,wilson_95,False
2011-03-01,cure_probation,1441,0.05585054842835549,0.05311412280833661,0.058719211390825705,25801,wilson_95,False
2011-03-01,dpd30_backstop,4634,0.17960544164954848,0.17496941508323458,0.1843368598116016,25801,wilson_95,False
2011-03-01,pd_deterioration,19726,0.764544009922096,0.7593277712637594,0.7696814854597991,25801,wilson_95,False
2011-06-01,cure_probation,1481,0.051160701948321126,0.04868165689244532,0.05375885498446321,28948,wilson_95,False
2011-06-01,dpd30_backstop,4913,0.16971811524112201,0.16543770458236043,0.17408617243258015,28948,wilson_95,False
2011-06-01,pd_deterioration,22554,0.7791211828105569,0.7743055268706993,0.7838627686757165,28948,wilson_95,False
2011-09-01,cure_probation,1389,0.08132794660108905,0.0773221050745579,0.08552208367041784,17079,wilson_95,False
2011-09-01,dpd30_backstop,5225,0.305931260612448,0.2990647132421319,0.31288508937240156,17079,wilson_95,False
2011-09-01,pd_deterioration,10465,0.6127407927864629,0.6054106136746441,0.6200202673227054,17079,wilson_95,False
2011-12-01,cure_probation,1115,0.06824580732035745,0.06447975010038512,0.07221484851322174,16338,wilson_95,False
2011-12-01,dpd30_backstop,5223,0.31968417186926185,0.3125763109245943,0.32687680610343023,16338,wilson_95,False
2011-12-01,pd_deterioration,10000,0.6120700208103808,0.6045726975524898,0.6195146557135275,16338,wilson_95,False
2012-03-01,cure_probation,971,0.06370973033265534,0.059941119327312,0.06769821782662255,15241,wilson_95,False
2012-03-01,dpd30_backstop,4125,0.27065153205170267,0.2636563223926507,0.2777623260804042,15241,wilson_95,False
2012-03-01,pd_deterioration,10145,0.6656387376156421,0.6581080540809638,0.6730859444685351,15241,wilson_95,False
2012-06-01,cure_probation,879,0.060135458712458095,0.056395755646062515,0.06410630053058677,14617,wilson_95,False
2012-06-01,dpd30_backstop,4535,0.31025518232195387,0.3028065208393776,0.31780355036459423,14617,wilson_95,False
2012-06-01,pd_deterioration,9203,0.629609358965588,0.6217476518417411,0.6374029593369412,14617,wilson_95,False
2012-09-01,cure_probation,985,0.06830316898966785,0.0642998183287188,0.07253644877726752,14421,wilson_95,False
2012-09-01,dpd30_backstop,5118,0.35489910547118786,0.3471293092123485,0.3627461849518594,14421,wilson_95,False
2012-09-01,pd_deterioration,8318,0.5767977255391443,0.5687145879537351,0.5848399593404775,14421,wilson_95,False
2012-12-01,cure_probation,1071,0.07708918160224573,0.072769820583799,0.08164235035297682,13893,wilson_95,False
2012-12-01,dpd30_backstop,4642,0.3341250989707047,0.3263285630437692,0.34201333941964673,13893,wilson_95,False
2012-12-01,pd_deterioration,8180,0.5887857194270496,0.5805802081491112,0.5969421452079626,13893,wilson_95,False
2013-03-01,cure_probation,1016,0.0765002635343724,0.07210125890260448,0.0811441874304387,13281,wilson_95,False
2013-03-01,dpd30_backstop,4040,0.304193961298095,0.2964270883329923,0.31207407322609365,13281,wilson_95,False
2013-03-01,pd_deterioration,8225,0.6193057751675326,0.6110144264279909,0.6275281267385651,13281,wilson_95,False
2013-06-01,cure_probation,1030,0.07798304058146578,0.07353178653439767,0.08267970489572395,13208,wilson_95,False
2013-06-01,dpd30_backstop,4286,0.3245003028467595,0.31656779253038053,0.3325348693165913,13208,wilson_95,False
2013-06-01,pd_deterioration,7892,0.5975166565717747,0.5891261542627682,0.6058504512338236,13208,wilson_95,False
2013-09-01,cure_probation,1060,0.0827672366674475,0.07811950089223767,0.0876651952690249,12807,wilson_95,False
2013-09-01,dpd30_backstop,4017,0.31365659405012886,0.30567780717958076,0.32174713478520883,12807,wilson_95,False
2013-09-01,pd_deterioration,7730,0.6035761692824236,0.5950746293742152,0.6120155924919933,12807,wilson_95,False
2013-12-01,cure_probation,980,0.07700770077007701,0.072502289760705,0.08176840286130876,12726,wilson_95,False
2013-12-01,dpd30_backstop,4144,0.3256325632563256,0.3175445544019239,0.3338258091366694,12726,wilson_95,False
2013-12-01,pd_deterioration,7602,0.5973597359735974,0.5888108236890496,0.6058498881521776,12726,wilson_95,False
2014-03-01,cure_probation,987,0.0793089594214544,0.07469019285407354,0.08418735935535586,12445,wilson_95,False
2014-03-01,dpd30_backstop,3324,0.26709521896343913,0.25939461916629125,0.2749395581002604,12445,wilson_95,False
2014-03-01,pd_deterioration,8123,0.6527119325030133,0.6443011515229754,0.6610284659015265,12445,wilson_95,False
2014-06-01,assistance_plan,21,0.001653673517599811,0.0010819022973364897,0.0025268539773364014,12699,wilson_95,False
2014-06-01,cure_probation,1022,0.08047877785652413,0.0758733115891332,0.08533797845642575,12699,wilson_95,False
2014-06-01,dpd30_backstop,3620,0.28506181589101504,0.27727597195081705,0.2929776584911075,12699,wilson_95,False
2014-06-01,pd_deterioration,8028,0.6321757618710134,0.6237500451699933,0.6405215361830858,12699,wilson_95,False
2014-09-01,assistance_plan,17,0.0013414345458849523,0.0008377277252931038,0.0021473580268335504,12673,wilson_95,False
2014-09-01,cure_probation,834,0.06580920066282649,0.06162254753935618,0.07025899915754659,12673,wilson_95,False
2014-09-01,dpd30_backstop,3736,0.2947999684368342,0.28692479582402575,0.30279950443681847,12673,wilson_95,False
2014-09-01,pd_deterioration,8078,0.6374181330387438,0.6290076913417106,0.64574529119847,12673,wilson_95,False
2014-12-01,assistance_plan,20,0.00160333493666827,0.0010381917969022481,0.002475353311470821,12474,wilson_95,False
2014-12-01,cure_probation,682,0.054673721340388004,0.05081951570282759,0.058802125454806696,12474,wilson_95,False
2014-12-01,dpd30_backstop,3674,0.2945326278659612,0.28659759415466785,0.302594172953706,12474,wilson_95,False
2014-12-01,pd_deterioration,8093,0.6487894821228155,0.6403679870385004,0.657119363818643,12474,wilson_95,False
2015-03-01,assistance_plan,18,0.0014652014652014652,0.0009270440799058812,0.0023150401274785906,12285,wilson_95,False
2015-03-01,cure_probation,721,0.05868945868945869,0.054669470418713915,0.06298535193908425,12285,wilson_95,False
2015-03-01,dpd30_backstop,3054,0.2485958485958486,0.24103257262173075,0.25631630109441056,12285,wilson_95,False
2015-03-01,pd_deterioration,8486,0.6907610907610907,0.6825297072543689,0.6988732114589945,12285,wilson_95,False
2015-06-01,assistance_plan,17,0.001362943958951335,0.0008511630289733152,0.0021817727461255604,12473,wilson_95,False
2015-06-01,cure_probation,783,0.06277559528581736,0.05865197140876996,0.06716845069099717,12473,wilson_95,False
2015-06-01,dpd30_backstop,3322,0.266335284213902,0.2586505155394131,0.27416393760256386,12473,wilson_95,False
2015-06-01,pd_deterioration,8343,0.6688847911488816,0.6605748941098515,0.6770906932829861,12473,wilson_95,False
2015-09-01,assistance_plan,12,0.000959155942770362,0.0005487799144152255,0.0016758953970783083,12511,wilson_95,False
2015-09-01,cure_probation,788,0.06298457357525378,0.05886036531900574,0.06737706757369721,12511,wilson_95,False
2015-09-01,dpd30_backstop,3618,0.28918551674526416,0.28130664754896145,0.2971938059040799,12511,wilson_95,False
2015-09-01,pd_deterioration,8084,0.6461513867796339,0.6377289655862978,0.6544840849771577,12511,wilson_95,False
2015-12-01,assistance_plan,13,0.0010476267225400918,0.0006123639731870376,0.0017917156180727444,12409,wilson_95,False
2015-12-01,cure_probation,680,0.054798936255943266,0.05093065277235369,0.058942776558489354,12409,wilson_95,False
2015-12-01,dpd30_backstop,3469,0.2795551615762753,0.2717281892888709,0.2875185780085354,12409,wilson_95,False
2015-12-01,pd_deterioration,8239,0.6639535820775244,0.6555930712002803,0.6722126140248804,12409,wilson_95,False
2016-03-01,assistance_plan,14,0.0011552108259757405,0.0006882838401996575,0.001938283448406264,12119,wilson_95,False
2016-03-01,cure_probation,625,0.05157191187391699,0.04777454235445826,0.055653475167653885,12119,wilson_95,False
2016-03-01,dpd30_backstop,2898,0.2391286409769783,0.23161778725652332,0.24680482336012177,12119,wilson_95,False
2016-03-01,pd_deterioration,8576,0.7076491459691394,0.6994863977227669,0.7156802954239082,12119,wilson_95,False
2016-06-01,cure_probation,612,0.05086436170212766,0.047079723110558004,0.054935699992315075,12032,wilson_95,False
2016-06-01,dpd30_backstop,3225,0.26803523936170215,0.2601957515278464,0.2760227987830565,12032,wilson_95,False
2016-06-01,pd_deterioration,8181,0.679936835106383,0.6715450440271404,0.688213765925169,12032,wilson_95,False
2016-09-01,cure_probation,542,0.045245846898739464,0.04166740345523749,0.04911586047753555,11979,wilson_95,False
2016-09-01,dpd30_backstop,3342,0.2789882294014525,0.271028458952255,0.2870897037392579,11979,wilson_95,False
2016-09-01,pd_deterioration,8083,0.6747641706319393,0.6663202480870192,0.6830960413956317,11979,wilson_95,False
2016-12-01,assistance_plan,11,0.0009164375572773473,0.0005118160453936016,0.0016404118248020175,12003,wilson_95,False
2016-12-01,cure_probation,507,0.04223944013996501,0.03878524650156661,0.045986544840189485,12003,wilson_95,False
2016-12-01,dpd30_backstop,3611,0.300841456302591,0.2927015937552439,0.30910875608595517,12003,wilson_95,False
2016-12-01,pd_deterioration,7865,0.6552528534533033,0.6467016749934575,0.6637046889768103,12003,wilson_95,False
2017-03-01,cure_probation,513,0.04427375507033745,0.04067693159525274,0.04817265387094991,11587,wilson_95,False
2017-03-01,dpd30_backstop,2732,0.23578147924398032,0.2281407801473791,0.24359731395446343,11587,wilson_95,False
2017-03-01,pd_deterioration,8325,0.7184776042116164,0.7102173307594248,0.7265930611338254,11587,wilson_95,False
2017-06-01,cure_probation,554,0.04692529222429273,0.04325571211015881,0.050889621059429756,11806,wilson_95,False
2017-06-01,dpd30_backstop,3045,0.25791970184651875,0.2501077473074438,0.26588914224175875,11806,wilson_95,False
2017-06-01,pd_deterioration,8197,0.694307978993732,0.6859356223459483,0.7025539281698423,11806,wilson_95,False
2017-09-01,assistance_plan,11,0.00088261253309797,0.0004929226586181552,0.0015798925693649084,12463,wilson_95,False
2017-09-01,cure_probation,541,0.04340848912781834,0.03996940216941272,0.04712895890362605,12463,wilson_95,False
2017-09-01,dpd30_backstop,4119,0.33049827489368533,0.32229318617033736,0.3388078221359265,12463,wilson_95,False
2017-09-01,forbearance,46,0.003690925138409693,0.002768452786182671,0.004919256978738034,12463,wilson_95,False
2017-09-01,pd_deterioration,7746,0.6215196983069887,0.6129684594606657,0.629996048430536,12463,wilson_95,False
2017-12-01,cure_probation,442,0.033121019108280254,0.030216665898452098,0.03629408423365192,13345,wilson_95,False
2017-12-01,dpd30_backstop,4781,0.35826152116897714,0.3501681840784241,0.3664364357554374,13345,wilson_95,False
2017-12-01,forbearance,88,0.006594230048707381,0.005355893668577146,0.00811654582180708,13345,wilson_95,False
2017-12-01,pd_deterioration,8027,0.6014986886474335,0.5931640673566928,0.6097748924292096,13345,wilson_95,False
2018-03-01,assistance_plan,27,0.0020540129326740205,0.0014120788625397295,0.0029868987205303055,13145,wilson_95,False
2018-03-01,cure_probation,461,0.03507036896158235,0.03205897841165102,0.03835341964792159,13145,wilson_95,False
2018-03-01,dpd30_backstop,3419,0.2600988969189806,0.2526703978965135,0.26766757106051214,13145,wilson_95,False
2018-03-01,forbearance,61,0.004640547736782046,0.0036146282346695563,0.005955907634578098,13145,wilson_95,False
2018-03-01,pd_deterioration,9177,0.698136173449981,0.6902315022672881,0.7059250729194654,13145,wilson_95,False
2018-06-01,assistance_plan,34,0.0025814288968187683,0.0018479576787720571,0.0036049700885367104,13171,wilson_95,False
2018-06-01,cure_probation,604,0.04585832510819224,0.04241645682034108,0.049565026418635846,13171,wilson_95,False
2018-06-01,dpd30_backstop,3326,0.2525244856123301,0.24517762976619573,0.26001565697081763,13171,wilson_95,False
2018-06-01,forbearance,11,0.0008351681725001898,0.00046642236360435157,0.0014950022881809644,13171,wilson_95,False
2018-06-01,pd_deterioration,9196,0.6982005922101587,0.6903042380784535,0.7059813655334585,13171,wilson_95,False
2018-09-01,assistance_plan,24,0.001749653714369031,0.0011760883041674979,0.0026022119536032737,13717,wilson_95,False
2018-09-01,cure_probation,698,0.05088576219289932,0.04733217084935641,0.054690832843378515,13717,wilson_95,False
2018-09-01,dpd30_backstop,3947,0.2877451337756069,0.28022938225418104,0.2953797363646643,13717,wilson_95,False
2018-09-01,pd_deterioration,9039,0.6589633301742364,0.650986587158849,0.6668510624553042,13717,wilson_95,False
2018-12-01,cure_probation,646,0.04756645313305353,0.044112883292655815,0.051275897117387094,13581,wilson_95,False
2018-12-01,dpd30_backstop,3681,0.2710404241219351,0.26363026024994707,0.2785800762599445,13581,wilson_95,False
2018-12-01,forbearance,17,0.0012517487666593035,0.0007817087019275843,0.0020038562923641607,13581,wilson_95,False
2018-12-01,pd_deterioration,9231,0.6796995802960017,0.6718024248996061,0.6874951064551486,13581,wilson_95,False
2019-03-01,cure_probation,551,0.04133223314079964,0.03808321396230774,0.044845515429462066,13331,wilson_95,False
2019-03-01,dpd30_backstop,3460,0.2595454204485785,0.25217373140395744,0.26705564827799827,13331,wilson_95,False
2019-03-01,forbearance,10,0.0007501312729727703,0.0004075194266080182,0.001380387755814728,13331,wilson_95,False
2019-03-01,pd_deterioration,9306,0.69807216262846,0.6902227688929184,0.7058074363636081,13331,wilson_95,False
2019-06-01,cure_probation,512,0.03588449677600224,0.03295527476199676,0.03906356469795521,14268,wilson_95,False
2019-06-01,dpd30_backstop,4284,0.3002523128679563,0.2927858134168455,0.30782634189285907,14268,wilson_95,False
2019-06-01,pd_deterioration,9465,0.663372582001682,0.6555756296962575,0.6710815864346472,14268,wilson_95,False
2019-09-01,cure_probation,457,0.03228313082791749,0.02949599578905078,0.0353240420263399,14156,wilson_95,False
2019-09-01,dpd30_backstop,3504,0.24752755015541114,0.24048724676875716,0.2547048413073955,14156,wilson_95,False
2019-09-01,pd_deterioration,10184,0.7194122633512292,0.7119523212102211,0.7267531556883436,14156,wilson_95,False
2019-12-01,cure_probation,429,0.030145457100695664,0.027460494832317394,0.0330840122009274,14231,wilson_95,False
2019-12-01,dpd30_backstop,3727,0.2618930503829668,0.2547344234310918,0.2691801899065513,14231,wilson_95,False
2019-12-01,forbearance,13,0.0009134987000210807,0.0005339518107217263,0.001562415676546824,14231,wilson_95,False
2019-12-01,pd_deterioration,10058,0.706766917293233,0.6992323782497266,0.7141898588032424,14231,wilson_95,False
2020-03-01,cure_probation,442,0.03097624220337795,0.028257345930706505,0.03394760893986015,14269,wilson_95,False
2020-03-01,dpd30_backstop,3819,0.26764314247669774,0.260442138884181,0.27496922127620216,14269,wilson_95,False
2020-03-01,forbearance,94,0.006587707617912959,0.005386714723069811,0.008054299063441147,14269,wilson_95,False
2020-03-01,pd_deterioration,9909,0.6944424977223351,0.6868328429604729,0.701947486170885,14269,wilson_95,False
2020-06-01,cure_probation,418,0.015422077922077922,0.014022252596397465,0.016959242558666453,27104,wilson_95,False
2020-06-01,dpd30_backstop,15075,0.5561909681227863,0.5502686004232333,0.5620974101507608,27104,wilson_95,False
2020-06-01,forbearance,1821,0.06718565525383707,0.06426621946860786,0.07022775949165216,27104,wilson_95,False
2020-06-01,pd_deterioration,9787,0.36109061393152303,0.3553924728792421,0.3668281247497221,27104,wilson_95,False
2020-09-01,assistance_plan,33,0.0012304709347850404,0.0008763339790527477,0.0017274713980888583,26819,wilson_95,False
2020-09-01,cure_probation,413,0.0153995301838249,0.01399369980938349,0.016944165595170833,26819,wilson_95,False
2020-09-01,dpd30_backstop,12158,0.45333532197322796,0.44738447481003,0.4592995353891622,26819,wilson_95,False
2020-09-01,forbearance,2360,0.08799731533614229,0.08466558266254413,0.09144705872456955,26819,wilson_95,False
2020-09-01,pd_deterioration,11855,0.44203736157201984,0.4361023556404047,0.4479889698527189,26819,wilson_95,False
2020-12-01,assistance_plan,21,0.0008250825082508251,0.0005397422208134816,0.001261080544949369,25452,wilson_95,False
2020-12-01,cure_probation,422,0.01658022945151658,0.015082860451316309,0.018223501084295345,25452,wilson_95,False
2020-12-01,dpd30_backstop,10209,0.4011079679396511,0.395102002586174,0.4071437802474681,25452,wilson_95,False
2020-12-01,forbearance,1635,0.06423856671381424,0.061291747760746265,0.0673169043679492,25452,wilson_95,False
2020-12-01,pd_deterioration,13165,0.5172481533867672,0.511106999817158,0.5233841012301328,25452,wilson_95,False
2021-03-01,assistance_plan,14,0.0005831875364492211,0.0003474377800728471,0.0009787458548880686,24006,wilson_95,False
2021-03-01,cure_probation,455,0.018953594934599683,0.01730402277498087,0.020757097303134787,24006,wilson_95,False
2021-03-01,dpd30_backstop,8099,0.33737398983587435,0.33141937014851425,0.3433806482776169,24006,wilson_95,False
2021-03-01,forbearance,1359,0.05661084728817795,0.0537577928216121,0.05960578200619036,24006,wilson_95,False
2021-03-01,pd_deterioration,14079,0.5864783804048987,0.5802353822204298,0.592693706341904,24006,wilson_95,False
2021-06-01,cure_probation,476,0.022602089268755936,0.020680072247803143,0.024698234491228353,21060,wilson_95,False
2021-06-01,dpd30_backstop,6728,0.3194681861348528,0.3132042613436553,0.32579795888926666,21060,wilson_95,False
2021-06-01,forbearance,1080,0.05128205128205128,0.04838403507790725,0.05434373483295884,21060,wilson_95,False
2021-06-01,pd_deterioration,12768,0.6062678062678063,0.5996504019486882,0.6128464500025798,21060,wilson_95,False
2021-09-01,cure_probation,495,0.023043619943205623,0.02112079170157223,0.025137006417420546,21481,wilson_95,False
2021-09-01,dpd30_backstop,5359,0.24947628136492714,0.24373489557440067,0.2553072537182019,21481,wilson_95,False
2021-09-01,forbearance,624,0.029048926958707696,0.02688588522118905,0.03138037944825514,21481,wilson_95,False
2021-09-01,pd_deterioration,14995,0.6980587495926632,0.691884353668135,0.7041623202767914,21481,wilson_95,False
2021-12-01,assistance_plan,16,0.0006881128505074832,0.0004236198991453968,0.0011175610073446518,23252,wilson_95,False
2021-12-01,cure_probation,505,0.02171856184414244,0.01992250485413342,0.023672626313917904,23252,wilson_95,False
2021-12-01,dpd30_backstop,4383,0.1884999139858937,0.18352441707115805,0.19357831964767988,23252,wilson_95,False
2021-12-01,forbearance,240,0.010321692757612248,0.00910107690977642,0.011704081212643536,23252,wilson_95,False
2021-12-01,pd_deterioration,18108,0.7787717185618441,0.773390802695937,0.7840605379900348,23252,wilson_95,False
2022-03-01,assistance_plan,14,0.0005493427506376299,0.000327272855721007,0.0009219584548560784,25485,wilson_95,False
2022-03-01,cure_probation,564,0.02213066509711595,0.020395279313389497,0.024010091587805697,25485,wilson_95,False
2022-03-01,dpd30_backstop,3485,0.1367471061408672,0.13258355004053343,0.14102015494101725,25485,wilson_95,False
2022-03-01,forbearance,198,0.007769276044732196,0.006763032846004491,0.008923888800343015,25485,wilson_95,False
2022-03-01,pd_deterioration,21224,0.832803609966647,0.8281722044734123,0.8373347008680923,25485,wilson_95,False
2022-06-01,assistance_plan,14,0.00047505938242280285,0.00028301510647060443,0.0007973143397327805,29470,wilson_95,False
2022-06-01,cure_probation,680,0.02307431286053614,0.02142129053095298,0.024851654946011117,29470,wilson_95,False
2022-06-01,dpd30_backstop,3313,0.11241940956905327,0.1088633338904192,0.11607651550395175,29470,wilson_95,False
2022-06-01,forbearance,97,0.00329148286392942,0.0026991268888087215,0.004013315366033011,29470,wilson_95,False
2022-06-01,pd_deterioration,25366,0.8607397353240583,0.856739871735377,0.8646455652361201,29470,wilson_95,False
2022-09-01,cure_probation,655,0.018576290414066932,0.0172184989688515,0.020038969431320695,35260,wilson_95,False
2022-09-01,dpd30_backstop,3081,0.087379466817924,0.08447671343891704,0.0903721176511628,35260,wilson_95,False
2022-09-01,forbearance,57,0.0016165626772546796,0.0012480505052220759,0.0020936574297544166,35260,wilson_95,False
2022-09-01,pd_deterioration,31458,0.8921724333522405,0.8888922075077257,0.8953672167610471,35260,wilson_95,False
2022-12-01,assistance_plan,13,0.0002844265523126067,0.00016623496383589637,0.0004866104162465931,45706,wilson_95,False
2022-12-01,cure_probation,489,0.010698814160066511,0.00979590089265172,0.0116839692509632,45706,wilson_95,False
2022-12-01,dpd30_backstop,3498,0.0765326215376537,0.07413082773369872,0.07900559180796049,45706,wilson_95,False
2022-12-01,forbearance,70,0.0015315275893755744,0.0012124930761094157,0.001934344765152378,45706,wilson_95,False
2022-12-01,pd_deterioration,41636,0.9109526101605916,0.9083068762206254,0.9135292711185126,45706,wilson_95,False
2023-03-01,assistance_plan,23,0.00048277743960034423,0.00032173601004928626,0.0007243679813717359,47641,wilson_95,False
2023-03-01,cure_probation,473,0.009928422996998384,0.009076806263423358,0.01085906569538334,47641,wilson_95,False
2023-03-01,dpd30_backstop,2887,0.060599063831573645,0.0584918081591252,0.06277717462916821,47641,wilson_95,False
2023-03-01,forbearance,79,0.0016582355534098781,0.0013308677794743164,0.002065962892332479,47641,wilson_95,False
2023-03-01,pd_deterioration,44179,0.9273315001784177,0.9249658529516339,0.9296282385239688,47641,wilson_95,False
2023-06-01,assistance_plan,20,0.0004022930705018606,0.0002604495218046512,0.0006213380970200056,49715,wilson_95,False
2023-06-01,cure_probation,498,0.010017097455496329,0.009178805872740652,0.010931104766444419,49715,wilson_95,False
2023-06-01,dpd30_backstop,3240,0.06517147742130142,0.06303520036749417,0.06737494734664541,49715,wilson_95,False
2023-06-01,forbearance,53,0.0010660766368299306,0.0008152004280917321,0.0013940517507159658,49715,wilson_95,False
2023-06-01,pd_deterioration,45904,0.9233430554158705,0.9209715771972395,0.9256491155810356,49715,wilson_95,False
2023-09-01,assistance_plan,16,0.0003456022118541559,0.00021275089792963285,0.0005613653342516737,46296,wilson_95,False
2023-09-01,cure_probation,437,0.009439260411266632,0.008598241025696994,0.010361682618997352,46296,wilson_95,False
2023-09-01,dpd30_backstop,3677,0.07942370831173319,0.07699536223095473,0.08192184411336491,46296,wilson_95,False
2023-09-01,forbearance,42,0.0009072058061171591,0.0006712767897394392,0.0012259534394141692,46296,wilson_95,False
2023-09-01,pd_deterioration,42124,0.9098842232590288,0.9072417281672516,0.9124587028537638,46296,wilson_95,False
2023-12-01,assistance_plan,16,0.00036001170038026234,0.0002216217709034604,0.000584767561708637,44443,wilson_95,False
2023-12-01,cure_probation,399,0.008977791778232793,0.008142295493993135,0.009898164356536125,44443,wilson_95,False
2023-12-01,dpd30_backstop,4075,0.09169047994059806,0.08904262365391843,0.0944089151100925,44443,wilson_95,False
2023-12-01,forbearance,43,0.000967531444771955,0.0007184269056063004,0.0013028969021592262,44443,wilson_95,False
2023-12-01,pd_deterioration,39910,0.8980041851360169,0.8951560043397017,0.9007835683918327,44443,wilson_95,False
2024-03-01,assistance_plan,18,0.0004096215551965046,0.00025913169723975883,0.0006474512902549532,43943,wilson_95,False
2024-03-01,cure_probation,422,0.009603349794051384,0.00873340770734796,0.010559024482918618,43943,wilson_95,False
2024-03-01,dpd30_backstop,3457,0.07867009535079535,0.076189576969598,0.08122427188010575,43943,wilson_95,False
2024-03-01,forbearance,43,0.0009785403818583164,0.000726602315772166,0.001317718864963379,43943,wilson_95,False
2024-03-01,pd_deterioration,40003,0.9103383929180985,0.9076311911992242,0.9129738580576593,43943,wilson_95,False
2024-06-01,cure_probation,487,0.01105863118216086,0.010123669635419452,0.012078886534603091,44038,wilson_95,False
2024-06-01,dpd30_backstop,4172,0.0947363640492302,0.09203645923318422,0.09750696543551317,44038,wilson_95,False
2024-06-01,forbearance,48,0.0010899677551205777,0.0008222603699634658,0.0014447079382088053,44038,wilson_95,False
2024-06-01,pd_deterioration,39324,0.8929560833825333,0.8900341755930911,0.8958094416035355,44038,wilson_95,False
2024-09-01,cure_probation,497,0.010730864730648817,0.009832260752642303,0.011710623900632438,46315,wilson_95,False
2024-09-01,dpd30_backstop,4167,0.08997085177588254,0.08739879530866268,0.09261091987891104,46315,wilson_95,False
2024-09-01,forbearance,69,0.0014897981215588902,0.0011774730113307558,0.0018848112417587108,46315,wilson_95,False
2024-09-01,pd_deterioration,41576,0.8976789377091655,0.8948857387498973,0.9004061735650851,46315,wilson_95,False
2024-12-01,assistance_plan,15,0.00032422618018329585,0.00019650328941777926,0.000534921772864707,46264,wilson_95,False
2024-12-01,cure_probation,492,0.010634618710012105,0.009739718945506374,0.01161077910398428,46264,wilson_95,False
2024-12-01,dpd30_backstop,4445,0.09607902472765001,0.09342708125387154,0.09879804052399203,46264,wilson_95,False
2024-12-01,forbearance,80,0.0017292062943109112,0.00138974373936151,0.0021514082498990277,46264,wilson_95,False
2024-12-01,pd_deterioration,41232,0.8912329240878437,0.888363298051111,0.8940375846920082,46264,wilson_95,False
2025-03-01,assistance_plan,13,0.000282817734847496,0.00016529463914701748,0.00048385832448514556,45966,wilson_95,False
2025-03-01,cure_probation,541,0.01176956881173041,0.01082365082580607,0.012797084516372122,45966,wilson_95,False
2025-03-01,dpd30_backstop,3858,0.08393160161858765,0.08143136337331071,0.08650137717651361,45966,wilson_95,False
2025-03-01,forbearance,73,0.0015881303572205542,0.0012633981687976766,0.001996161883305626,45966,wilson_95,False
2025-03-01,pd_deterioration,41481,0.9024278814776139,0.8996814757808398,0.9051070295948125,45966,wilson_95,False
2025-06-01,assistance_plan,12,0.00024897815216714733,0.0001424367900850438,0.0004351767531241521,48197,wilson_95,False
2025-06-01,cure_probation,677,0.014046517418096562,0.013033942654571626,0.015136550177607153,48197,wilson_95,False
2025-06-01,dpd30_backstop,3978,0.08253625744340934,0.08011268477608631,0.08502637126344374,48197,wilson_95,False
2025-06-01,forbearance,55,0.0011411498640994252,0.0008768958484490317,0.0014849189119416557,48197,wilson_95,False
2025-06-01,pd_deterioration,43475,0.9020270971222275,0.8993409694654392,0.9046491441326346,48197,wilson_95,False
2025-09-01,assistance_plan,10,0.0002105706464518846,0.00011438555563675321,0.0003876049780488772,47490,wilson_95,False
2025-09-01,cure_probation,703,0.014803116445567487,0.013755557687859944,0.015929163857418514,47490,wilson_95,False
2025-09-01,dpd30_backstop,4091,0.086144451463466,0.0836543280020286,0.08870152293325928,47490,wilson_95,False
2025-09-01,forbearance,47,0.0009896820383238577,0.0007443889734259456,0.001315698309796387,47490,wilson_95,False
2025-09-01,pd_deterioration,42639,0.8978521794061908,0.8950961903372899,0.900543809277479,47490,wilson_95,False
2025-12-01,assistance_plan,31,0.0006144454134623008,0.0004329264757280928,0.0008720058555348854,50452,wilson_95,False
2025-12-01,cure_probation,615,0.012189804170300484,0.011268748518799781,0.013185138744733186,50452,wilson_95,False
2025-12-01,dpd30_backstop,4575,0.09068025053516214,0.08820564749222082,0.09321718075040317,50452,wilson_95,False
2025-12-01,forbearance,210,0.004162372155712361,0.003637087687039346,0.004763157885450222,50452,wilson_95,False
2025-12-01,pd_deterioration,41806,0.8286291921033854,0.8253160078689693,0.8318923359273259,50452,wilson_95,False
2025-12-01,unknown_status,3215,0.06372393562197733,0.06162558763441107,0.0658887154234746,50452,wilson_95,False
2026-03-01,assistance_plan,43,0.0009214022456501243,0.0006841708503743133,0.001240789811397789,46668,wilson_95,False
2026-03-01,cure_probation,692,0.01482814776720665,0.013770825433790233,0.015965337002508934,46668,wilson_95,False
2026-03-01,dpd30_backstop,3979,0.08526184966143824,0.08276210724035342,0.0878298644915859,46668,wilson_95,False
2026-03-01,forbearance,98,0.0020999400017142366,0.0017235986257790148,0.0025582435423089404,46668,wilson_95,False
2026-03-01,pd_deterioration,41855,0.8968672323647896,0.8940751746405289,0.8995939595135787,46668,wilson_95,False
