dimension,segment,lgd_economic,lgd_economic_lo,lgd_economic_hi,lgd_economic_n,lgd_economic_method,lgd_gross_of_mi,lgd_gross_of_mi_lo,lgd_gross_of_mi_hi,lgd_gross_of_mi_n,lgd_gross_of_mi_method,lgd_undiscounted,lgd_undiscounted_lo,lgd_undiscounted_hi,lgd_undiscounted_n,lgd_undiscounted_method,synthetic
overall,all,0.24910645817755833,0.24589182516398533,0.25221046934265406,35688,bootstrap_1000,0.28023725070905287,0.2770224631135613,0.28353044569748465,35688,bootstrap_1000,0.2645819647793522,0.260820463617872,0.26811768969783917,35688,bootstrap_1000,False
ltv_band,60_80,0.2889671840405931,0.2842814625552607,0.2936416467595137,20017,bootstrap_1000,0.2891500434537875,0.284389917641992,0.2938133632169879,20017,bootstrap_1000,0.30884202566567276,0.3035955705525223,0.314101537328257,20017,bootstrap_1000,False
ltv_band,80_90,0.2554293393153668,0.24646051884639592,0.2647674412204148,5081,bootstrap_1000,0.3372449414397668,0.3267474629499354,0.3476030508284653,5081,bootstrap_1000,0.2711695682890562,0.2614127930762058,0.281494122483261,5081,bootstrap_1000,False
ltv_band,90_95,0.17396190746261603,0.1660234060568415,0.18191129451700688,3813,bootstrap_1000,0.2904827543413721,0.28002052283195666,0.3005268605469057,3813,bootstrap_1000,0.18114830015236105,0.17212775717703502,0.1903567988377037,3813,bootstrap_1000,False
ltv_band,gt_95,0.23589383359031665,0.22491933295172284,0.246539281072293,2408,bootstrap_1000,0.3384431580642376,0.3251043209621643,0.3506249796928184,2408,bootstrap_1000,0.24773896890830416,0.23523008149903393,0.259524128775024,2408,bootstrap_1000,False
ltv_band,le_60,0.13199120599641428,0.12351968306653434,0.14076914784542996,4369,bootstrap_1000,0.13208220854026592,0.12359542138148986,0.1408896393685068,4369,bootstrap_1000,0.13623800622726187,0.1266716189211692,0.14601571926399437,4369,bootstrap_1000,False
property_state,AL,0.20989471854305694,0.18187406136462075,0.23639082953875368,476,bootstrap_1000,0.2485554488650477,0.21728257309776666,0.2775326097630004,476,bootstrap_1000,0.21224022640186155,0.18261404654159424,0.2398685308913118,476,bootstrap_1000,False
property_state,AR,0.19713695015216434,0.16255459933230054,0.23343722056660013,208,bootstrap_1000,0.2534550020518997,0.2141022448971178,0.2900956119579367,208,bootstrap_1000,0.1983719568700464,0.16217276263217853,0.23510041350377486,208,bootstrap_1000,False
property_state,AZ,0.3063193347585919,0.29268327322280474,0.32133652373649496,1504,bootstrap_1000,0.33866921012208945,0.3241742892875561,0.3537546198249193,1504,bootstrap_1000,0.3211597331388504,0.30648975344537993,0.33659115593084354,1504,bootstrap_1000,False
property_state,CA,0.20382252265363607,0.19508040900014434,0.21263046558171872,3273,bootstrap_1000,0.21638921286542942,0.20703624955688896,0.22514030180406464,3273,bootstrap_1000,0.21112668650504726,0.20180263590526257,0.22054486573910756,3273,bootstrap_1000,False
property_state,CO,0.11097333837877313,0.0953318914816591,0.12662627338379986,565,bootstrap_1000,0.14126067655006475,0.12292071527335165,0.15826864940537763,565,bootstrap_1000,0.11308719057853216,0.09659688482374905,0.12929785314302336,565,bootstrap_1000,False
property_state,CT,0.2395544946587629,0.2081374844998811,0.2711034947030572,367,bootstrap_1000,0.26544161306986835,0.23194624405270803,0.2999698119138009,367,bootstrap_1000,0.2553264930720875,0.21947433055128587,0.2918579659806882,367,bootstrap_1000,False
property_state,DE,0.21724245872847106,0.16141005996179522,0.2727646758631713,101,bootstrap_1000,0.24408684453443352,0.18430289499259753,0.30366461446974535,101,bootstrap_1000,0.22468574427814214,0.15858723530052193,0.28960267874853174,101,bootstrap_1000,False
property_state,FL,0.3199716147708669,0.30943832575095637,0.3303753566738299,3809,bootstrap_1000,0.3512663466701849,0.34055070199742904,0.3624864600262468,3809,bootstrap_1000,0.3553227758250783,0.3432928976465981,0.3674724024752101,3809,bootstrap_1000,False
property_state,GA,0.2445593598772805,0.229701084584425,0.2593956133974869,1465,bootstrap_1000,0.287199173573799,0.27106461535839543,0.3038424135839387,1465,bootstrap_1000,0.24776827389846998,0.23101541515531812,0.2638555664575988,1465,bootstrap_1000,False
property_state,HI,0.1901221262164041,0.14338048878401816,0.24487128572256936,88,bootstrap_1000,0.1962625020220922,0.14781063301151492,0.2544990783841795,88,bootstrap_1000,0.21092001811585206,0.149691240043098,0.2790534562660508,88,bootstrap_1000,False
property_state,IA,0.2239633290618005,0.185203491214431,0.2610615634268166,252,bootstrap_1000,0.2747055518031342,0.23104342840235956,0.3162609574001265,252,bootstrap_1000,0.23952177291868812,0.19694171619108447,0.2813188360179334,252,bootstrap_1000,False
property_state,ID,0.18659921025300377,0.15926353560493806,0.21413711443484654,275,bootstrap_1000,0.21578047734968314,0.18664678426157763,0.24483408397688206,275,bootstrap_1000,0.19849938981159432,0.16793475261669438,0.22890770963323118,275,bootstrap_1000,False
property_state,IL,0.35116046250851635,0.3331178958574737,0.3675977171364399,1945,bootstrap_1000,0.3914228340382577,0.3724997251685388,0.4081893651934189,1945,bootstrap_1000,0.384352702597683,0.36367963382690455,0.40401460461981703,1945,bootstrap_1000,False
property_state,IN,0.29429176077478647,0.27105306073664015,0.3218954226300785,855,bootstrap_1000,0.33936829317695205,0.3140028369494291,0.3670646420921596,855,bootstrap_1000,0.30888295228878027,0.2841515923250496,0.33733480747673295,855,bootstrap_1000,False
property_state,KS,0.2250454561018045,0.19013554155176043,0.260857060013151,268,bootstrap_1000,0.28341148010414347,0.24509656691559334,0.3228392410244143,268,bootstrap_1000,0.2259434250314172,0.18776017410367704,0.26345844968974663,268,bootstrap_1000,False
property_state,KY,0.20629446413252622,0.17729081913525627,0.2398466456856843,444,bootstrap_1000,0.23502652538246716,0.2044917457192302,0.2699615244561578,444,bootstrap_1000,0.21905128545778066,0.1863978293654687,0.2567351424363467,444,bootstrap_1000,False
property_state,LA,0.12902961068133784,0.10407011422019591,0.1561461216374936,423,bootstrap_1000,0.15582798174026707,0.12999261280414215,0.18474431926618162,423,bootstrap_1000,0.128381206703596,0.10180234577398804,0.15826586783906843,423,bootstrap_1000,False
property_state,MA,0.1715761439654849,0.15203151482680866,0.19222319831793117,621,bootstrap_1000,0.18582303794269636,0.16553926554219803,0.20749975971052861,621,bootstrap_1000,0.17782276309484937,0.1561273152351284,0.20074676833186886,621,bootstrap_1000,False
property_state,MD,0.2383037357284256,0.21746664552710462,0.26037784265756675,754,bootstrap_1000,0.2572448397491557,0.23527891041651602,0.28080985231917177,754,bootstrap_1000,0.24572203432635867,0.22325471421130927,0.27128429958804995,754,bootstrap_1000,False
property_state,ME,0.2328122168977037,0.18445062469330692,0.2857042087946327,133,bootstrap_1000,0.2636675655716234,0.2114987365812557,0.31834333167564943,133,bootstrap_1000,0.2578056358434813,0.20085299480049454,0.3211733029730481,133,bootstrap_1000,False
property_state,MI,0.4061018821096711,0.3877519364756512,0.4242002438934516,1780,bootstrap_1000,0.43694955316274153,0.418367990764419,0.45566418846842743,1780,bootstrap_1000,0.4331721484756597,0.41241061649474187,0.4528031294143614,1780,bootstrap_1000,False
property_state,MN,0.23524832353538697,0.21640947484066886,0.2538612051561008,871,bootstrap_1000,0.2669970265251671,0.24726140657975307,0.2861518039681999,871,bootstrap_1000,0.24861224159849638,0.22834712673943872,0.2682172183925567,871,bootstrap_1000,False
property_state,MO,0.27423511944629136,0.2513735518313425,0.2979128040902987,779,bootstrap_1000,0.3130922103067205,0.28960487482519087,0.3375385855037148,779,bootstrap_1000,0.284686041829683,0.25954356552658464,0.309785909377072,779,bootstrap_1000,False
property_state,MS,0.22291085666268018,0.17751184432767741,0.269805257758751,207,bootstrap_1000,0.26277791345517565,0.21414205408199843,0.3131215308435593,207,bootstrap_1000,0.22651293772053294,0.17254941818893396,0.2822303891289272,207,bootstrap_1000,False
property_state,MT,0.10610028976104183,0.06651397768527847,0.14998917993543934,93,bootstrap_1000,0.1356196487817483,0.08730520788370143,0.1851514615001633,93,bootstrap_1000,0.09438841636743522,0.05436960223404662,0.13789188121818424,93,bootstrap_1000,False
property_state,NC,0.1883423477342141,0.17238563023465975,0.20474694376010713,1021,bootstrap_1000,0.22233745320620568,0.2046194541004447,0.24030603532190317,1021,bootstrap_1000,0.19233495715757268,0.17462766368065713,0.20990227798787814,1021,bootstrap_1000,False
property_state,NE,0.1699533553668843,0.12716536128175196,0.21603076602849813,125,bootstrap_1000,0.2236548166459047,0.16925669891705236,0.2800310378224049,125,bootstrap_1000,0.1801118223916688,0.13236815613478994,0.23068536246452534,125,bootstrap_1000,False
property_state,NH,0.2157485107569823,0.17789062486277077,0.25936090158972,208,bootstrap_1000,0.24316454246385558,0.2040675364333727,0.2848562979939801,208,bootstrap_1000,0.2187200551597388,0.17841330567333835,0.2622765050643459,208,bootstrap_1000,False
property_state,NJ,0.26671254600171573,0.24612578747231323,0.2888837939558159,1004,bootstrap_1000,0.28814801772028775,0.26622582656863025,0.3111051463137209,1004,bootstrap_1000,0.307908881255274,0.2814229743956442,0.33488785449317815,1004,bootstrap_1000,False
property_state,NM,0.2023030640896931,0.16631613396785985,0.23566734017952332,220,bootstrap_1000,0.24406728798503582,0.20577501575906176,0.28236963042389623,220,bootstrap_1000,0.21707414908780368,0.1754073789465407,0.2585646661723938,220,bootstrap_1000,False
property_state,NV,0.33402778713087167,0.3133155868301731,0.3550747417722826,675,bootstrap_1000,0.367124236804763,0.34527150925372296,0.3877655073697111,675,bootstrap_1000,0.355438576713301,0.3332242412642101,0.37777244526988357,675,bootstrap_1000,False
property_state,NY,0.2049250434332561,0.18445583449397576,0.2265889352820899,1229,bootstrap_1000,0.22053802850269774,0.19852624807563296,0.24258211822875198,1229,bootstrap_1000,0.2321835905308782,0.20770785262936306,0.25728575516487295,1229,bootstrap_1000,False
property_state,OH,0.37252535153301436,0.3537530728177055,0.39172562244310805,1570,bootstrap_1000,0.41255549334836866,0.3925952919336259,0.4330403019085603,1570,bootstrap_1000,0.4039625798608485,0.38229819847357305,0.4258184662615325,1570,bootstrap_1000,False
property_state,OK,0.17880100938670387,0.1457693700653222,0.20993387179693607,282,bootstrap_1000,0.21503310469337647,0.1793975663040445,0.25111054557781853,282,bootstrap_1000,0.18509898439678857,0.1497381277946824,0.22131700700753235,282,bootstrap_1000,False
property_state,OR,0.16620466327341385,0.14741104984911707,0.1855216807776609,559,bootstrap_1000,0.18935607596374962,0.1702306917362253,0.21021430802369603,559,bootstrap_1000,0.1788120515117862,0.158588310659952,0.20106725572519155,559,bootstrap_1000,False
property_state,PA,0.26225471656395377,0.23794895137733044,0.2890251568158836,1096,bootstrap_1000,0.29507494416547486,0.2702370039868089,0.32239551035093844,1096,bootstrap_1000,0.27470079561192196,0.24827074497492574,0.3035651004146434,1096,bootstrap_1000,False
property_state,PR,0.11378853173561711,0.07422096110433064,0.15830341923550156,171,bootstrap_1000,0.11838889538073044,0.07875367050313353,0.16445508490680075,171,bootstrap_1000,0.10570683354619631,0.06833141972120055,0.15022722165822916,171,bootstrap_1000,False
property_state,RI,0.3251534177497659,0.263375150453365,0.3842275201319802,116,bootstrap_1000,0.3434362797562837,0.2785231313159437,0.40502815136786224,116,bootstrap_1000,0.34985704999038064,0.2817689445241316,0.41923137381668846,116,bootstrap_1000,False
property_state,SC,0.22389441226451956,0.19933935984744178,0.2501708190686423,560,bootstrap_1000,0.2767858329695994,0.2501651750783486,0.304959118426133,560,bootstrap_1000,0.23296336365707251,0.20588550846117934,0.2625585314187713,560,bootstrap_1000,False
property_state,TN,0.16297508887128964,0.1415503343947583,0.1844201760269727,583,bootstrap_1000,0.20519222413554603,0.18010289697434712,0.22900016182950317,583,bootstrap_1000,0.16156904077201723,0.13934641678858406,0.18533721036403492,583,bootstrap_1000,False
property_state,TX,0.0969666816958841,0.08794327341500842,0.10659761601812989,1641,bootstrap_1000,0.131971596231191,0.12076245429850463,0.14256008939527504,1641,bootstrap_1000,0.09265485721048344,0.08300481095486509,0.10360805539176256,1641,bootstrap_1000,False
property_state,UT,0.12346229838024343,0.10230078970639865,0.1459708747146596,336,bootstrap_1000,0.15510520929258945,0.1322121595262483,0.18136061531167885,336,bootstrap_1000,0.12529609180720688,0.10317690680809724,0.14939675473706263,336,bootstrap_1000,False
property_state,VA,0.1923554189675952,0.17436609412082396,0.20968831755182576,762,bootstrap_1000,0.21497336521282856,0.19594428723814877,0.23444562525093546,762,bootstrap_1000,0.19568492679606828,0.17622251025925872,0.21501070968745442,762,bootstrap_1000,False
property_state,VT,0.19094012304424055,0.1185747162155013,0.2693122509301809,62,bootstrap_1000,0.19427984180418148,0.12190365664518801,0.27479302272590894,62,bootstrap_1000,0.22244800931837955,0.13814377790211907,0.3173957843620832,62,bootstrap_1000,False
property_state,WA,0.15731028816005838,0.14322286250786764,0.17154681337977667,897,bootstrap_1000,0.1868571391296356,0.1719749900085615,0.20311600157023835,897,bootstrap_1000,0.15987173448487677,0.14445666086184386,0.17534862124033845,897,bootstrap_1000,False
property_state,WI,0.28230543080780396,0.2570878498996152,0.30946539169553633,671,bootstrap_1000,0.32486730490557364,0.2988392214161287,0.35327722251095944,671,bootstrap_1000,0.2977921328973592,0.27062902270743766,0.3273222883057697,671,bootstrap_1000,False
property_state,WV,0.28753956157612587,0.22549880643951645,0.35383451504634345,139,bootstrap_1000,0.32489188685064135,0.26075807972266374,0.3898597253848672,139,bootstrap_1000,0.28435325028080716,0.2191686066211602,0.34837192791495336,139,bootstrap_1000,False
property_state,other,0.10163931270626107,0.07278941182486279,0.1315998312931415,205,bootstrap_1000,0.13505770767761052,0.10153757607562276,0.16965963438230403,205,bootstrap_1000,0.09737294544135427,0.06625287685697437,0.12977258141738746,205,bootstrap_1000,False
disposition_type,paid_off,0.0,0.0,0.0,16243,bootstrap_1000,0.0,0.0,0.0,16243,bootstrap_1000,0.0,0.0,0.0,16243,bootstrap_1000,False
disposition_type,reo_disposition,0.5064047136299122,0.5008342154737451,0.5121322382242645,10750,bootstrap_1000,0.580893745784164,0.5754785929291661,0.5863911032333069,10750,bootstrap_1000,0.5544244139367345,0.5475134682896337,0.5611324341339533,10750,bootstrap_1000,False
disposition_type,short_sale_chargeoff,0.39184937268121134,0.3826804116189733,0.40140148624791494,4315,bootstrap_1000,0.4460733333571257,0.43756251305941257,0.45518746519970693,4315,bootstrap_1000,0.4068684713095431,0.3969064749913882,0.41723588513144033,4315,bootstrap_1000,False
disposition_type,third_party_sale,0.3700977035176321,0.3604745593473632,0.38094931125203085,3211,bootstrap_1000,0.39375989031858866,0.384017583821748,0.4049917006667898,3211,bootstrap_1000,0.37520919192476754,0.36431765784042314,0.3876154999429936,3211,bootstrap_1000,False
disposition_type,whole_loan_sale,0.4850700075317376,0.46967033527963137,0.500284359763143,1169,bootstrap_1000,0.4853120572078078,0.4699610575801566,0.5005970202680918,1169,bootstrap_1000,0.4464538411073731,0.42652638960714434,0.4667298368451254,1169,bootstrap_1000,False
default_year,2000,0.07510859647583142,0.04900550657560344,0.1038916928088395,180,bootstrap_1000,0.09744202922628697,0.06773560195850424,0.12966909118865394,180,bootstrap_1000,0.07008301760638173,0.04361538479677384,0.09814166706477528,180,bootstrap_1000,False
default_year,2001,0.06055618964145165,0.047058766046975016,0.07505311378956915,696,bootstrap_1000,0.09097370241947748,0.0753308476547006,0.10678171636482309,696,bootstrap_1000,0.061058583200952525,0.045893664750492065,0.07707308140003409,696,bootstrap_1000,False
default_year,2002,0.09141462234022452,0.07636680383303901,0.10725498678438954,798,bootstrap_1000,0.12493282372409407,0.10766199431362021,0.14301401146442283,798,bootstrap_1000,0.09094948385787706,0.0746374424597972,0.10751388247986406,798,bootstrap_1000,False
default_year,2003,0.08811490745486221,0.07320894783032635,0.10329364533145939,860,bootstrap_1000,0.12020574204031448,0.10382458916826041,0.13692551732781386,860,bootstrap_1000,0.08433375474059474,0.06920156437375449,0.10010603128670935,860,bootstrap_1000,False
default_year,2004,0.12077262634102698,0.10335950920478659,0.13809772748221671,781,bootstrap_1000,0.15364416446210546,0.1338971591976472,0.17333154700736983,781,bootstrap_1000,0.11897214450548024,0.10067582494349082,0.1377510048711547,781,bootstrap_1000,False
default_year,2005,0.13551139262340953,0.11640016656833725,0.15570592215318715,829,bootstrap_1000,0.1632816803595893,0.14227469708608864,0.18500379837445832,829,bootstrap_1000,0.1306361518274893,0.11038081432310967,0.15300751173252997,829,bootstrap_1000,False
default_year,2006,0.17682731322199016,0.15496413077551344,0.19876311561002227,793,bootstrap_1000,0.2023893422582016,0.17969671994919179,0.22570814227821023,793,bootstrap_1000,0.17256767378550603,0.14940858644009378,0.19505840048692627,793,bootstrap_1000,False
default_year,2007,0.2858107537497711,0.2675461547295767,0.3043760179932619,1209,bootstrap_1000,0.3259453353263366,0.3063565068777615,0.34602618984573624,1209,bootstrap_1000,0.3011985349366719,0.28111316094404504,0.32250607135387394,1209,bootstrap_1000,False
default_year,2008,0.38228120784257325,0.3702489757413379,0.39539687244982086,2577,bootstrap_1000,0.42964535784681623,0.41676064956156833,0.44324844506549316,2577,bootstrap_1000,0.41178513766441394,0.3974327791682909,0.42745304577840076,2577,bootstrap_1000,False
default_year,2009,0.3436169773177194,0.3351640027298062,0.35219510798977,5838,bootstrap_1000,0.38177464066485234,0.3730568728466181,0.39035245422914944,5838,bootstrap_1000,0.3679556913205851,0.35842974922642157,0.37755182543735344,5838,bootstrap_1000,False
default_year,2010,0.31395080061825686,0.3047962332447182,0.32258913978680226,4947,bootstrap_1000,0.3485331875084928,0.33922252969354816,0.3574326206311012,4947,bootstrap_1000,0.3358532121731341,0.3258013640725475,0.34576545440028567,4947,bootstrap_1000,False
default_year,2011,0.3222361653563705,0.3118168411475131,0.33264204422958504,3595,bootstrap_1000,0.35941744682676313,0.3492132841540715,0.3704758495079066,3595,bootstrap_1000,0.3474304212281577,0.33573318694112503,0.35948919879032226,3595,bootstrap_1000,False
default_year,2012,0.2715433320974068,0.26136097946641,0.2827021003096462,2847,bootstrap_1000,0.3044841290857115,0.29406580036255986,0.31531724738448713,2847,bootstrap_1000,0.2900834214861755,0.27837119490028756,0.30194985692811066,2847,bootstrap_1000,False
default_year,2013,0.25258821666371245,0.2382626410858721,0.2681498498504976,1851,bootstrap_1000,0.282320216952551,0.26747788616379065,0.29759365702454366,1851,bootstrap_1000,0.2681754664895122,0.252020279850733,0.28429888545561854,1851,bootstrap_1000,False
default_year,2014,0.23071297743288732,0.21469885229638896,0.2476499663404114,1355,bootstrap_1000,0.2549161016485309,0.23698127814421854,0.27280699889624693,1355,bootstrap_1000,0.24318896380363872,0.22569903546589146,0.2619600071868418,1355,bootstrap_1000,False
default_year,2015,0.21995686637161319,0.2009242569335743,0.2398611223500383,1037,bootstrap_1000,0.24422094064000163,0.22356398963184512,0.26532146603134465,1037,bootstrap_1000,0.2303546877771522,0.21000161650279597,0.25131281047318643,1037,bootstrap_1000,False
default_year,2016,0.18696290007091965,0.16671828479348708,0.20851714364722015,888,bootstrap_1000,0.20925723116212908,0.188081289753118,0.23293492440871802,888,bootstrap_1000,0.19742064189298789,0.1748541205992049,0.22121971577817467,888,bootstrap_1000,False
default_year,2017,0.11557175364984427,0.09766408443648368,0.13447020597737688,921,bootstrap_1000,0.13085459861382212,0.11233645659814824,0.15123566989529288,921,bootstrap_1000,0.1185177361150433,0.09987897465018897,0.13797394264837737,921,bootstrap_1000,False
default_year,2018,0.09027780047345706,0.0755856980527896,0.10632110048413976,924,bootstrap_1000,0.10223889687061713,0.08687664833733529,0.11916780970331504,924,bootstrap_1000,0.09228044910146449,0.07603716151564682,0.11046291539830082,924,bootstrap_1000,False
default_year,2019,0.07302680455371557,0.058520205075905454,0.08893435911727786,789,bootstrap_1000,0.08153846066276943,0.06661759380085126,0.09766393438635126,789,bootstrap_1000,0.07581021954158848,0.059433383784759916,0.09383247595683458,789,bootstrap_1000,False
default_year,2020,0.0366827378695745,0.025315194929189322,0.048607225468167224,699,bootstrap_1000,0.03886551699234855,0.026992040035205753,0.051135978517268574,699,bootstrap_1000,0.03842777779593285,0.025189388561936987,0.051950390568643756,699,bootstrap_1000,False
default_year,2021,0.05538494115759358,0.030835709100868063,0.09153933072567937,655,bootstrap_1000,0.05851365310384747,0.03388823843581,0.0944066583895883,655,bootstrap_1000,0.05795326666601105,0.03152381873696549,0.09721915736007622,655,bootstrap_1000,False
default_year,2022,0.05168458337772298,0.025731234483393386,0.0888192766678572,498,bootstrap_1000,0.05587396449813227,0.029891768962229146,0.0937377611385349,498,bootstrap_1000,0.05324504517716777,0.02580668504816963,0.092493694492663,498,bootstrap_1000,False
default_year,2023,0.07433832552421481,0.02345146621333484,0.1397371440785644,109,bootstrap_1000,0.07735439961687283,0.024532263909737517,0.14614742035869271,109,bootstrap_1000,0.07969078029231326,0.02293853882157171,0.15433150395259834,109,bootstrap_1000,False
default_year,other,-0.0032133332065599762,-0.010516363221469012,0.0,12,bootstrap_1000,-0.0032133332065599762,-0.010516363221469012,0.0,12,bootstrap_1000,-0.0022131913613284457,-0.007243171727984004,0.0,12,bootstrap_1000,False
