default_year,resolution,n_defaults,share,share_lo,share_hi,share_n,share_method,synthetic
1999,paid_off,11,0.5789473684210527,0.3627590353425504,0.7685810871754576,19,wilson_95,False
2000,credit_event_loss,54,0.216,0.16949229589420706,0.2711034182192054,250,wilson_95,False
2000,defect_settlement,17,0.068,0.04288591857836033,0.10618925218570377,250,wilson_95,False
2000,other_exit,52,0.208,0.16229381886263317,0.26254402804270643,250,wilson_95,False
2000,paid_off,126,0.504,0.4424326671345239,0.5654462664695125,250,wilson_95,False
2001,credit_event_loss,205,0.23892773892773891,0.21159808400814797,0.2685847321991119,858,wilson_95,False
2001,defect_settlement,45,0.05244755244755245,0.03942603998978725,0.06945878779408686,858,wilson_95,False
2001,other_exit,114,0.13286713286713286,0.11178317385267919,0.15722391143878003,858,wilson_95,False
2001,paid_off,491,0.5722610722610723,0.538906478196349,0.6049714923177131,858,wilson_95,False
2002,credit_event_loss,264,0.2553191489361702,0.22968105705420092,0.28276856066007783,1034,wilson_95,False
2002,defect_settlement,67,0.06479690522243714,0.05134480013779556,0.08147072544096122,1034,wilson_95,False
2002,other_exit,166,0.16054158607350097,0.13942825494242628,0.184167855009004,1034,wilson_95,False
2002,paid_off,534,0.5164410058027079,0.485977003776409,0.5467832985906156,1034,wilson_95,False
2003,credit_event_loss,306,0.2884071630537229,0.2619500460839051,0.31639093953355485,1061,wilson_95,False
2003,defect_settlement,62,0.058435438265786996,0.04584999864932367,0.07420680207129988,1061,wilson_95,False
2003,other_exit,134,0.12629594721960416,0.10764678497828635,0.14764141456435453,1061,wilson_95,False
2003,paid_off,554,0.5221489161168709,0.49206698351926575,0.5520710424851427,1061,wilson_95,False
2004,credit_event_loss,286,0.3283582089552239,0.2979837271764698,0.36024006070498404,871,wilson_95,False
2004,defect_settlement,22,0.02525832376578645,0.016738481362555964,0.03794738010220073,871,wilson_95,False
2004,other_exit,62,0.0711825487944891,0.05592311644672981,0.09020788538419311,871,wilson_95,False
2004,paid_off,495,0.5683122847301951,0.5351891989551432,0.600835447339529,871,wilson_95,False
2005,credit_event_loss,291,0.31664853101196955,0.28739002614594583,0.347433489010542,919,wilson_95,False
2005,cured_active,18,0.01958650707290533,0.012424754135216497,0.030747838989942638,919,wilson_95,False
2005,defect_settlement,19,0.020674646354733407,0.013275070804795536,0.03206474181498386,919,wilson_95,False
2005,other_exit,50,0.0544069640914037,0.0415106979251953,0.07101291902781189,919,wilson_95,False
2005,paid_off,538,0.5854189336235038,0.5532763441367978,0.616850386190892,919,wilson_95,False
2006,credit_event_loss,320,0.34557235421166305,0.31563730846299776,0.37678337542140317,926,wilson_95,False
2006,cured_active,18,0.019438444924406047,0.012330567412682942,0.030517015304509003,926,wilson_95,False
2006,defect_settlement,33,0.035637149028077755,0.02548654276796493,0.04962460457673741,926,wilson_95,False
2006,other_exit,79,0.08531317494600432,0.068989721959471,0.10506302357626318,926,wilson_95,False
2006,paid_off,473,0.5107991360691144,0.47862437241186095,0.5428846706731459,926,wilson_95,False
2007,credit_event_loss,718,0.47424042272126815,0.4491850619328772,0.49942617177225357,1514,wilson_95,False
2007,cured_active,37,0.02443857331571995,0.017781628637005657,0.03350268591925506,1514,wilson_95,False
2007,defect_settlement,77,0.05085865257595773,0.0408840075397277,0.06310673398562966,1514,wilson_95,False
2007,other_exit,189,0.12483487450462351,0.10912898199943954,0.14243975503938833,1514,wilson_95,False
2007,paid_off,491,0.3243064729194188,0.3011971138070095,0.34830514684849795,1514,wilson_95,False
2008,credit_event_loss,1911,0.5581191588785047,0.541429200693922,0.5746788529547807,3424,wilson_95,False
2008,cured_active,97,0.02832943925233645,0.023278795109353736,0.03443725191248227,3424,wilson_95,False
2008,defect_settlement,255,0.07447429906542057,0.06614932951369637,0.08375301135987334,3424,wilson_95,False
2008,open,11,0.0032126168224299065,0.001794849094544338,0.005743848109259409,3424,wilson_95,False
2008,other_exit,484,0.1413551401869159,0.130087404601229,0.1534267166017522,3424,wilson_95,False
2008,paid_off,666,0.19450934579439252,0.1815965947746538,0.20810680162462822,3424,wilson_95,False
2009,credit_event_loss,3852,0.4961999227102924,0.4850823514027624,0.5073212530337625,7763,wilson_95,False
2009,cured_active,207,0.026664949117609173,0.02330857872948551,0.03048953998274305,7763,wilson_95,False
2009,defect_settlement,345,0.044441581862681954,0.040078370853319764,0.04925542879991096,7763,wilson_95,False
2009,open,20,0.002576323586242432,0.0016684468546388008,0.003976249133188269,7763,wilson_95,False
2009,other_exit,1353,0.17428829060930054,0.16601111793072457,0.18288765555243505,7763,wilson_95,False
2009,paid_off,1986,0.2558289321138735,0.24624525305154185,0.2656541438783885,7763,wilson_95,False
2010,credit_event_loss,3112,0.4837556350069952,0.47155710515617116,0.4959735538887869,6433,wilson_95,False
2010,cured_active,280,0.04352557127312296,0.03880606436413629,0.04878991922934446,6433,wilson_95,False
2010,defect_settlement,235,0.03653039017565677,0.03221556216320413,0.041398408578823064,6433,wilson_95,False
2010,open,19,0.002953520907819058,0.0018916904346852718,0.00460861862036484,6433,wilson_95,False
2010,other_exit,952,0.14798694232861806,0.13951993654100653,0.1568741056341807,6433,wilson_95,False
2010,paid_off,1835,0.285247940307788,0.2743447197315149,0.29640748572886105,6433,wilson_95,False
2011,credit_event_loss,2457,0.5295258620689656,0.5151458330469143,0.5438570425744216,4640,wilson_95,False
2011,cured_active,188,0.04051724137931034,0.03521376224554491,0.04658090326768194,4640,wilson_95,False
2011,defect_settlement,150,0.032327586206896554,0.027612780584648222,0.03781612380733222,4640,wilson_95,False
2011,open,15,0.003232758620689655,0.0019601215940178076,0.00532726302511348,4640,wilson_95,False
2011,other_exit,692,0.14913793103448275,0.1391785623266437,0.15967777700521998,4640,wilson_95,False
2011,paid_off,1138,0.24525862068965518,0.23309325322739274,0.25784544031699475,4640,wilson_95,False
2012,credit_event_loss,1833,0.5004095004095004,0.4842255926043857,0.5165925502124473,3663,wilson_95,False
2012,cured_active,188,0.05132405132405132,0.04463661651634975,0.05895157050683731,3663,wilson_95,False
2012,defect_settlement,82,0.022386022386022386,0.018072087418563643,0.027700673881750175,3663,wilson_95,False
2012,other_exit,537,0.1466011466011466,0.13551693860267922,0.1584258104703452,3663,wilson_95,False
2012,paid_off,1014,0.27682227682227684,0.26257231124148495,0.2915398535844691,3663,wilson_95,False
2013,credit_event_loss,1084,0.44136807817589574,0.42183676876510967,0.46108251492804586,2456,wilson_95,False
2013,cured_active,148,0.06026058631921824,0.051518223156361856,0.07037640454230501,2456,wilson_95,False
2013,defect_settlement,21,0.008550488599348535,0.005599383326176408,0.013036557074092965,2456,wilson_95,False
2013,open,10,0.004071661237785016,0.0022131710167243054,0.0074791035545500074,2456,wilson_95,False
2013,other_exit,426,0.1734527687296417,0.15899102922914657,0.1889344257841227,2456,wilson_95,False
2013,paid_off,767,0.3122964169381108,0.2942733932329638,0.33090570247915235,2456,wilson_95,False
2014,credit_event_loss,712,0.39709983268265475,0.3746949418418486,0.4199447030814254,1793,wilson_95,False
2014,cured_active,119,0.06636921360847742,0.055749292606226984,0.0788432490081122,1793,wilson_95,False
2014,defect_settlement,14,0.007808142777467931,0.004656840594358207,0.013063954228348277,1793,wilson_95,False
2014,other_exit,300,0.16731734523145567,0.150755420513078,0.1853017512849327,1793,wilson_95,False
2014,paid_off,643,0.35861684327941995,0.3367418568249779,0.381096354492366,1793,wilson_95,False
2015,credit_event_loss,521,0.35369993211133743,0.32969290264261747,0.3784680530064964,1473,wilson_95,False
2015,cured_active,106,0.07196198234894773,0.05984841685351442,0.08630231417556336,1473,wilson_95,False
2015,open,11,0.00746775288526816,0.004174960089591504,0.013322827954176834,1473,wilson_95,False
2015,other_exit,314,0.2131704005431093,0.19301573442962244,0.23481722966202762,1473,wilson_95,False
2015,paid_off,516,0.35030549898167007,0.32636079966969506,0.3750289484538762,1473,wilson_95,False
2016,credit_event_loss,422,0.3302034428794992,0.30496224847328085,0.35646233955706413,1278,wilson_95,False
2016,cured_active,106,0.08294209702660407,0.0690423935366082,0.09934150240889368,1278,wilson_95,False
2016,open,14,0.010954616588419406,0.006536545067762907,0.018303858245442887,1278,wilson_95,False
2016,other_exit,266,0.2081377151799687,0.18677071472283685,0.23125403797448435,1278,wilson_95,False
2016,paid_off,466,0.3646322378716745,0.33868536955286505,0.3913904540842302,1278,wilson_95,False
2017,credit_event_loss,306,0.21904080171796708,0.19813896790038227,0.24148355679212902,1397,wilson_95,False
2017,cured_active,137,0.09806728704366499,0.08355644156088887,0.11478253325400303,1397,wilson_95,False
2017,open,23,0.0164638511095204,0.010995498772609911,0.024584158373355355,1397,wilson_95,False
2017,other_exit,314,0.22476735862562633,0.2036497896940087,0.24739444150158513,1397,wilson_95,False
2017,paid_off,615,0.44022906227630637,0.41439695539410615,0.46638898297996945,1397,wilson_95,False
2018,credit_event_loss,267,0.18842625264643614,0.168917798250705,0.2096194801217219,1417,wilson_95,False
2018,cured_active,202,0.14255469301340862,0.12531646168298208,0.1617257387601305,1417,wilson_95,False
2018,open,23,0.016231474947071278,0.010839965242057218,0.024238866749559076,1417,wilson_95,False
2018,other_exit,265,0.187014820042343,0.16756866343076388,0.20815338177460718,1417,wilson_95,False
2018,paid_off,657,0.4636556104446013,0.4378241408796967,0.48968360506861586,1417,wilson_95,False
2019,credit_event_loss,210,0.16104294478527606,0.1420926778420819,0.1819844157246568,1304,wilson_95,False
2019,cured_active,283,0.2170245398773006,0.19549943741749826,0.24021198232486957,1304,wilson_95,False
2019,open,59,0.04524539877300614,0.0352379227780352,0.057924331713087085,1304,wilson_95,False
2019,other_exit,171,0.13113496932515337,0.1138924775588238,0.15054435955792123,1304,wilson_95,False
2019,paid_off,579,0.44401840490797545,0.4172545124576607,0.4711111613667102,1304,wilson_95,False
2020,credit_event_loss,106,0.0848,0.07059974795838707,0.10154439140011261,1250,wilson_95,False
2020,cured_active,414,0.3312,0.30566128782387364,0.35777303472842575,1250,wilson_95,False
2020,open,42,0.0336,0.02495296960962405,0.045104897916397754,1250,wilson_95,False
2020,other_exit,92,0.0736,0.060394232281952384,0.08941853511319277,1250,wilson_95,False
2020,paid_off,593,0.4744,0.4468390362398264,0.5021178278439345,1250,wilson_95,False
2021,credit_event_loss,94,0.06752873563218391,0.05550110668660568,0.08193675031957279,1392,wilson_95,False
2021,cured_active,572,0.4109195402298851,0.38535307168660166,0.43697632078643184,1392,wilson_95,False
2021,open,73,0.05244252873563218,0.041915242524531104,0.06543323740046755,1392,wilson_95,False
2021,other_exit,92,0.06609195402298851,0.05419814985092755,0.08037405219513857,1392,wilson_95,False
2021,paid_off,561,0.40301724137931033,0.37755080778703587,0.4290174824053795,1392,wilson_95,False
2022,credit_event_loss,89,0.06671664167916042,0.05453183387915411,0.0813896967489871,1334,wilson_95,False
2022,cured_active,601,0.4505247376311844,0.42400525443953313,0.477328345943611,1334,wilson_95,False
2022,open,141,0.10569715142428786,0.09031570546701052,0.12334298849562321,1334,wilson_95,False
2022,other_exit,93,0.06971514242878561,0.05724846496971503,0.08465284745338716,1334,wilson_95,False
2022,paid_off,409,0.3065967016491754,0.2824386579477348,0.3318654162772833,1334,wilson_95,False
2023,credit_event_loss,102,0.07391304347826087,0.06126067205346929,0.08893099729990885,1380,wilson_95,False
2023,cured_active,594,0.43043478260869567,0.4045398046432571,0.4567159781083149,1380,wilson_95,False
2023,open,254,0.18405797101449275,0.1644982407677431,0.20537177256231282,1380,wilson_95,False
2023,other_exit,84,0.06086956521739131,0.049432696534776464,0.07474443208452139,1380,wilson_95,False
2023,paid_off,346,0.25072463768115943,0.2285699125832257,0.2742633089432404,1380,wilson_95,False
2024,credit_event_loss,98,0.04919678714859438,0.040536346505058427,0.05959257803325475,1992,wilson_95,False
2024,cured_active,889,0.446285140562249,0.42457935142422304,0.46819770305862723,1992,wilson_95,False
2024,open,582,0.2921686746987952,0.272613587138751,0.3125238012341463,1992,wilson_95,False
2024,other_exit,64,0.0321285140562249,0.02524040040101362,0.04081768163652298,1992,wilson_95,False
2024,paid_off,356,0.178714859437751,0.1625140165759337,0.19615247752709578,1992,wilson_95,False
2025,credit_event_loss,18,0.008260670032124828,0.005231662721162366,0.013020445630407494,2179,wilson_95,False
2025,cured_active,742,0.3405231757687012,0.3209221364392361,0.36068552352545863,2179,wilson_95,False
2025,open,1195,0.5484167049105094,0.5274546533254874,0.5692083448722816,2179,wilson_95,False
2025,other_exit,15,0.006883891693437357,0.004176189826234418,0.011327207676109783,2179,wilson_95,False
2025,paid_off,209,0.09591555759522717,0.08425284553262845,0.1090005202196415,2179,wilson_95,False
2026,open,576,0.9680672268907563,0.9506661499124858,0.9794631719566229,595,wilson_95,False
2026,paid_off,15,0.025210084033613446,0.015336123110341673,0.041175426519736595,595,wilson_95,False
