dimension,segment,default_rate,default_rate_lo,default_rate_hi,default_rate_n,default_rate_method,loss_rate,loss_rate_lo,loss_rate_hi,loss_rate_n,loss_rate_method,synthetic
ltv_band,60_80,0.043035404993110205,0.04255487067578145,0.04352111890462153,677814,wilson_95,0.0064469456224164855,0.00630396770774544,0.00660232908006548,677814,bootstrap_1000_loan_population,False
ltv_band,80_90,0.06074626292126196,0.05946130191250374,0.06205715983790109,130115,wilson_95,0.006170582953531187,0.005866600737268635,0.006451945570359832,130115,bootstrap_1000_loan_population,False
ltv_band,90_95,0.05374826599097113,0.05251030988196981,0.055013712936504935,124711,wilson_95,0.003291213925540165,0.003095929729640889,0.0034984319521698644,124711,bootstrap_1000_loan_population,False
ltv_band,gt_95,0.08516363318165908,0.08263958843726882,0.08775739453935477,45712,wilson_95,0.010485956135572325,0.009835992539794003,0.011155465441435414,45712,bootstrap_1000_loan_population,False
ltv_band,le_60,0.02143001508061131,0.02093521346710768,0.021936249258478216,321605,wilson_95,0.0010993126298534934,0.0010174524880420914,0.0011838514710176527,321605,bootstrap_1000_loan_population,False
ltv_band,missing,0.0,0.0,0.08200980322579117,43,wilson_95,0.0,0.0,0.0,43,bootstrap_1000_loan_population,False
property_state,AK,0.020856201975850714,0.01613283342348641,0.026924632854254085,2733,wilson_95,0.0011632589970290413,0.0005055614746167592,0.0019755199938044045,2733,bootstrap_1000_loan_population,False
property_state,AL,0.04891808898093266,0.04546757504617438,0.05261602666087063,14003,wilson_95,0.004215152685065462,0.0033942595475014324,0.005086380096291807,14003,bootstrap_1000_loan_population,False
property_state,AR,0.0380859375,0.03415295992574551,0.042451920973333605,8192,wilson_95,0.0035187722189434756,0.0026692179403660587,0.004421335253718664,8192,bootstrap_1000_loan_population,False
property_state,AZ,0.053361937866608734,0.051112603845156604,0.05570444822723669,36824,wilson_95,0.01177248709082445,0.010973762106225162,0.012601485451288811,36824,bootstrap_1000_loan_population,False
property_state,CA,0.0334586441414454,0.03256600110943913,0.03437488538110212,151889,wilson_95,0.0037876463682964745,0.0035768020402550905,0.003999170929863467,151889,bootstrap_1000_loan_population,False
property_state,CO,0.0240329265484688,0.022474392706523003,0.025696699037530975,34744,wilson_95,0.001278810602558247,0.0010685384941336177,0.0014916724109254676,34744,bootstrap_1000_loan_population,False
property_state,CT,0.04433713784021071,0.041012383140690195,0.04791795316278316,13668,wilson_95,0.005646454562638817,0.004656503152336715,0.0066922428365828925,13668,bootstrap_1000_loan_population,False
property_state,DC,0.040949100650593186,0.03400032324800903,0.04924562888501266,2613,wilson_95,0.0016952359806047118,0.0007079318374368608,0.0030169641065890176,2613,bootstrap_1000_loan_population,False
property_state,DE,0.0385885266198927,0.03352083642375057,0.0443871657303181,4846,wilson_95,0.003388938373725804,0.002308563900297612,0.0046567968769918675,4846,bootstrap_1000_loan_population,False
property_state,FL,0.07339092926734461,0.07160152541173899,0.07522142909023648,79751,wilson_95,0.013767059696527485,0.013151977184097453,0.014446566293172222,79751,bootstrap_1000_loan_population,False
property_state,GA,0.05720001012837718,0.05495246487955096,0.059533688742002676,39493,wilson_95,0.005946050590453741,0.00542635904806257,0.006443875517945223,39493,bootstrap_1000_loan_population,False
property_state,GU,0.06896551724137931,0.044065878977558454,0.1063692492614384,261,wilson_95,0.00040979579856597774,0.0,0.0010240070757683746,261,bootstrap_1000_loan_population,False
property_state,HI,0.03681739560168026,0.03144098299238455,0.043072290827166036,4047,wilson_95,0.0032536995231749353,0.0022459371478978436,0.004449220755137406,4047,bootstrap_1000_loan_population,False
property_state,IA,0.028441588968110946,0.025696503602925934,0.03147045199645153,12763,wilson_95,0.0027764440272869517,0.0021938431511313553,0.0034019666886423525,12763,bootstrap_1000_loan_population,False
property_state,ID,0.0417974002689377,0.037838632861543174,0.046150477191464305,8924,wilson_95,0.004991903411631637,0.0039721445572594724,0.006122222719806636,8924,bootstrap_1000_loan_population,False
property_state,IL,0.04494483905092943,0.04339248183860538,0.04655002909336862,66170,wilson_95,0.008507683227928454,0.00794562429861912,0.009042621137347188,66170,bootstrap_1000_loan_population,False
property_state,IN,0.03941130906274206,0.03734281480628325,0.04158943132377285,32275,wilson_95,0.00395977518455519,0.003547016460444621,0.00440283491849604,32275,bootstrap_1000_loan_population,False
property_state,KS,0.03243664042902863,0.0293594554579507,0.035824443647361016,11561,wilson_95,0.0028871381279049835,0.0023190988730274493,0.0035296803539589653,11561,bootstrap_1000_loan_population,False
property_state,KY,0.0333638764620277,0.030874828679863027,0.036046121287643694,18553,wilson_95,0.002900325741474409,0.0023951587869292463,0.0034237801811351468,18553,bootstrap_1000_loan_population,False
property_state,LA,0.061361276314547346,0.05694815154418915,0.06609242275216318,10593,wilson_95,0.003224443814339156,0.0024518956876142,0.004114682850682008,10593,bootstrap_1000_loan_population,False
property_state,MA,0.03314465203023263,0.031195637504942114,0.035211009762008055,30563,wilson_95,0.002736201211844343,0.002321541852985934,0.0031800869619315426,30563,bootstrap_1000_loan_population,False
property_state,MD,0.04405411148098307,0.041721946990709524,0.04651031160524774,28238,wilson_95,0.004800643624050928,0.004240423891957687,0.005426996068531844,28238,bootstrap_1000_loan_population,False
property_state,ME,0.0377901745546158,0.03308741354152121,0.04313152957335398,5557,wilson_95,0.004969719170069549,0.003698080577069685,0.006512659089452545,5557,bootstrap_1000_loan_population,False
property_state,MI,0.05008235940073731,0.048222952043473745,0.05200954501140825,50996,wilson_95,0.009413432743966626,0.008812408378669954,0.010079145831979462,50996,bootstrap_1000_loan_population,False
property_state,MN,0.03520227111426544,0.03332785556857883,0.037178052544354113,35225,wilson_95,0.0048616074085709666,0.004367946628705786,0.0053921640675128855,35225,bootstrap_1000_loan_population,False
property_state,MO,0.03788111054334866,0.03575698231789632,0.04012617069907507,29355,wilson_95,0.0039466795550473464,0.0034987882493294617,0.004421030507448373,29355,bootstrap_1000_loan_population,False
property_state,MS,0.0709979906229069,0.06383862281876576,0.07889260350236715,4479,wilson_95,0.006183401763596063,0.004534147498430064,0.008058665873265617,4479,bootstrap_1000_loan_population,False
property_state,MT,0.027575887131252672,0.023256880295638244,0.032670143531146605,4678,wilson_95,0.0019237578090323096,0.0010011912348926,0.0031207910778838486,4678,bootstrap_1000_loan_population,False
property_state,NC,0.03692425731891529,0.03515668985469287,0.03877712089964631,41707,wilson_95,0.002823633820287812,0.002503999758237042,0.003168410099367651,41707,bootstrap_1000_loan_population,False
property_state,ND,0.0205761316872428,0.015842516066302617,0.02668576234389803,2673,wilson_95,0.0004927236416348403,-7.340400227983658e-06,0.0014926732232534348,2673,bootstrap_1000_loan_population,False
property_state,NE,0.023656215005599106,0.02037974903951581,0.027444683104099997,7144,wilson_95,0.00172227555919726,0.0012017836620143692,0.002306249454808905,7144,bootstrap_1000_loan_population,False
property_state,NH,0.03904498087323572,0.034912969782301684,0.043643907385878006,7581,wilson_95,0.005043049591950439,0.003907687848142581,0.006394277750366231,7581,bootstrap_1000_loan_population,False
property_state,NJ,0.046835337108427015,0.044696310758121194,0.04907147226911769,35849,wilson_95,0.0069334797010139025,0.006233734557919487,0.007640705185069223,35849,bootstrap_1000_loan_population,False
property_state,NM,0.04938641125411553,0.04444518200887186,0.05484545521449241,6682,wilson_95,0.006194602993475281,0.00473415872107208,0.007934736277928286,6682,bootstrap_1000_loan_population,False
property_state,NV,0.07066332345566446,0.06640933352156853,0.07516787154016694,13161,wilson_95,0.017428969628867058,0.015776875682155255,0.01923696267418122,13161,bootstrap_1000_loan_population,False
property_state,NY,0.047427687282417155,0.045533560541581586,0.049396529044327744,46534,wilson_95,0.004889439263552109,0.004322577643051622,0.005480497421145991,46534,bootstrap_1000_loan_population,False
property_state,OH,0.04541137361985041,0.04363044401548169,0.04726140571190819,50538,wilson_95,0.006621495305944683,0.006159222133553889,0.007094858225690007,50538,bootstrap_1000_loan_population,False
property_state,OK,0.03996316758747698,0.03643900420502792,0.04381266939729794,10860,wilson_95,0.002674905959955084,0.0020450734562884056,0.00337051950103045,10860,bootstrap_1000_loan_population,False
property_state,OR,0.034440825190010856,0.03216194866266992,0.036875022288021995,23025,wilson_95,0.0035817113777505023,0.0030790376176805683,0.004116330726619927,23025,bootstrap_1000_loan_population,False
property_state,PA,0.04129915472252848,0.03947015484788263,0.04320909565479475,43536,wilson_95,0.004123273838170446,0.003693285925710441,0.004561544768456279,43536,bootstrap_1000_loan_population,False
property_state,PR,0.15261044176706828,0.13748811737181185,0.1690700293770888,1992,wilson_95,0.011104017367017901,0.006531050450679192,0.016146797091532307,1992,bootstrap_1000_loan_population,False
property_state,RI,0.0458628841607565,0.03996036745516498,0.05258949834208638,4230,wilson_95,0.009225094839225994,0.006777091046774684,0.011762504029409659,4230,bootstrap_1000_loan_population,False
property_state,SC,0.044856367453530645,0.042041734956090274,0.04785002311312736,19529,wilson_95,0.004177573344580346,0.003512589394634087,0.0049093796287125345,19529,bootstrap_1000_loan_population,False
property_state,SD,0.0221606648199446,0.017392797237803674,0.028198035004590304,2888,wilson_95,0.0010282260918308183,0.0002888675500585147,0.0018130590336390652,2888,bootstrap_1000_loan_population,False
property_state,TN,0.03866432337434095,0.03623648249204381,0.04124786750272512,22760,wilson_95,0.002165280384708415,0.0018056609546218151,0.002569899097422062,22760,bootstrap_1000_loan_population,False
property_state,TX,0.03437481114401402,0.03315482391174536,0.03563803514289268,82735,wilson_95,0.0010930238753822951,0.0009586597028566716,0.0012413090900381494,82735,bootstrap_1000_loan_population,False
property_state,UT,0.030319614711033276,0.02793046799879456,0.03290620873239213,18272,wilson_95,0.001740324797598775,0.001374062140788507,0.0021565315046526493,18272,bootstrap_1000_loan_population,False
property_state,VA,0.03131787102828797,0.029597869312586192,0.03313441317409549,37295,wilson_95,0.002803852240857771,0.0024654843362456355,0.0031832553724537986,37295,bootstrap_1000_loan_population,False
property_state,VI,0.05454545454545454,0.01872321555468448,0.14853060544053792,55,wilson_95,0.0,0.0,0.0,55,bootstrap_1000_loan_population,False
property_state,VT,0.023993808049535603,0.019626866385620972,0.029303343994263424,3876,wilson_95,0.0025492951034827957,0.001398144577629557,0.004029404298057223,3876,bootstrap_1000_loan_population,False
property_state,WA,0.03468208092485549,0.03286600119309072,0.036594714822804235,37022,wilson_95,0.0030787258992782084,0.0027192048961383547,0.0034558394317555454,37022,bootstrap_1000_loan_population,False
property_state,WI,0.030445576897948516,0.02857906827646658,0.03242991824226105,30612,wilson_95,0.004295932666888405,0.003806425780204868,0.00484470900992805,30612,bootstrap_1000_loan_population,False
property_state,WV,0.05323009920154851,0.04679148004570971,0.060498456791082136,4133,wilson_95,0.005396680237652363,0.0039622905431817386,0.0070501261799386815,4133,bootstrap_1000_loan_population,False
property_state,WY,0.025463962019853258,0.019792507060603648,0.03270632191266292,2317,wilson_95,0.0015745107584053317,0.0005213111834129521,0.0030250163464469455,2317,bootstrap_1000_loan_population,False
