period,n_active_loans,total_upb,n_dpd30p,upb_dpd30p,n_dpd90p,upb_dpd90p,n_at_risk_start,n_new_defaults,n_prepaid,upb_prepaid,n_credit_event_exits,net_loss,delinquency_rate_30p,delinquency_rate_90p,default_rate,loss_rate
2020-06-01,311690,55960967112.610016,17117,3569241102.3,7965,1724487961.6399996,308626,116,8648,1926176438.48,18,718634.78,0.06378090455652118,0.030815907061967313,0.00037585945448536415,1.2841714807285126e-05
2017-11-01,299927,52091968600.94998,7148,1121687088.7200003,2291,363653694.82000005,287147,150,2821,445596215.4000001,40,2087463.980000001,0.021532822023154343,0.006980993511797675,0.0005223805228680781,4.007266448290711e-05
2012-04-01,255461,40361511448.85,12910,2165474301.5599995,7931,1411645605.8200002,240537,306,4646,828301833.7599999,271,20490308.569999993,0.05365196257093339,0.03497504318214083,0.0012721535564175158,0.0005076695057856614
2011-10-01,259607,41140086491.759995,13943,2347316549.6500006,8037,1442338283.8500001,244137,416,4569,866478702.74,212,17319878.92,0.057056675126829104,0.035059194251788654,0.0017039613004173886,0.0004209976302181335
2008-10-01,246483,37556567347.55001,7299,1149880844.4899998,2493,417663087.18999994,240036,393,1683,236592755.76000005,48,2076841.24,0.030617304128168994,0.01112090685298602,0.0016372544118382242,5.5299016568282886e-05
2005-03-01,138039,17670423970.170002,2118,226507972.6899999,622,61177351.77999998,134769,56,2059,279704450.82,32,365266.6000000001,0.01281847979835544,0.0034621326507657873,0.00041552582567207593,2.067107165151318e-05
2010-11-01,253595,39820179511.66998,15320,2622813078.1299996,8611,1591166845.91,241020,477,5915,1098969063.15,168,13540882.399999999,0.06586643029475393,0.03995880644997297,0.0019790888722927558,0.00034005076235358537
2018-10-01,314668,55978362560.16999,5593,877441442.98,1782,285157551.2199999,303281,119,2395,354541821.9200001,32,1922901.62,0.015674653613471746,0.005094067389225434,0.0003923753878416386,3.435080148929174e-05
1999-06-01,18472,2104846000.0,98,12263000.0,0,0.0,14150,0,32,3292937.9300000006,0,0.0,0.005826079437640568,0.0,0.0,0.0
2004-02-01,110441,13255822220.829996,2732,295912631.2,734,75447938.75999998,107976,82,1965,249865558.05000004,28,233118.30000000002,0.022323219659283557,0.005691683058440708,0.000759428021041713,1.7586106400377147e-05
2003-03-01,113090,13389583537.930006,2633,283531246.36999995,724,74940196.33999996,112867,93,5370,727868265.4700001,26,385615.42000000004,0.021175508974331632,0.005596902706324614,0.0008239786651545625,2.8799657502985725e-05
2006-03-01,166826,22805035940.280006,2432,281132610.15999997,661,69254831.05000001,162895,61,1529,192388589.16999996,21,345346.51999999996,0.012327654773103951,0.003036821833184521,0.00037447435464563065,1.5143432393808352e-05
2000-05-01,59299,6794413881.3200035,498,55662950.56,35,3500792.11,55138,15,237,26253382.58,0,0.0,0.008192458029828752,0.0005152456372469134,0.00027204468787406146,0.0
2008-02-01,225781,33326322884.920002,4856,698333635.9,1352,191501067.4800001,221681,176,2740,484040801.97,29,945970.22,0.02095441607258725,0.005746240536085468,0.0007939336253445266,2.8385076363406623e-05
2026-02-01,346349,81307514162.46002,7208,1650725979.51,2287,571722579.5400001,339933,204,3157,874477526.2,14,0.0,0.020302256150786936,0.007031608153677467,0.0006001182585980179,0.0
2015-01-01,265385,43282023600.45999,8379,1294606233.8399997,4053,671839307.9699998,250047,138,2208,368747700.77999985,118,8669264.589999996,0.029910945148743946,0.01552236360692848,0.0005518962435062208,0.00020029711803742608
2016-07-01,285139,47900558311.24999,6502,1001747629.6000004,2397,386290828.17,271979,105,3341,588642974.5799999,65,4588271.829999999,0.020913067924820585,0.008064432686983425,0.00038605921780725716,9.578743947379818e-05
2013-12-01,242850,38532464720.15998,10322,1620234655.4499998,5463,918471378.1200004,226308,170,2178,306551724.28,151,10782985.619999992,0.042048560018593924,0.023836299722593688,0.0007511886455626844,0.0002798415751058455
2005-12-01,159374,21459228794.139996,3019,341272479.6300002,756,78762276.7,155332,119,1422,184766105.66000012,25,465946.20999999996,0.01590329656782417,0.0036703218673686962,0.0007661009965750779,2.171309204398057e-05
1999-03-01,4354,501816000.0,17,2009000.0,0,0.0,1227,0,7,908488.81,0,0.0,0.004003459435330878,0.0,0.0,0.0
2009-06-01,247124,38122472192.10999,11433,1983880102.8800006,5359,991963131.0200002,240824,548,5487,960125550.0600001,90,4700586.94,0.05203964981291517,0.02602043031263071,0.002275520712221373,0.0001233022590012632
2024-12-01,330366,74804685530.17998,6567,1433682765.1199994,2056,470346869.70999986,321222,259,2046,380260891.39999986,9,248947.40000000002,0.019165681333445077,0.006287665891199265,0.0008062959573130109,3.3279653304546292e-06
2016-10-01,284931,48048315888.64,6249,962589094.49,2332,370612068.5500001,273126,125,4039,745116765.0200001,43,2869740.639999999,0.020033773852156673,0.0077133206793127875,0.00045766422823165866,5.9726144130651794e-05
2002-12-01,116245,13902163610.200003,2992,325084783.74,685,70437115.19,116269,115,5418,733211993.8099998,14,119505.33999999997,0.023383754705741316,0.005066629710667508,0.0009890856548177072,8.59616843469739e-06
2009-09-01,250439,39005449520.47,14251,2493060923.29,6801,1284259043.0899997,240138,713,2605,403502668.9800001,115,7062494.289999999,0.06391570803412086,0.032925118384189433,0.0029691260858339787,0.00018106429683097518
2014-01-01,245161,39017464200.52001,9913,1557066802.1999998,5393,907819998.3299994,228055,180,1748,231474520.12,160,10876082.429999996,0.039906919480924334,0.023267016884144415,0.0007892832869263993,0.0002787490846177298
2014-05-01,252459,40529141588.02,8872,1384990920.1100006,4682,783009501.0900003,236633,141,2122,299898934.27000004,190,13649510.360000001,0.034172717848023455,0.01931966655127603,0.0005958594109866333,0.000336782616783442
2015-11-01,277524,46077313623.66,7049,1084638319.0,2958,487561453.5899999,262714,131,2312,369404450.57000005,89,10421902.19,0.023539530274244432,0.010581377585772373,0.000498641107820672,0.00022618293842218505
2008-11-01,249715,38214145329.84,8994,1435646146.5699997,2824,480132736.2999999,241939,451,1043,141076656.46999997,43,2354269.7100000004,0.037568448389422894,0.0125642672930613,0.0018641062416559545,6.160728415301334e-05
2011-09-01,259694,41141443084.68998,13908,2342513968.769999,7907,1424836392.5499997,244480,406,3868,729768657.5400002,232,19336921.090000007,0.05693806033852327,0.03463263040183017,0.0016606675392670158,0.00047001076384692693
2016-05-01,283955,47527444520.48999,5972,915393521.57,2430,390275458.09999996,271222,90,3386,588636410.5599998,139,13851115.290000007,0.019260314346910792,0.008211580951543581,0.00033183148859605786,0.00029143404257783153
2021-11-01,254749,47005254372.67001,6511,1226248736.0099998,3996,808118028.5399998,248965,173,5175,961765102.1299998,6,57008.28999999998,0.02608748218418259,0.017192078615999556,0.0006948767899102284,1.2128067544964924e-06
2018-09-01,313165,55609478298.96,6195,978758096.7800001,1806,288513271.6800001,301264,97,2190,337716795.5700001,29,1049506.21,0.017600562470989855,0.0051882031715696905,0.0003219767380105157,1.8872793669413503e-05
2022-07-01,261173,50898300735.44998,4891,882806259.16,2139,398382644.75000024,252747,103,2131,312697834.6699999,8,176444.51000000004,0.017344513400329244,0.00782703231726029,0.0004075221466525814,3.466609050802924e-06
2026-03-01,342587,79999360532.69002,6439,1475986963.0599997,2225,558142422.9300002,337439,179,3942,1107417311.4,18,0.0,0.018449984515274586,0.006976836054857305,0.0005304662472328332,0.0
2015-07-01,272072,44856331604.12998,6858,1068610639.0300001,3173,528878102.8199998,257326,107,3070,490009311.0200002,118,8564243.179999998,0.023822961013860788,0.011790489411561807,0.00041581495845736537,0.00019092607160973182
2005-07-01,147835,19368650119.460003,2567,281233239.47000015,587,57305815.15999998,144323,56,2175,298432199.21000016,15,404349.71999999986,0.014520022703463493,0.002958689160398632,0.0003880185417431733,2.0876504945160996e-05
2012-05-01,254612,40188108738.159996,12800,2146737401.9799998,7832,1399491158.9800003,239457,283,4773,834387790.7500001,270,21408212.72999998,0.053417228861571145,0.03482351379354996,0.0011818405809811364,0.0005327001792864202
2005-11-01,156912,21028000782.73001,2982,337115498.03,735,75690801.63000001,152512,189,1654,212857349.13999993,23,350367.3599999999,0.016031742699328222,0.0035995243871287923,0.0012392467477968948,1.6661943454355942e-05
2000-12-01,85757,9946734455.720003,1427,157852073.62000006,130,14380648.570000004,82299,44,483,62091953.49999997,2,30046.67,0.015869738387277958,0.0014457658072625252,0.0005346359008007388,3.020757227787584e-06
2003-12-01,107049,12759316225.889997,2675,283906032.45000005,731,74510642.52,104008,78,1991,242280587.63000005,25,217255.49000000002,0.022250881428420497,0.005839704981118819,0.0007499423121298362,1.7027204761895134e-05
2012-07-01,252510,39809696463.79001,12714,2111816471.15,7551,1337089350.4299998,238071,298,4991,896769053.3000002,262,20638038.230000004,0.053047791335732994,0.03358702701102446,0.0012517274258519518,0.0005184173722291978
2025-12-01,347648,81712472561.11,6973,1573520143.2799993,2188,542965584.37,338124,200,3197,800248216.35,67,1896188.73,0.0192567926775587,0.006644831166550912,0.0005914989767067703,2.3205621743754045e-05
2018-04-01,306674,53839206700.15997,5854,926022708.7800001,2305,373244292.26000005,293866,123,2545,381644747.4500001,41,1612878.98,0.017199783680639718,0.006932574143201316,0.00041855811832603975,2.9957331819215078e-05
2005-02-01,136242,17387687475.859997,2750,309102638.51000005,655,64612673.11,132940,61,1449,184062267.92000005,25,748136.18,0.017777098820020733,0.0037160015211743533,0.00045885361817361213,4.30267786350926e-05
2018-01-01,302291,52689714908.37998,6755,1049922835.2900003,2644,435569056.3199999,290402,173,2369,359920940.68999994,41,2225496.91,0.01992652336638505,0.00826668083282275,0.0005957259247525844,4.2237786138524885e-05
2012-03-01,256558,40579400510.40002,12879,2177271694.77,8040,1430791865.4499998,241592,321,4855,868254365.1900002,278,22727261.14,0.05365460473503031,0.03525906857799205,0.00132868638034372,0.0005600689230038101
2023-07-01,291202,61050348286.490036,4797,937052037.7099997,1612,321675844.53999984,281872,111,1635,252082161.12999997,12,281308.13,0.015348840162429704,0.0052690255431545865,0.000393795765453823,4.607805489985243e-06
2009-12-01,251844,39362053330.44001,15649,2752014510.3799996,8196,1548347758.0999994,240583,778,3619,635348041.6,155,9719817.010000004,0.06991542050098727,0.03933605152916679,0.0032338112002926224,0.0002469336883521607
2023-04-01,284082,58492612820.80998,4811,918960643.7899998,1746,337643782.41000015,273828,110,1456,218870874.0799999,4,142470.66999999998,0.01571071284856436,0.005772417509273517,0.00040171202360605925,2.4357036406708957e-06
2008-03-01,227893,33804579351.02,4733,680225361.7099997,1360,196255024.33,222770,159,2706,440633007.15999997,29,1051505.15,0.0201222844587615,0.005805575105435481,0.0007137406293486556,3.110540554524819e-05
2012-06-01,253948,40074201368.59002,12953,2162073705.0799994,7690,1367582702.5000007,238691,314,4640,834648428.0799996,275,20535879.799999993,0.053951760265760984,0.03412626217853729,0.0013155083350440528,0.0005124463894144107
2021-08-01,258142,46864752636.74999,7521,1464042201.0300002,5205,1076014963.1199996,253888,85,6072,1169077018.8799996,7,398558.20000000007,0.03123972961892773,0.022960005176176256,0.00033479329468111925,8.50443409120786e-06
2024-03-01,311225,67561982473.420006,5133,1050681492.1900003,1604,344166429.2200001,301836,142,1733,275076321.66999984,7,121047.52000000002,0.015551371551350727,0.0050940842263679995,0.0004704541539113956,1.791651392817286e-06
2009-08-01,249195,38714740973.91,13974,2446268010.639999,6294,1180625251.6599998,238260,689,2931,477974652.84,90,5520572.099999999,0.06318699154641244,0.030495496597939976,0.0028917988751783765,0.0001425961264656357
2007-07-01,207552,30030636646.10999,3557,462098569.6599999,796,100046272.11999995,203513,101,1642,221402293.3,20,302252.90999999986,0.015387571535878768,0.003331473564779034,0.0004962827927454266,1.0064818590489393e-05
2005-08-01,149726,19759367838.5,2407,263613579.15999997,591,58973778.79,146403,64,2466,327495501.21,24,299249.48,0.013341194987339825,0.002984598458412873,0.00043714951196355267,1.5144688962008666e-05
2018-06-01,308822,54469646714.200005,5712,901953686.6599998,1983,320024821.45000005,297461,105,2797,429605338.16999996,41,2299162.900000001,0.01655883122195585,0.005875287260979627,0.00035298745045569,4.2209983700897013e-05
2001-12-01,106015,12508088965.92,2552,282595543.71999997,440,46954455.839999996,105700,93,4996,660903453.2000003,8,89808.53,0.02259302316204899,0.0037539272360417194,0.000879848628192999,7.180036074631035e-06
2006-11-01,187722,26455431009.299995,3233,401354655.34999996,695,78646518.52000003,183250,82,1507,216232682.99000004,23,494409.70999999996,0.01517097397539696,0.002972792939655871,0.00044747612551159616,1.8688401252136014e-05
2002-04-01,113215,13486392939.799997,2078,227868266.22999996,432,45028781.16000002,110326,67,1987,246338548.56999993,16,134623.95,0.016896160985902523,0.0033388305799035836,0.0006072911190471874,9.982205812994536e-06
2022-04-01,256172,48795017281.98998,4994,919405883.2599999,2592,497033455.3999998,248618,98,3021,485555091.68,7,101112.28,0.018842208374406057,0.010186151846767612,0.0003941790216315794,2.072184530966855e-06
2015-10-01,275549,45673305637.469986,6938,1072053881.8300004,2968,493624067.9200001,261520,125,2777,438645737.13999987,131,7300226.5100000035,0.023472220082763107,0.01080771494487658,0.0004779749158764148,0.0001598357379241445
2024-11-01,328757,74177807586.22,6614,1425363386.2899997,1863,424716323.09,318585,163,2159,442683053.74000007,24,1127306.4,0.01921549628752831,0.005725652144630107,0.0005116373966131488,1.5197353988788144e-05
2002-10-01,118208,14164406053.899998,2642,291226811.9199999,587,60554391.27,118055,86,6042,851235252.2199999,23,244108.92999999993,0.0205604676123934,0.004275109809728102,0.0007284740163483122,1.723396865855787e-05
2023-12-01,304727,65400578241.86003,5650,1146221450.0100007,1632,344117151.4999999,295368,155,1367,186298074.0599999,8,180177.85999999996,0.017526166905912077,0.005261683623459855,0.0005247691015952981,2.7549887912868032e-06
2001-01-01,90468,10558522799.210005,1345,147295683.70999998,170,18650172.18,85550,61,928,131186684.66000004,1,0.0,0.013950406369442205,0.0017663618798451064,0.0007130333138515488,0.0
2009-10-01,250876,39125279771.55001,14441,2552648566.3699994,7354,1389713856.6300004,240821,805,2877,471620708.39000005,148,9157202.47,0.06524294730350173,0.03551958899065898,0.0033427317385111765,0.00023404822977543717
2020-11-01,288439,51512183119.61999,12819,2591063785.6,8751,1873664568.4599998,285425,147,8459,1858206544.4099996,11,483599.8799999999,0.05030001892140957,0.03637323163161294,0.0005150214592274678,9.388068039690714e-06
2003-09-01,102424,12039421981.11,2653,283340669.12,703,73913516.13999999,100665,65,4119,513323194.81,21,149555.19,0.023534408010996287,0.006139291093540137,0.0006457060547360056,1.2422123772607515e-05
2006-09-01,182803,25609016282.81,3102,379333218.61000025,679,77052033.46,178271,91,1366,179849744.76999995,31,546779.5,0.014812486915580075,0.003008785367195889,0.0005104587958781855,2.135105440840477e-05
2022-05-01,257765,49482802048.2,4946,909051549.8599999,2414,455338673.48999995,249813,107,2671,410790113.65999997,7,355912.49,0.018371060494401972,0.009201958147933207,0.0004283203836469679,7.192650279855095e-06
2007-05-01,203327,29280390987.940018,3331,426144000.78999996,732,89321103.8,199066,88,1838,253391386.06000006,26,279438.42000000004,0.014553904043341491,0.003050543411008053,0.000442064440939186,9.543534446486554e-06
2000-03-01,51026,5832657475.230001,379,42171031.28,26,3047085.1499999994,47756,13,154,17945535.579999994,0,0.0,0.007230157344073604,0.0005224179823588634,0.0002722171036100176,0.0
2001-07-01,101861,11968042151.569998,1812,202744957.99999994,295,32396289.889999997,98207,80,2102,271513660.2700001,2,50083.56000000001,0.016940528403252938,0.002706899715067445,0.0008146058834909935,4.1847746996303754e-06
2005-10-01,153969,20522295397.79,2921,325061356.39000005,611,62798349.10000002,150706,80,1890,249542501.86999997,18,363986.9099999999,0.01583942488348575,0.0030600060998421563,0.000530834870542646,1.7736169514410014e-05
2025-09-01,345060,80605333580.14005,6395,1440146539.66,2064,498126421.3400001,336217,158,2771,655561927.0600003,15,308756.5699999999,0.01786664077542917,0.006179819612615945,0.00046993459581163357,3.830473199307904e-06
2015-03-01,266602,43519403144.979996,7356,1153285042.6499999,3715,620868979.2200001,252894,116,3662,710343292.0000001,162,12569429.839999996,0.0265004793105264,0.01426648654053561,0.00045869020221911156,0.00028882358055615687
1999-01-01,1,60000.0,0,0.0,0,0.0,0,0,0,0.0,0,0.0,0.0,0.0,,0.0
2017-09-01,296824,51329764396.18,6552,1016569869.8600003,1980,310218557.5400001,284653,115,2875,460225734.5699999,46,2736995.57,0.019804686068959517,0.006043638835854208,0.0004040006604532536,5.3321802704469246e-05
2006-10-01,185024,25985449407.88999,2981,364270128.3800001,694,77351833.97,181066,88,1509,206042401.39,17,217660.47,0.014018234692119519,0.002976736432601915,0.00048601062595959486,8.37624420433966e-06
2015-08-01,273299,45148586461.790016,7035,1093123564.63,3127,521263685.03,259000,129,2826,438314111.82000005,95,6845433.29,0.024211689673942025,0.011545515062163772,0.000498069498069498,0.00015162010212198786
2014-10-01,261086,42421843171.59999,8234,1276197937.5599995,4190,695665122.5399998,245651,153,2406,358511991.47999984,159,12639251.499999998,0.030083509865369815,0.016398748157310725,0.0006228348347859362,0.0002979420636881133
2023-01-01,276235,55944124833.23998,4746,871210446.31,1908,354595352.89,267182,98,1197,140351706.05000007,11,239073.6,0.01557286755145302,0.0063383841278595214,0.000366791176052279,4.273435337716662e-06
2014-12-01,263811,42959479482.48998,8386,1299485312.2999992,4104,681760218.5900003,248758,129,2600,436529547.32,117,10233279.300000006,0.030249093516825813,0.015869843554968618,0.0005185762869937852,0.0002382077116220886
2006-08-01,179976,25125645767.910004,2856,339749701.62,661,72135644.17000002,175624,86,1485,184914589.16000003,24,394750.2500000001,0.013522028637923482,0.0028709966237815184,0.0004896825035302692,1.5711048927712243e-05
2002-02-01,109323,12920655029.179998,2455,268969900.31999993,438,46907913.31000001,106322,77,2401,307471348.5799999,12,-7337.030000000032,0.020817048339465644,0.003630459384919976,0.0007242151201068452,-5.678527894623058e-07
2016-12-01,285087,48170291833.81001,6349,966970393.9599998,2280,359832677.7700001,273512,110,3526,611588597.7900002,140,9403229.980000002,0.020073999080098943,0.00747001240954573,0.0004021761385240867,0.0001952080758082519
2009-05-01,248457,38289005761.37,10982,1880442108.9899998,4978,917691608.5999997,242595,574,5396,974387496.4099998,97,6199947.81,0.049111803025378854,0.02396749642232455,0.0023660833900121603,0.0001619250144190258
2019-10-01,325758,58809017031.91001,5435,875818370.4199996,1637,266785670.96,318521,104,5382,1170788112.7200003,27,859825.1300000001,0.014892586453957852,0.0045364756022914145,0.000326509084173414,1.4620634273370961e-05
2010-03-01,255546,40186755833.69001,14786,2630589482.8199997,8766,1660708843.42,242302,570,3015,480457628.04000014,204,11853291.279999997,0.06545911527933493,0.04132477999201339,0.002352436215961899,0.0002949551670469243
2019-06-01,328294,59229233627.44001,6428,1057025164.3599998,1683,273553070.1999999,318660,105,3324,608531853.2199999,28,1510315.5499999998,0.01784634207845458,0.004618548197342654,0.0003295048013556769,2.5499495055095453e-05
2000-01-01,44564,5106683871.56,358,40724744.1,18,2545347.2800000003,39052,10,84,8641144.8,0,0.0,0.007974792472822352,0.0004984344721582388,0.00025606883130185393,0.0
2007-04-01,201112,28885571099.05999,3161,405990676.1899998,728,87160672.08,196306,102,1802,254328760.23000002,14,363935.72000000003,0.014055137590934174,0.003017446730794823,0.0005195969557731297,1.259922190050947e-05
2009-02-01,251078,38543508339.420006,9949,1670599378.09,3888,686576478.4200001,246672,588,5069,966052439.6799998,59,2937716.8399999994,0.043343210051831484,0.017813025020294027,0.002383732243627165,7.621820032909349e-05
2020-01-01,325313,58944195806.56,5216,851728608.28,1647,277761408.8200001,317185,107,3894,780468009.8499998,80,3646695.33,0.014449745163631695,0.004712277519767054,0.0003373425603354509,6.186691123868303e-05
2006-06-01,174356,24107940712.540005,2635,313880457.29999995,640,68555862.67999996,170253,64,1409,180826379.30999994,16,298724.57,0.013019795470823091,0.0028437046323222413,0.0003759111440033362,1.2391127618984694e-05
2005-09-01,152137,20186671665.250008,2816,309341161.78,595,60292156.60000004,148299,63,1862,243699086.67000005,30,452175.0699999999,0.015324029979271417,0.0029867309281989716,0.0004248174296522566,2.2399684182627725e-05
1999-12-01,39068,4431375302.990001,317,36088000.760000005,10,1205329.3199999998,36571,7,123,13495974.22,0,0.0,0.008143747322789427,0.00027199892529678604,0.00019140849306827814,0.0
2005-01-01,134413,17088404993.790005,2472,267779223.92,659,62924438.83,129942,71,1367,179230265.51999992,22,252496.23999999996,0.015670229258805138,0.003682288595855903,0.0005463976235551246,1.4775881077944848e-05
2002-05-01,115513,13795878437.559998,2074,223776376.1299999,453,45875499.960000016,112338,68,1904,235964843.25999996,8,15009.270000000008,0.016220523915371498,0.003325304739936065,0.0006053160996279086,1.0879531932621621e-06
2009-11-01,251410,39263636304.71999,15410,2716236639.26,7851,1485620628.6800003,240634,770,3214,552940628.03,136,9338932.339999998,0.06917944680873772,0.03783706168094802,0.003199880316164798,0.00023785194696491569
2022-01-01,253976,47415907218.37,5853,1083938011.2,3377,671072796.9299996,247685,154,3744,659017847.5499996,10,221844.60999999996,0.022860218749121766,0.014152904295164697,0.0006217574742111957,4.678695885292527e-06
2004-07-01,120050,14846170527.880003,2404,256614513.04000005,656,65079125.28,117118,79,1542,178179749.92999998,32,359382.18,0.017284895964120653,0.004383563098496427,0.0006745333765945456,2.4207062644545744e-05
2010-06-01,259031,40931830028.91999,14987,2621284165.2699995,8602,1608322096.09,244693,463,3061,503034579.0000002,184,12386936.720000003,0.06404023869487283,0.03929269947015942,0.0018921669193642647,0.00030262357464223155
2013-07-01,237109,37242863673.75999,10644,1712355828.4999995,5997,1034140882.6000001,222668,173,4456,713053800.2200001,195,13527572.100000001,0.0459780924340269,0.027767491019457226,0.0007769414554403865,0.0003632258845210943
2009-04-01,249789,38478204847.66001,10063,1723667531.6400006,4535,826590915.6800003,243618,544,5270,952313150.8699999,74,4396537.15,0.044795944573407576,0.021482055073841835,0.0022330041294157245,0.00011426045387009183
2017-04-01,292171,49940688191.3,6157,947378799.4000005,2142,337424992.4399999,278716,108,2368,346302708.64000005,58,3896425.77,0.01897007898191199,0.006756514670912796,0.00038749120969015056,7.802106681178621e-05
2000-07-01,65333,7484057808.799999,694,78783883.95000002,49,5023516.73,62071,18,283,30411548.35999999,1,-3267.1400000000053,0.010526894094452793,0.0006712290121667935,0.0002899904947560052,-4.3654660125131524e-07
2011-08-01,259907,41238010097.850006,13836,2334266360.3100014,7843,1417611331.48,244335,347,3179,515104690.33999985,245,19861318.959999993,0.056604728374895594,0.034376327279523826,0.001420181308449465,0.0004816265118727319
2011-04-01,255849,40373286344.98,13771,2355619824.2699995,8015,1463781086.5600004,239738,355,2186,316673511.4000001,261,20901907.610000003,0.058346001465964296,0.03625617875276101,0.0014807831883139094,0.0005177162798043795
2020-02-01,324809,58778965918.90002,5487,897059547.9800001,1629,276061397.4199999,317233,118,4006,851615485.6700001,29,1912994.9700000004,0.01526157416953734,0.004696601804817292,0.0003719663465024131,3.254557034295985e-05
2021-02-01,276063,49255128727.4,11934,2371690589.64,8084,1710989357.2999997,272757,114,7718,1662843757.790001,6,213257.80000000002,0.048151139808526346,0.034737283233374196,0.00041795444296571674,4.329656738494471e-06
2013-10-01,239709,37871524610.25,10212,1626923502.0100005,5699,972971784.2199999,224228,191,2443,343286337.62999994,170,11681651.200000003,0.04295901785717046,0.025691381433232907,0.0008518115489590953,0.00030845473796527173
2023-09-01,296504,62789331525.690025,5147,1008419180.8900002,1621,333330346.0899998,287018,128,1505,230452008.15000013,15,680279.17,0.016060358605305573,0.005308709903267865,0.00044596506142471903,1.0834311394470991e-05
2002-08-01,118665,14202194952.280005,2452,265317989.57999998,544,55541218.419999994,118570,88,3423,474401506.03000003,11,2490.729999999984,0.018681477790685172,0.00391074890934964,0.0007421776165977903,1.7537641247489882e-07
2022-12-01,273577,55095551910.65001,4970,912401129.2500001,1897,348714793.5399999,264588,124,1295,163356300.03999996,9,104205.60999999999,0.016560341036780363,0.006329273080075873,0.0004686531513144965,1.8913615779544804e-06
2007-03-01,198303,28368528612.42001,3078,393457918.31,713,86616466.48999995,193530,95,1611,236773831.7200001,18,521075.6600000001,0.013869521528083075,0.003053259041855221,0.0004908799669301917,1.836808905809335e-05
1999-04-01,8864,1014617000.0,40,4892000.0,0,0.0,4354,0,16,2201503.57,0,0.0,0.004821523786808224,0.0,0.0,0.0
2000-10-01,78819,9130494277.649996,964,108172551.40000002,86,9453048.21,74329,32,391,45251690.83,0,0.0,0.011847392716163165,0.0010353271052520744,0.00043051837102611366,0.0
2002-11-01,117464,14069334189.899996,2906,324204540.57,622,64435504.12999998,117068,104,5401,745467968.4399999,16,142856.63000000003,0.023043346344188618,0.004579854544663281,0.000888372569788499,1.015375909561897e-05
2021-12-01,254041,47175037449.029976,6059,1135585034.9899998,3609,722112280.7400001,248288,143,4754,844995419.1699997,136,2551284.7700000005,0.024071735739837764,0.015307084419810001,0.0005759440649568243,5.408124525087071e-05
2022-08-01,263515,51792662535.12001,4600,831693468.1900002,2023,374820892.8300001,254848,77,2131,309686356.51000005,12,287846.3400000001,0.01605813309223171,0.007236949685215321,0.00030214088397790054,5.557666393474458e-06
2003-05-01,108549,12759049673.069992,2703,295344273.4,680,72276750.47000001,109032,89,5853,781229330.48,29,103586.18000000008,0.023147826912483235,0.005664744030470515,0.0008162741213588672,8.118643837450936e-06
2019-12-01,325322,58915966855.240005,5843,962842789.64,1722,286768009.60999995,317818,131,4478,896139030.9200002,25,1866244.6800000002,0.01634264599282163,0.004867407341622786,0.00041218559049518907,3.1676382135686124e-05
2002-07-01,119566,14346334766.039999,2365,258064649.46000004,519,52749344.87000001,117095,83,2468,330936044.5099998,14,183060.19999999998,0.017988193756002344,0.0036768516649190357,0.000708826166787651,1.2760067500539016e-05
2012-02-01,257625,40787383895.29999,13456,2267292216.3500004,8123,1440680982.9600008,242326,301,4486,820758237.3899995,241,20530028.089999992,0.05558807650351081,0.03532173052967031,0.0012421283725229648,0.0005033426057111181
2013-11-01,241195,38174278953.759995,10337,1631553699.9499996,5561,942918998.7699997,224768,193,2153,299750330.53000003,166,11731988.409999996,0.04273960752281082,0.024700374823376368,0.0008586631548974943,0.00030732704668006436
2010-08-01,258087,40742712238.52001,14906,2585502175.0199995,8563,1593598475.5400002,245868,471,4910,886185395.0599998,220,16183635.149999999,0.06345925523769005,0.039113706181625775,0.0019156620625701596,0.00039721545917847007
2016-06-01,284115,47610508232.53999,6125,942516461.53,2419,390218491.6500001,271743,104,3632,645308495.0299999,70,4956412.440000001,0.019796395722695214,0.008196058100117075,0.00038271455014480594,0.00010410332978996598
2020-05-01,316526,57017834211.64002,17551,3653423658.4300003,2304,421208364.3600001,312755,81,7654,1714471994.6000004,20,1378166.9499999997,0.06407510402568332,0.007387309079411011,0.0002589886652491567,2.417080496050569e-05
2013-02-01,241937,37874510233.39001,12067,1973778631.1699991,6891,1199846991.3100002,227114,218,4839,846735169.8900001,204,14423218.799999995,0.05211364104795537,0.03167953813570955,0.0009598703734688307,0.00038081598180732506
2021-01-01,279902,49952821900.50002,11678,2345737841.060001,8168,1738337932.4400005,276143,104,7382,1565820166.1899996,8,235210.89999999988,0.04695906561059607,0.03479959422317641,0.00037661646320927923,4.708660913461737e-06
2018-05-01,307862,54168447026.31,5632,883810372.0700003,2105,342838415.47,296213,117,2761,408018897.5599999,81,4742463.78,0.016315962900703567,0.0063291165667622145,0.0003949860404506217,8.755029985808071e-05
2007-01-01,193265,27489894839.11,3293,411806050.7,728,85445459.76,188322,107,1414,202600311.41999996,8,170011.72000000003,0.014980270135996359,0.003108249786333717,0.0005681757840294814,6.184516928676044e-06
2004-06-01,118551,14608847118.389997,2383,252333293.74000004,630,63854167.0,114964,65,1978,233953726.42999998,31,509342.8999999999,0.017272635663519012,0.004370924446161033,0.0005653943843290073,3.4865372734226634e-05
2014-08-01,257554,41637299680.95999,9047,1394508280.8899996,4429,731767160.6300001,241367,145,2382,364282368.05,211,10550178.179999998,0.033491804021279596,0.017574798707818806,0.0006007449237053947,0.0002533828625016336
2001-08-01,103287,12143584740.979996,1809,199139251.60000005,323,36190791.809999995,101361,77,2179,284014686.61,8,48804.94,0.016398720464146026,0.0029802395735642863,0.0007596610136048382,4.0189895357094865e-06
2020-07-01,307654,55198496953.51998,15384,3196035759.420001,9878,2161689806.03,303753,86,8705,1943001460.4599996,13,583112.5,0.057900775126381254,0.03916211355990827,0.0002831247757223797,1.0563919892438578e-05
2011-07-01,259715,41166944844.14001,14135,2378687729.57,7935,1435949456.8100007,242900,382,2672,436762803.35,197,17215644.79,0.0577814977180314,0.03488112761941827,0.0015726636475916014,0.0004181909747050514
2004-08-01,122016,15149144851.699997,2357,247064714.45000002,657,64696896.650000036,118617,63,1632,189562037.83,29,418645.98,0.016308822502431552,0.004270663280557379,0.0005311211715015554,2.76349578869477e-05
2025-07-01,343333,79863742621.32999,6032,1344320431.5700002,1987,479336966.72999984,333461,183,2535,521107272.7500002,9,71807.32000000004,0.016832675096933904,0.006001934682710182,0.0005487898135014289,8.991229016209635e-07
2014-07-01,255571,41205142327.509995,8764,1354654410.7100003,4539,758739268.6099998,239554,142,2470,377994876.31000006,145,11140458.300000003,0.0328758580650645,0.018413703381469426,0.0005927682276229994,0.00027036572793396815
2003-08-01,102107,11942454295.649992,2652,283792456.0300001,726,74988457.46000002,101622,102,6299,820687790.3400002,31,270166.19,0.02376332778877544,0.0062791496290100415,0.00100371966700124,2.262233401206378e-05
2019-07-01,329011,59504651339.62003,5681,914908855.95,1643,269223928.83,319389,108,4301,856661774.1300004,70,4243998.880000001,0.015375417473303057,0.004524418222256558,0.0003381456468444436,7.132213674822787e-05
2021-07-01,260311,47075550715.06001,7951,1555608313.020001,5552,1154525896.4799998,255241,95,5868,1120452766.96,7,258388.59000000005,0.033044930741985855,0.024524957837841154,0.00037219725671032476,5.48880652642771e-06
2023-11-01,302090,64579086472.37002,5245,1050267043.4599996,1590,339260417.04,291959,152,1293,175856352.62000012,89,5054125.100000001,0.01626326882015207,0.005253409974839945,0.0005206210461057889,7.826256728116452e-05
2017-10-01,297922,51632226731.409996,6859,1072803110.4700001,1996,313218285.56000006,285885,94,3066,501410518.4400002,49,3185757.09,0.020777781211155283,0.006066333090559051,0.00032880353988491874,6.170094322238428e-05
2024-07-01,320852,71121537882.79001,5599,1171840047.8999999,1612,359843536.1400001,311654,158,2022,357144959.24000007,13,246296.05000000005,0.016476584770020303,0.005059557861825638,0.0005069724758867205,3.463030431174053e-06
2004-09-01,124645,15541085238.379995,2471,262409415.57999998,651,63463289.19,120582,75,1607,196429629.33999997,25,307446.54000000004,0.016884883620093546,0.004083581565672914,0.0006219833806040703,1.9782823096596585e-05
2018-07-01,310115,54844361868.82,5498,860297991.5700003,1912,305280140.12000006,298676,105,2703,409935362.64000005,31,1726943.1199999999,0.015686170141385035,0.005566299428374921,0.00035155151401518705,3.148807026200077e-05
2010-04-01,256692,40432845548.33002,14693,2597380206.0299993,8698,1644432132.05,242685,488,2830,451248533.78999996,189,13157161.670000004,0.06423936210290491,0.04067070001502576,0.002010837093351464,0.0003254077592504104
2001-11-01,106384,12552054648.710001,2245,253105686.84000006,410,44404514.74000001,106472,88,4359,574597418.2900002,10,10392.88999999995,0.020164482542785314,0.003537629175679501,0.0008265083777894657,8.279831701551783e-07
2007-06-01,205636,29675558448.549995,3590,465641874.97999984,771,98062892.97999999,201254,112,1722,232338118.23,30,640225.93,0.015691090558154333,0.00330450033990149,0.0005565106780486351,2.1574183047304464e-05
2010-01-01,252852,39566071883.420006,16269,2846804051.960001,8692,1629357699.4699998,240458,810,2875,505812408.79,131,7651146.479999998,0.07195063640252199,0.041180678847039534,0.003368571642448993,0.00019337644895717278
2003-07-01,103049,11995066589.93,2620,280542136.73999995,696,71304724.24999997,105062,97,8035,1099988682.8500001,23,146851.33000000002,0.023388126663299924,0.005944504243924842,0.0009232643581884982,1.2242643998598844e-05
2025-02-01,334480,76279248509.22003,6509,1419539659.6300004,2148,503729533.14999986,324480,180,1695,296572840.7200002,9,96250.12000000002,0.018609775101001653,0.006603755844410463,0.0005547337278106509,1.2618126408044787e-06
2013-01-01,242845,37996836709.35001,12168,1978860846.9499996,7058,1229778654.1999998,228277,302,5317,945656909.8800004,201,15414617.459999999,0.05207962078756557,0.03236529039527609,0.0013229541302890787,0.0004056815986528392
2001-10-01,107107,12649546281.769997,2127,238965252.53000006,376,41090255.94000002,105740,88,3428,454430385.5299999,12,38072.19000000003,0.01889121136893162,0.0032483580853186486,0.0008322299981085682,3.0097672400209405e-06
2010-12-01,252174,39545604936.63999,14985,2559971208.5200005,8521,1569197208.9699996,238917,461,5437,992344555.5500003,225,16714236.599999998,0.06473465793788181,0.039680698056943846,0.0019295403843175663,0.0004226572491881099
2003-06-01,106476,12442651766.419996,2732,293662880.92999995,690,71539752.22999999,107159,84,6155,841541912.1600002,13,122465.79000000001,0.02360130994926114,0.005749558339571166,0.0007838818951278007,9.842418826709308e-06
2006-05-01,171901,23685685695.359993,2674,315538638.0500002,651,70019663.28999999,168086,67,1500,188560798.20000005,21,372341.7799999999,0.013321912741239067,0.0029562016565860614,0.0003986054757683567,1.5720118251545548e-05
2003-02-01,114229,13547408318.999998,2993,324195535.62,732,75771232.60000001,113883,89,4847,662039925.6800001,19,104263.82999999996,0.02393044691546807,0.005593042655526386,0.000781503824100173,7.696219641787263e-06
2011-02-01,254004,39979956967.85,14964,2563410252.430001,8470,1548593725.7900004,237096,383,3003,491927459.3399996,235,19017581.65000001,0.06411738398046238,0.038734251941174094,0.0016153794243681885,0.0004756778919320262
2019-04-01,327443,58936819395.60003,5336,854414713.5099999,1692,274087213.56,315776,99,3026,510845934.39000005,34,1833154.7299999997,0.014497129676695563,0.004650526044173707,0.0003135133765707337,3.1103726817956776e-05
2025-06-01,341662,79201135778.70999,6141,1362122249.5300004,1976,471959797.26,331880,167,2300,454482272.33000004,14,552657.27,0.017198266617486458,0.005959002893325517,0.0005031939255152465,6.97789576584026e-06
2006-07-01,177306,24641052831.260006,2834,338308188.35999995,651,70139849.18000002,172693,75,1332,173945543.04000005,19,487750.79000000004,0.013729453472491937,0.002846463162930261,0.0004342966999241428,1.9794234984198082e-05
2018-08-01,311166,55156036099.68003,5260,824600176.5900002,1815,290427676.13000023,299992,87,2731,419216988.59000015,21,1250795.2999999998,0.014950316137652681,0.005265564690057288,0.0002900077335395611,2.2677396499986262e-05
2012-08-01,250406,39395920439.42,12340,2048809733.1100004,7402,1304875122.569999,236660,283,5527,1033526087.8599999,277,20184345.370000012,0.05200563180800666,0.033122087465288066,0.0011958083326290881,0.0005123460791083163
2003-11-01,105462,12508781856.060003,2888,310334475.20000005,744,78507023.06,101451,92,1981,236294359.71000004,30,318928.68000000005,0.024809328260022013,0.006276152543340301,0.0009068417265477916,2.5496381955489285e-05
2024-02-01,308878,66688553125.87999,5376,1095456150.8400006,1622,346855659.4899999,299934,141,1361,218392851.90000004,8,130775.51000000002,0.01642644951034159,0.005201127378416533,0.00047010342275300565,1.9609888634583324e-06
2012-09-01,248976,39133932071.96001,13234,2169863420.4,7411,1303569011.5499995,234626,315,5145,938549226.6700001,260,20502573.89000001,0.05544710959302596,0.03331045316767502,0.0013425622053821827,0.0005239078417241487
2001-04-01,95379,11146111670.26,1536,171512123.57000002,205,22493060.120000005,91520,61,2619,359829239.1999998,4,27751.660000000003,0.01538761934600277,0.00201801855081139,0.0006665209790209791,2.4898063845930096e-06
2016-09-01,285015,48006086097.44,6098,941277677.2700002,2294,367295211.4699999,272730,97,4002,776584348.2499998,59,4430359.179999999,0.019607465506757803,0.007651013472010301,0.0003556631100355663,9.228744811663067e-05
2014-06-01,253847,40814551512.22997,8912,1386116968.3700006,4625,773446783.2800006,238070,153,2316,358859057.34000003,163,11881972.519999992,0.03396134263424785,0.018950270298774184,0.000642668122821019,0.00029112098699503265
2008-06-01,236268,35489000110.179985,5571,843799376.5300002,1627,252828277.47000006,230294,212,1847,260635369.84000006,46,2036669.1,0.023776363772163793,0.0071241307640413495,0.0009205624115261362,5.738874281261544e-05
2002-01-01,107103,12652471279.400002,2266,248438477.38000014,434,45702598.53999999,105273,76,3130,401351117.30000013,9,84977.25,0.01963556935983667,0.003612147977321255,0.0007219324993113144,6.716257095035251e-06
2021-04-01,267257,47788985142.790016,9323,1867703606.7,6880,1445274785.9599993,263474,91,7594,1520523189.9999995,9,316645.32999999996,0.03908230319433312,0.030242843233469454,0.0003453851233897842,6.625906138284517e-06
2020-12-01,283271,50511901408.040016,12176,2455879365.849999,8413,1796198506.9300003,281245,110,9038,1957575579.9899993,75,3085336.24,0.04861981626886639,0.03555990681127078,0.0003911180643211435,6.108137199343094e-05
2013-08-01,237989,37480640424.36001,10581,1695021062.9600003,5918,1011109117.03,222021,230,3497,533378101.7700001,167,12715916.250000004,0.04522390876379864,0.02697683672376217,0.0010359380418969377,0.0003392662480157483
2015-06-01,270483,44514199576.04001,7178,1121640560.4,3294,551368143.3500001,256505,130,3323,548997595.3499999,111,9016752.07,0.02519736558407598,0.01238634297822524,0.0005068127326952691,0.0002025590071455157
2025-03-01,335997,76862853292.72998,6035,1318230110.3600006,2064,487446186.58000016,326467,167,2110,412961106.5299999,11,184881.6,0.0171504186208071,0.006341765439328349,0.0005115371538317808,2.405343961092411e-06
2015-12-01,278330,46279138702.39,6898,1064521871.2099996,2916,478483176.8600002,264718,124,2721,428556833.2000001,68,6804495.540000001,0.023002197125052033,0.010339068320545253,0.000468423001080395,0.00014703159416509616
2001-03-01,91844,10673164826.380003,1394,154215737.05000007,186,20595260.439999998,90984,41,2560,348782618.6499999,1,-38955.22000000002,0.014448923028794369,0.001929630130802098,0.00045062868196605997,-3.6498283905180158e-06
2022-11-01,270916,54272646881.61001,4962,907819076.56,1899,347670915.6400001,261442,86,1361,175856985.10999998,5,76916.87999999998,0.01672700943700628,0.006406006259440545,0.000328944852013066,1.4172310439877006e-06
1999-11-01,36581,4170520635.920001,280,32161375.14,6,731662.0,33269,2,94,9775987.270000001,0,0.0,0.007711597171585587,0.00017543660944830647,6.0116023926177525e-05,0.0
2018-02-01,303559,52985154522.85001,6901,1083024084.1200001,2584,425731942.1500001,291592,135,2066,304926729.5100001,34,1651614.2700000003,0.020440142033613256,0.0080349287641768,0.00046297566462728747,3.11712645716214e-05
2000-11-01,82471,9578525988.149998,1117,126501289.12999998,107,11956903.709999999,78682,41,472,58501753.2,1,0.0,0.013206759504176333,0.0012483031026686562,0.00052108487328741,0.0
2024-05-01,316590,69528380330.06,4877,1008189553.0499998,1514,328135480.1299999,307270,122,1994,335887040.24999994,9,948872.5499999998,0.014500403263588146,0.004719446628445813,0.00039704494418589515,1.3647269582515543e-05
2001-09-01,106328,12555469614.619995,2332,265897053.61000004,358,40411948.89999999,102750,83,2060,272276888.8699999,5,7893.910000000011,0.021177786396805176,0.0032186728286883837,0.0008077858880778589,6.287227990905324e-07
2023-10-01,298664,63501179533.35998,5031,999168783.6899999,1627,338551898.53999984,289815,118,1535,223196498.34999996,10,90676.38999999998,0.015734649199155307,0.005331426928253255,0.0004071562893570036,1.4279481210638562e-06
2014-11-01,262598,42690306126.189995,9068,1399082480.8800004,4207,695970376.18,247212,151,2265,377787942.05,129,10226530.730000002,0.0327728378602954,0.01630277314298832,0.0006108117728912836,0.0002395515904657837
2000-06-01,62140,7116621215.82,609,66583655.76,35,3272087.6899999995,59264,11,268,30025998.199999996,0,0.0,0.009356076955731023,0.0004597810661506423,0.00018561015118790498,0.0
2015-09-01,274466,45419470398.259995,7206,1115947745.5099998,3068,509747776.98000014,260281,133,2700,416818580.8700001,134,11495827.969999995,0.024569809725318845,0.01122311142138567,0.000510986203372509,0.0002531035229869258
2024-09-01,324797,72645322638.37,6041,1283187498.6399999,1739,390768171.74999994,315375,159,2084,426380109.34000003,6,347455.06999999995,0.017663731841728272,0.005379123631885461,0.0005041617122473246,4.782896646073676e-06
2011-12-01,258119,40833596406.57997,14142,2355499110.5,8170,1452828241.4900005,243133,389,4310,771520966.6100003,251,20695473.559999995,0.05768532085800878,0.035579237915372305,0.0015999473539174032,0.0005068246586446915
2004-12-01,131392,16615868792.529993,2500,270413834.31,643,60968363.32000001,127797,77,1875,240815911.03000003,22,222099.94000000003,0.016274432452883243,0.003669285312809499,0.0006025180559794048,1.336673650792486e-05
2014-03-01,248470,39683383860.98,9026,1416163186.2099998,5042,845694998.6099995,232402,143,1981,263514425.81,147,11960939.249999994,0.03568655312185937,0.021311060608456757,0.0006153131212295936,0.00030140925713144595
2005-06-01,145750,18983939837.020004,2365,259110633.37999997,561,53783359.73,142360,52,2131,280295653.89000005,25,483763.56000000006,0.013648938819049362,0.0028330978812479536,0.0003652711435796572,2.5482779873576475e-05
2015-04-01,268261,43912532545.05998,7279,1138059327.8499997,3573,596243640.69,253085,122,3159,563058465.73,120,8982443.019999998,0.025916504056836223,0.013577983462424455,0.0004820514846790604,0.0002045530626315583
1999-05-01,14150,1600430000.0,66,7853000.0,0,0.0,8864,0,28,3570627.7600000002,0,0.0,0.004906806295808002,0.0,0.0,0.0
2016-08-01,284692,47866482536.21,5994,922484640.2199998,2305,367649889.42999995,273062,111,4432,854139266.1500001,107,10931854.72,0.019272037370244605,0.007680737542222377,0.0004065010876650724,0.00022838224454304283
2024-10-01,326042,73144459523.65002,6006,1293464178.88,1788,403105028.34000003,317419,180,2822,686015850.9199998,10,474247.70000000007,0.017683693164234543,0.005511080825057745,0.0005670738046556759,6.483713231166335e-06
2017-08-01,295604,50979292689.36999,5657,868923115.5199999,1926,303330830.27,284020,95,3196,508963383.3,62,3193279.7499999995,0.017044628704728663,0.005950079223701144,0.00033448348707837476,6.26387613782223e-05
2014-02-01,247100,39394798327.62999,9732,1528655016.3200002,5285,887535557.01,230412,162,1589,212084048.51000002,137,9407780.950000005,0.03880347358569572,0.02252925753366573,0.0007030883808134993,0.00023880769414681203
2020-08-01,303110,54283099505.67999,14913,3076134169.2499986,10101,2193727802.1,300040,82,8481,1884116197.9199996,12,876795.1399999999,0.05666835897843532,0.040412721861441535,0.00027329689374750034,1.6152267427328004e-05
2025-08-01,344622,80386938482.60999,6384,1425539028.4700005,2025,482831634.5000002,335032,195,2526,527488235.27,16,563215.0300000001,0.017733465851276147,0.006006344359095733,0.0005820339549654958,7.006300284987714e-06
2019-01-01,320985,57346719743.94002,5689,901376212.9800004,1794,283566687.49,309638,115,1802,256865819.2199999,34,1339253.76,0.01571800823141678,0.00494477607012501,0.0003714014429753454,2.33536245138332e-05
2008-08-01,241489,36563960407.78,6654,1019684333.7299998,1976,318189242.0800001,234390,298,1352,175343565.37000003,48,1901394.09,0.027887688378336436,0.008702264156600949,0.0012713852980075942,5.200186382423239e-05
2004-01-01,109447,13109446144.640009,2609,278784388.33,741,75921189.30000003,105598,87,1527,185639210.08,22,236117.16,0.02126591659587275,0.005791334619505762,0.0008238792401371239,1.801122315884718e-05
2020-09-01,298097,53280442635.54,14186,2894836703.93,9765,2109116127.3899994,295504,128,8835,1986066710.34,11,430429.52999999997,0.05433206934356506,0.039585184038676544,0.0004331582652011479,8.078565205328977e-06
2014-09-01,259621,42089498634.49999,8700,1342052617.4,4325,713363639.2399999,243500,153,2291,348537694.09999996,154,11885249.71,0.031885687901731005,0.01694873216321158,0.0006283367556468172,0.00028238040593474496
2004-04-01,113470,13757759498.670006,2242,238689400.62000003,673,69455202.71999997,110184,56,3364,449614479.33,25,259746.35,0.017349438376435836,0.005048438499503816,0.0005082407609090249,1.8879989145406292e-05
2002-06-01,118053,14140459245.520006,2455,266317043.53999987,490,49771562.949999996,114600,74,1730,213070263.89,10,30453.06000000003,0.018833691248349993,0.0035197981964955397,0.0006457242582897033,2.1536118078801576e-06
2016-11-01,285300,48170769243.69,6332,976788795.5199999,2361,375305059.91000015,273084,101,3809,702303096.1000001,61,4687677.579999999,0.02027762501733251,0.007791136944718029,0.0003698495700956482,9.731373722278783e-05
2022-02-01,254828,47911335210.43002,6075,1113372269.74,3110,604643627.9,247560,182,3409,568621040.9500002,10,432281.5399999999,0.02323818079479499,0.012620053798216263,0.0007351753110357085,9.022531684858883e-06
1999-02-01,1227,139783000.0,1,70000.0,0,0.0,1,0,1,200000.0,0,0.0,0.000500776203114828,0.0,0.0,0.0
2003-10-01,102880,12116091713.780003,2522,270767966.55999994,700,73391907.69000001,100996,70,2694,334239413.84,19,191229.35,0.022347797702129246,0.006057391230088589,0.0006930967563071804,1.5783088682178677e-05
2021-09-01,256545,46809060181.85999,7085,1364985535.0100002,4669,953018510.4599999,251761,133,5901,1133818910.9100003,29,153681.5200000001,0.0291607122575594,0.02035970187731573,0.0005282788041038922,3.283157564004171e-06
2008-07-01,238105,35874780764.65,5805,884860874.7600002,1762,278020372.48000014,232739,258,1672,221440052.47,40,1540343.3199999998,0.02466526222320269,0.0077497441532507864,0.0011085378900828825,4.293666155356162e-05
2022-06-01,259052,50077474578.109985,4840,875644974.7300001,2235,417318774.3800001,251458,88,2559,383950131.67999995,8,256221.50999999992,0.01748580538669505,0.008333462857218837,0.0003499590388852214,5.116502222977519e-06
2018-11-01,317244,56587289561.990005,5740,906407742.6400003,1792,282683615.12000006,304776,102,2129,307448274.76000017,30,1761781.59,0.016017868140637,0.004995531987979863,0.00033467202141900936,3.113387482660768e-05
2006-04-01,169732,23312323827.969997,2891,341931528.87000006,662,70084349.34,165193,63,1294,166084154.27999994,18,393602.62,0.01466741502877343,0.003006321886105288,0.0003813720920377982,1.688388608980104e-05
2013-06-01,237869,37296921713.299995,11171,1801567186.2600002,6175,1070430032.2999998,222874,202,4535,766349076.2099999,168,11679281.690000003,0.048303374742521055,0.028700224660049813,0.0009063416997945027,0.00031314331460859405
2024-08-01,322740,71830305595.30002,5569,1153637150.57,1657,368963161.1100001,313577,161,2060,389336020.58999985,17,318928.9199999999,0.016060590874689033,0.005136594617719989,0.0005134305130797221,4.440032899162105e-06
2006-01-01,162073,21936712887.019985,2854,323579115.1099999,737,76050157.20000003,157763,82,1146,144027888.81999996,14,235952.62000000002,0.014750574380788955,0.0034667982204844884,0.0005197669922605427,1.0756060911004303e-05
2017-01-01,287154,48721638666.05001,6068,916818242.2699999,2253,354036723.63,273525,106,2652,411081960.0400001,48,3866142.1500000004,0.018817475507219607,0.007266519216577546,0.0003875331322548213,7.935164448181806e-05
2001-06-01,98648,11545472041.38,1849,209220187.11999997,259,28748688.020000007,96857,79,2237,292971080.67999995,1,7314.5500000000175,0.01812140606898845,0.002490040070857402,0.0008156354212911818,6.335427407198267e-07
2013-03-01,240711,37714526657.670006,11482,1879509533.38,6665,1157356085.1500003,226277,199,5042,845103714.01,240,17525472.549999993,0.049835161672319814,0.030687275904459185,0.0008794530597453563,0.0004646875913113399
2025-05-01,340006,78518008241.29997,5899,1307657831.4900002,1944,467334301.96999985,330211,169,2480,501090159.2099998,37,1024726.42,0.016654240992350855,0.005951937809397781,0.0005117939741559184,1.3050845824448721e-05
2009-07-01,246771,38114621417.67999,11812,2064180915.0400004,5759,1072833611.7699997,239070,611,4088,697647368.22,116,6109988.2299999995,0.054157193178429465,0.028147560486389906,0.00255573681348559,0.00016030562557721738
2012-11-01,246306,38668479386.53,12389,2041772913.0600002,7184,1257852169.7900007,231544,293,5294,954203433.2699999,258,18012599.480000004,0.052801996495658504,0.0325291345753867,0.0012654182358428636,0.0004658212519800977
2012-12-01,244003,38206099508.810005,12542,2043215922.7300005,7100,1241737677.6299996,230585,297,5541,1010285602.15,225,15797649.929999989,0.053478788701234785,0.03250103238996342,0.0012880282759069324,0.0004134850228916245
2021-10-01,255349,46835544283.139984,6857,1297629340.5099998,4239,859163918.3599997,250151,180,5333,1005195190.8399997,7,247696.28999999998,0.027706080080233522,0.018344271034110397,0.0007195653825089646,5.288639083653534e-06
2002-03-01,111180,13205738746.929995,2253,247761571.25,439,45859001.23,108504,82,2455,314913294.7100001,10,96255.04000000001,0.01876165930570135,0.003472657009867098,0.0007557325075573251,7.288879618520161e-06
2023-03-01,280314,57268938143.97997,4283,803594376.3600001,1738,330913577.68999994,271864,83,1661,238147545.37000003,12,659000.37,0.014031941265257645,0.005778238403129622,0.0003052997086778683,1.1507116970515598e-05
1999-09-01,29939,3421533778.9100013,179,20673888.12,3,271000.0,25816,2,72,7879558.759999998,0,0.0,0.006042286721654429,7.920424508751526e-05,7.747133560582585e-05,0.0
2005-04-01,141812,18316149803.080006,2216,241568490.16000006,587,58512227.71000001,136574,53,1681,210242508.23999995,27,515997.84,0.013188824767057671,0.0031945702748162014,0.0003880680070877327,2.81717416349822e-05
2013-05-01,238129,37288381614.29001,10566,1714373249.68,6206,1073427872.5000004,223926,175,5062,862107325.2,247,16593989.970000004,0.04597607017149282,0.028787193920173544,0.0007815081768084099,0.0004450177039499268
2011-11-01,258966,41004852042.44001,14152,2365927906.039999,8101,1447542387.8799994,243887,408,4852,900128644.8499998,236,19159542.55000001,0.057698730471975955,0.035301734204083786,0.0016729058949431499,0.00046725062024781573
2002-09-01,119177,14307323221.279997,2657,296175641.66,589,61048496.92,117622,114,4277,589845223.9600003,8,14065.689999999973,0.020700982083041445,0.004266940501434924,0.0009692064409719271,9.831112209081409e-07
2019-02-01,322533,57638664871.200005,6054,968331755.3599997,1821,292422678.29,311473,114,1931,301038459.84000003,22,1050417.07,0.016800037917669406,0.005073377028136425,0.000366002831706119,1.822417421269687e-05
2005-05-01,143793,18653446312.05999,2224,238613024.24999994,576,56605705.35999999,140367,55,1787,225756579.66999987,29,508052.5399999999,0.012791900234313792,0.003034597704521913,0.0003918299885300676,2.7236390075089198e-05
2004-10-01,127173,15929124011.639997,2572,275227137.3000001,648,62201514.160000004,123216,83,1597,202871617.44,33,594193.57,0.017278234327190965,0.003904892328953373,0.0006736138163874821,3.730233813019478e-05
2000-04-01,55217,6321593438.469999,473,52048383.49,29,3037335.0199999996,50981,11,151,15787929.429999996,0,0.0,0.008233427852740425,0.0004804698450736052,0.00021576665816676801,0.0
2024-01-01,306891,66060451701.53001,5149,1038923127.06,1662,349711716.27,297902,188,1369,197982633.45999995,14,469233.73,0.015726854726243685,0.00529381357926592,0.0006310800196037623,7.103095996377091e-06
2004-11-01,129243,16263385768.190006,2516,272067352.04,651,63462225.97000001,125737,83,1763,220599831.23000008,30,568961.08,0.016728826083197503,0.003902153393798694,0.0006601080032130559,3.4984171691533396e-05
2010-07-01,259714,41049730910.920006,14894,2595851559.309999,8607,1608092208.7500007,245429,487,3475,636917447.0899997,175,11829508.350000001,0.06323674971081122,0.03917424482610232,0.00198428058623879,0.00028817505224749544
2014-04-01,251150,40236752020.429985,8868,1385108628.3100004,4848,808213854.0,233853,141,2034,286476320.89,166,10613883.200000001,0.034423967113615915,0.02008645860852869,0.0006029428743697964,0.00026378578456359654
2009-03-01,250380,38497226887.47002,9452,1604396885.7500002,4193,754279796.8099998,244769,566,5133,930821097.1100001,77,4438264.34,0.04167564823408606,0.019593094302995134,0.0023123843297149557,0.00011528789730682018
2016-02-01,281328,46918746371.50999,6595,1031407829.7400002,2783,450626420.58,267334,120,2214,341527848.92,174,16411270.1,0.02198285140811631,0.009604400275571504,0.0004488766860930521,0.00034978066059252713
2007-12-01,221744,32520986391.07999,5026,695269838.3300003,1191,162134452.80999997,217049,194,1570,230532015.54999998,26,529881.5700000001,0.021379112858664773,0.004985533060413905,0.0008938073891149003,1.6293527005236794e-05
2023-08-01,293642,61876625560.69999,4650,908877919.19,1623,333824745.28,284559,117,1751,268890957.07000005,11,340840.9099999999,0.014688550174708626,0.005395005662558686,0.00041116253571315615,5.508395244754263e-06
2007-10-01,216447,31571412304.54,4324,591539373.4700001,975,128093910.52,210946,153,1402,184740063.82999995,29,492604.79999999993,0.01873655089496697,0.00405727527436522,0.0007253041062641624,1.5602875007563815e-05
2017-02-01,289236,49191816149.32001,6251,967487164.7499999,2237,351945527.62999994,275638,145,2180,323736986.33000004,49,2971188.4100000006,0.01966764475239595,0.0071545544600687605,0.0005260522859692786,6.040005518359119e-05
2019-08-01,328075,59320972781.58002,5487,887733652.7000002,1641,271034992.19,320145,105,4451,913822527.7300003,28,1430747.72,0.014964920686122898,0.004568957309381145,0.00032797638570022957,2.41187501302114e-05
2000-09-01,74440,8595044629.019999,916,102296404.65000002,63,6737654.370000002,70510,15,300,34912872.68,0,0.0,0.011901788654431198,0.0007838998703102982,0.00021273578215855906,0.0
2001-02-01,91279,10642966446.620005,1620,182298940.6499999,183,19708895.49,90210,52,1894,270954483.18000007,2,-11347.580000000002,0.01712858361100015,0.0018518235107524137,0.0005764327679858109,-1.0662046203860548e-06
2003-04-01,110419,13023058497.059998,2721,295370080.13,679,70818895.65999997,111704,71,6853,928782158.9200003,21,39652.99000000001,0.02268054621705653,0.005437961879383986,0.000635608393611688,3.044829293284048e-06
2022-10-01,267748,53294335919.369995,4718,863517963.0900002,1921,350564560.93000007,259596,105,1640,224501295.27999994,6,124310.34999999998,0.016202809326612732,0.00657789528441401,0.00040447464521795403,2.3325246080197236e-06
2020-10-01,292895,52278904007.130005,13206,2677672643.8900003,9171,1966027954.22,290629,97,9593,2135267369.340001,17,497278.18999999994,0.05121898966215529,0.03760652583596369,0.00033375884719006016,9.51202400746923e-06
2016-04-01,283583,47380842569.05,6204,960431094.01,2525,411766413.47000015,269290,97,3034,545480694.02,122,11718901.87,0.020270451978778664,0.008690567561560697,0.0003602064688625645,0.00024733418053766293
2018-03-01,304336,53246875009.91002,6033,950465129.9000001,2421,396161116.8200002,292834,144,2558,373041413.5500001,35,2370013.7600000002,0.017850157961816628,0.007440082009437527,0.0004917461770149641,4.450991273307412e-05
2020-03-01,322669,58289741333.06999,5848,998526979.32,1620,276898245.65999997,316708,95,5697,1274685219.1899998,25,1357719.9,0.017130406765992933,0.004750376984481573,0.00029996084721573186,2.3292604649623203e-05
2022-03-01,255096,48259163473.92,5138,942195050.3599999,2829,547814531.4100001,248332,118,3655,597541564.2299999,7,14694.339999999997,0.019523650692146306,0.011351513204451784,0.0004751703364850281,3.0448807940778015e-07
2011-01-01,252097,39564971204.06,15083,2570467950.6999993,8581,1570558893.18,237364,459,3906,660314150.69,212,17610566.340000004,0.0649682755345018,0.03969569155199677,0.001933738898906321,0.00044510499575930133
2013-04-01,239350,37502216549.00999,10801,1768026033.8899999,6426,1115612587.2399998,225168,203,5113,835675943.33,213,15804889.640000002,0.04714457428348121,0.02974791065434906,0.0009015490655865842,0.0004214388133390807
2021-06-01,261814,47090262186.85999,8531,1675539079.7600005,6004,1251116836.77,258179,84,6702,1294091005.6200006,7,710130.0299999999,0.0355814345036189,0.02656848313575774,0.0003253556640935165,1.5080188493793388e-05
2023-05-01,285957,59191596150.23001,4518,856608750.1300002,1670,324357137.55,277547,97,1781,268149352.42000002,14,33447.80999999998,0.014471796772567208,0.005479783595069341,0.00034949035658825354,5.650770071330474e-07
2018-12-01,319147,56995773421.76001,5896,934611172.82,1782,282757654.46000004,307688,110,2066,293357268.68999994,79,4777929.899999999,0.016397903155099244,0.0049610284672801375,0.000357505005070071,8.38295475814329e-05
2010-09-01,256751,40463788554.36001,15027,2598254320.789999,8430,1565969465.5800002,244057,469,5220,965960214.6500003,238,17917819.37,0.06421184010734543,0.038700515239106684,0.0019216822299708675,0.0004428112149194527
2024-04-01,314373,68695406771.750015,5067,1025199455.6600003,1577,338307377.6400001,304209,156,1754,290107184.3899999,18,490474.6099999999,0.014923842857010327,0.004924745241906393,0.00051280534106486,7.139845777894141e-06
2013-09-01,239256,37777033082.840004,10543,1687666503.33,5823,994546265.9800003,222936,200,2673,378101621.7500001,141,9093680.489999998,0.044674405732953455,0.02632674365398396,0.0008971184555208669,0.00024071981698665346
2024-06-01,318851,70339789726.17001,5890,1236877081.12,1569,345450809.50000006,309474,163,1752,290987931.0899999,24,588768.99,0.01758431587491394,0.004911172052757425,0.0005267001428229835,8.37035470666111e-06
2012-10-01,247294,38851351558.91,12453,2055187797.5499997,7289,1281534910.1499999,233201,318,5919,1070146129.8900007,252,19279974.24,0.052898746506507874,0.032985594032856703,0.0013636305161641674,0.0004962497690914542
2015-02-01,266537,43467966486.510025,8268,1293623480.1299999,3941,654140361.6700003,251672,112,2798,555165253.7400001,123,10262757.839999998,0.02976038643379986,0.015048791432951163,0.0004450236816173432,0.0002360993317500825
2007-09-01,213296,31020081373.39,4590,624664514.9800001,919,119138521.77000004,208295,142,1199,154754859.6599999,25,670693.21,0.020137423479354797,0.0038406901753713905,0.0006817254374804964,2.1621258884747534e-05
2025-04-01,338305,77786807292.17001,5972,1316025625.1800005,2012,479146895.6799999,327985,163,2487,545741792.4399998,15,488533.42,0.016918365350013165,0.006159744979380721,0.0004969739469792826,6.280414854475915e-06
2008-05-01,233685,34988884149.26,5133,761228952.01,1517,230405049.05999997,226630,201,2031,293221291.71000004,36,955760.86,0.021756308339604468,0.006585092799104682,0.0008869081763226405,2.731612862881807e-05
2019-03-01,325060,58307946558.95,5601,900226889.3300003,1731,278361121.81,312995,92,2449,386363335.34000003,40,2451734.6199999996,0.015439180119640478,0.004773982591353543,0.00029393440789788976,4.204803572564964e-05
2011-06-01,258154,40855281745.69001,13632,2311364402.94,7874,1433427458.0400004,242045,362,2572,402852369.15000015,249,21625776.630000006,0.05657443307642433,0.035085487035986934,0.0014955896630791795,0.0005293263369131312
2016-03-01,281760,46976617037.52001,6016,939078383.9800003,2604,423469092.6499999,268724,91,3284,594213986.5200001,98,8620118.54,0.019990336537643028,0.009014465479959467,0.0003386374123636147,0.0001834980695420266
2017-12-01,301049,52370481836.140015,7392,1167176705.6699998,2655,432647165.1700001,289186,197,2796,439477920.90999997,31,1527857.9900000005,0.022286919362742054,0.008261279064105103,0.0006812224658178473,2.9174029652437734e-05
2004-03-01,111652,13450506014.679998,2184,235116292.33999994,701,72523161.25999999,108954,58,2801,364284770.32000005,22,122041.38,0.017480107594717402,0.005391853747423895,0.0005323347467738679,9.07336719278836e-06
2011-03-01,254812,40163537859.850006,13581,2334600206.5900016,8138,1485288272.8300004,238899,340,2693,402302501.97999984,304,26933251.419999987,0.05812735458555842,0.03698101193208848,0.0014231955763732791,0.0006705896157351256
2007-02-01,195490,27883199611.359993,3605,469933065.96,733,86534626.10000004,191358,97,1311,185526936.49999997,15,206117.81,0.016853627722427624,0.003103468300128105,0.0005069032912133279,7.392186437456941e-06
2008-01-01,224573,33057519987.459995,4986,703067821.8599998,1296,181642987.04999998,219007,200,1635,261721549.98999995,23,625340.25,0.02126801472484024,0.005494755417796139,0.0009132128196815627,1.8916732115331578e-05
2021-03-01,270625,48254778099.499985,10019,2024599281.5499997,7485,1581312901.4899998,268884,105,9583,2014333745.1799998,13,947908.3200000001,0.04195645200927737,0.03277007922882533,0.0003905029678225555,1.964382300226187e-05
2016-01-01,280068,46650947513.45999,7356,1134488948.5300002,2945,480192931.67,265578,127,2103,321071514.83,78,5740971.939999999,0.024318668944562617,0.010293315725933585,0.0004782022607294279,0.00012306227946053147
2001-05-01,97244,11389169301.660002,1564,174742771.5599999,226,25448493.279999997,95024,55,2752,364860839.8900001,0,0.0,0.015342889980091059,0.002234446833298967,0.0005788011449739014,0.0
2007-11-01,219638,32153238169.089996,4414,607904060.5199999,1090,144173227.05999997,213997,184,1292,176960573.20999998,20,537755.73,0.01890646464045412,0.004483941129095937,0.0008598251377355757,1.6724776744787184e-05
2015-05-01,269749,44294298018.73999,7499,1165476858.85,3404,570722261.54,254816,106,3127,541873390.94,212,16625055.899999995,0.026312119414487866,0.012884779465260728,0.0004159864372723848,0.0003753317389287055
2022-09-01,265896,52642233364.06999,4521,817357440.8599999,1945,360735894.95,257188,92,1841,259813262.05999997,13,248792.24000000002,0.01552664825611051,0.006852594806439458,0.0003577149789259219,4.726095837905856e-06
2000-08-01,70608,8139091407.340003,697,78733822.92000002,55,5654355.6899999995,65250,25,336,36375634.93,4,-19319.86,0.009673539585634362,0.000694715835836514,0.0003831417624521073,-2.373712129903953e-06
2008-09-01,244261,37110458552.16,7038,1097474365.7099998,2232,367566664.28000003,237552,359,1265,162872028.18999997,46,1801115.1099999999,0.02957318256166149,0.009904665116529689,0.0015112480635818685,4.853389530254582e-05
2023-06-01,288470,60129297386.8,4663,919352766.0000004,1618,318527737.0399999,279398,107,1841,295566975.46,13,237251.83999999997,0.015289597682906287,0.005297379994164464,0.0003829662345471335,3.9456945334618716e-06
2008-12-01,250883,38431388735.200005,9056,1462484459.8799999,3107,536052075.13000005,244802,513,1725,276463100.3800001,72,2994628.4,0.03805442655108854,0.013948287917033304,0.0020955711146150766,7.792142044706195e-05
2006-12-01,190169,26883787167.82,3658,455370348.2099999,700,79410113.64,185921,98,1572,229996830.28000003,24,503479.48,0.016938474678711936,0.002953829129217859,0.0005271055986144653,1.8727996798109862e-05
2008-04-01,229891,34221998325.440006,5008,728781463.6400002,1444,213657979.48,224776,204,2499,392750225.4499999,31,981508.05,0.021295701575037407,0.0062432934935062094,0.0009075702032245435,2.8680617673643125e-05
2019-11-01,325919,58991250739.73001,5808,947625452.7499999,1685,279497729.91999996,317271,105,4433,912218089.9400002,20,544691.24,0.016063830498033223,0.00473795226266937,0.0003309473604584094,9.233424163240463e-06
2009-01-01,252506,38801812521.93,9554,1572350467.8299994,3517,611192853.0299999,245551,577,3418,629869941.48,58,2941904.2699999996,0.04052260360109051,0.015751657288807477,0.0023498173495526387,7.58187331670987e-05
2011-05-01,257268,40688928565.17,13637,2323715515.4300003,7973,1457309537.7599998,240734,393,2188,318120516.2699999,224,17594188.539999995,0.05710928248474738,0.03581587397726336,0.0016325072486645012,0.00043240727048931784
2012-01-01,258351,40929977048.32,13867,2317832167.2999988,8229,1462537849.5499997,242192,334,3835,681904171.65,197,15280047.569999998,0.05662920759920475,0.035732681887981434,0.0013790711501618551,0.0003733216745262548
2010-05-01,258080,40756104519.65001,15231,2682031953.8000007,8767,1649989021.6199994,243587,509,2534,382466378.39000005,182,11730768.610000007,0.06580687691844776,0.04048446339675273,0.0020896024828911232,0.00028782850442304105
2020-04-01,320658,57916201954.22002,13805,2829606989.59,1746,300240774.2200001,314775,83,7330,1707051467.8200014,12,436812.8199999999,0.0488569155799731,0.0051840549637099135,0.00026368040663966326,7.542152372928036e-06
2021-05-01,264906,47514947666.37,9219,1830593194.0300007,6510,1361848242.05,260366,85,6224,1208539817.0399995,8,613706.2599999998,0.038526680211954704,0.02866146989390215,0.0003264635167418173,1.2916067261805427e-05
2025-10-01,345254,80714926720.47,6281,1425261541.0300004,2080,517977879.40000015,336637,161,3929,1083009124.4099998,9,332409.64999999997,0.017657967354240835,0.006417374089848941,0.00047825996548210684,4.118316939705503e-06
2025-01-01,332371,75541486275.56003,6167,1339206916.7899997,2136,500377407.6499998,322626,235,1723,290279771.92,17,324125.04000000004,0.017728098596112397,0.0066238755989619326,0.0007283975872992257,4.290689209074569e-06
2019-05-01,327569,58991475903.73002,5911,925719253.6800002,1717,278258607.3999999,318170,119,3414,625032138.4699999,48,2284797.21,0.015692424023950675,0.004716929067075701,0.00037401389194455795,3.873097214466426e-05
2017-05-01,292649,50090535673.24,5517,839447746.6200002,2035,315679459.76999986,280740,80,2890,438983705.81999993,104,7300384.589999999,0.01675860989181756,0.006302177757277332,0.000284961174040037,0.00014574379155422176
2025-11-01,346710,81288881425.18999,7338,1681729695.1800005,2143,537379853.4000001,336802,201,2903,754644910.7099998,19,947515.9299999998,0.02068831143565056,0.006610742379258224,0.0005967898052861919,1.1656156578707472e-05
1999-07-01,21161,2408917060.09,130,15097000.0,1,55000.0,18472,1,52,6490243.670000001,0,0.0,0.006267131504907835,2.2831836309858312e-05,5.4135989605889994e-05,0.0
2019-09-01,327015,59073889731.51,5602,914130163.7699999,1664,273262597.6000001,319470,107,4829,1045145147.4700001,26,1518612.97,0.015474352000938293,0.004625776275135677,0.0003349297273609416,2.570700823836173e-05
2003-01-01,115214,13691009936.579994,2839,304507599.79,742,76933871.81,114983,131,4808,658501414.2700002,23,296486.06,0.02224142712630781,0.005619298515330567,0.0011392988528739032,2.1655528801264023e-05
2017-03-01,290182,49484079838.130005,5353,824112739.0099996,2138,338010890.7300001,277707,110,2662,387066365.25,62,3169971.669999999,0.01665409848391237,0.00683069972879531,0.0003961009265160763,6.406043479780691e-05
2010-02-01,254847,39981933690.97,16416,2902624696.43,8878,1672036617.0599997,240825,731,2340,385503300.7500001,157,9658175.99,0.07259840704216773,0.04181980366391415,0.0030353991487594724,0.00024156350377273818
2023-02-01,278345,56592658958.21001,5105,962198644.6099998,1883,350532714.77000004,269795,104,1218,159820298.1999999,10,-97409.7700000001,0.017002181242632915,0.0061939608638789286,0.0003854778628217721,-1.7212439173768258e-06
1999-08-01,25818,2942645645.03,146,17953000.0,2,209000.0,21160,1,64,7050196.110000001,0,0.0,0.006100972446451998,7.10245218798233e-05,4.725897920604915e-05,0.0
2000-02-01,47793,5471593356.489999,477,55251543.31000001,24,2861387.9099999997,44539,15,112,10759805.34,0,0.0,0.010097889172349534,0.0005229533197319997,0.00033678349311839063,0.0
2004-05-01,116401,14254648791.020004,2561,274457352.4300001,654,67026338.42,112015,63,2518,315391390.2700001,33,751781.67,0.019253883870004564,0.00470206873579548,0.0005624246752667054,5.2739403195510485e-05
2017-06-01,293639,50387193531.53998,5514,842009074.79,1993,310382498.89000005,281378,107,3116,499240400.68000007,46,3024975.6700000004,0.016710775412862446,0.006159948136339751,0.00038027137871475384,6.0034613122608424e-05
2026-01-01,348714,82116981691.13,6773,1533149059.0000002,2240,557322158.06,338997,212,2704,679869557.5400001,15,0.0,0.01867030457557119,0.006786929409513355,0.0006253742658489603,0.0
2017-07-01,295194,50817882118.54,5640,860912241.6399999,1983,309908971.8599999,282414,90,2953,477626385.26000005,48,2647476.17,0.016941127920911746,0.006098423604846278,0.0003186810852153222,5.20973338444995e-05
2007-08-01,210550,30571031750.399994,3564,473155180.60000026,852,108184759.00999999,205380,139,1620,213916968.19000003,28,422503.25000000006,0.015477239514293117,0.0035387997334628556,0.0006767942350764436,1.3820379156633207e-05
1999-10-01,33278,3805667813.9100003,237,26710236.469999995,6,812000.0,29935,6,74,8510508.759999998,0,0.0,0.007018541232729794,0.0002133659687879429,0.00020043427426089862,0.0
2006-02-01,164538,22372512992.849995,3004,350886711.83,700,73439821.46,160440,69,1162,146894863.60000005,23,624729.0,0.015683830955518473,0.003282591521277495,0.0004300673148840688,2.7923952941703795e-05
2010-10-01,255468,40204143482.450005,15433,2652506713.7700005,8578,1588794992.19,242551,497,5542,1016536696.7800001,184,14527964.039999995,0.06597595381998073,0.039518190280152195,0.0020490536010983255,0.00036135489483420466
