comparison,n_bins,psi,psi_lo,psi_hi,psi_n,psi_method,rag,synthetic
dev_train_vs_oot,10,0.044629220420874166,0.042580758693749915,0.04665612793626111,258337,bootstrap_1000,green,False
dev_train_vs_1999,10,0.10201430230322313,0.09621289911447801,0.107897275427173,49979,bootstrap_1000,amber,False
dev_train_vs_2000,10,0.18402414368100756,0.17577806034468127,0.19181396702672923,49958,bootstrap_1000,amber,False
dev_train_vs_2001,10,0.04281878601385523,0.03906974282556657,0.04684747948777332,49973,bootstrap_1000,green,False
dev_train_vs_2002,10,0.011078840093962268,0.009283482834594535,0.013322687803997613,49977,bootstrap_1000,green,False
dev_train_vs_2003,10,0.010788282842781877,0.009124444412927065,0.012971748322334402,49982,bootstrap_1000,green,False
dev_train_vs_2004,10,0.044275096660870164,0.04047767004347881,0.048557670177507846,49983,bootstrap_1000,green,False
dev_train_vs_2005,10,0.08412877127372881,0.07876094620014341,0.08986258769674012,49986,bootstrap_1000,green,False
dev_train_vs_2006,10,0.16944608427268543,0.16174159606090655,0.1765250137569305,49980,bootstrap_1000,amber,False
dev_train_vs_2007,10,0.16471479997169977,0.15745387606025465,0.17238106225046806,49969,bootstrap_1000,amber,False
dev_train_vs_2008,10,0.016297004699388266,0.01396106959650708,0.01891884177645757,49966,bootstrap_1000,green,False
dev_train_vs_2009,10,0.23833119267374878,0.22897901544331806,0.24885237415410294,44617,bootstrap_1000,amber,False
dev_train_vs_2010,10,0.4201399688390911,0.4067884721531623,0.435631260600586,35336,bootstrap_1000,red,False
dev_train_vs_2011,10,0.44949792804738836,0.4347332584488213,0.46565092977429573,34471,bootstrap_1000,red,False
dev_train_vs_2012,10,0.593211009038086,0.5753391669811923,0.6132848873780259,32542,bootstrap_1000,red,False
dev_train_vs_2013,10,0.24039355792119524,0.22995665952819141,0.2511863238821091,35575,bootstrap_1000,amber,False
dev_train_vs_2014,10,0.09737821608341854,0.09158201479294861,0.10392894800649653,42647,bootstrap_1000,green,False
dev_train_vs_2015,10,0.06537737630934548,0.0605145124277156,0.0703230091996384,45962,bootstrap_1000,green,False
dev_train_vs_2016,10,0.046616094718958855,0.042811876417066054,0.05091614335689246,47434,bootstrap_1000,green,False
dev_train_vs_2017,10,0.02743033934151124,0.024373751798873605,0.030795448217822156,48131,bootstrap_1000,green,False
dev_train_vs_2018,10,0.03984232990749019,0.03627936249493308,0.04371363452791301,49410,bootstrap_1000,green,False
dev_train_vs_2019,10,0.03301360904304369,0.02982307974842746,0.0365642849617379,49880,bootstrap_1000,green,False
dev_train_vs_2020,10,0.11244317393663152,0.10622587101199084,0.11919071900673457,49894,bootstrap_1000,amber,False
dev_train_vs_2021,10,0.06973776567518263,0.0648831346600104,0.07494802138929647,49920,bootstrap_1000,green,False
dev_train_vs_2022,10,0.0805229311693252,0.07534221176008,0.08587860349380105,49824,bootstrap_1000,green,False
dev_train_vs_2023,10,0.08049532085891273,0.07530823005403967,0.08640882991627927,49843,bootstrap_1000,green,False
dev_train_vs_2024,10,0.043953995223151306,0.04023863751789208,0.048030982447558095,49820,bootstrap_1000,green,False
