period,cpr,cpr_lo,cpr_hi,cpr_n,cpr_method,synthetic
1999-01-01,,,,0,none: no observations,False
1999-02-01,,,,0,"none: suppressed, fewer than 10 loans",False
1999-03-01,0.06635190509805478,0.03269399059075806,0.13201563554617846,1227,wilson_95,False
1999-04-01,0.04321694392288333,0.026823829591824944,0.06923623766841958,4354,wilson_95,False
1999-05-01,0.03725445470862321,0.0259244913674731,0.05338727331429571,8864,wilson_95,False
1999-06-01,0.026802796309862598,0.019060735374605065,0.03762364353315739,14150,wilson_95,False
1999-07-01,0.033262709010794866,0.0254678995459513,0.04338516892057653,18472,wilson_95,False
1999-08-01,0.03569717055022048,0.028066155927002123,0.04535007405309488,21160,wilson_95,False
1999-09-01,0.03295898911173378,0.026263757630356377,0.04132142049949472,25816,wilson_95,False
1999-10-01,0.029264258402772136,0.023382644343312387,0.03659506491964837,29935,wilson_95,False
1999-11-01,0.03338347820137688,0.027366230364448962,0.040693558907837324,33269,wilson_95,False
1999-12-01,0.03962156789732241,0.033318254232709954,0.04708561688891866,36571,wilson_95,False
2000-01-01,0.025508554392103755,0.02065632165575304,0.03148061840096472,39052,wilson_95,False
2000-02-01,0.029761930863760666,0.024799266622424265,0.03569785929972957,44539,wilson_95,False
2000-03-01,0.03801770789462,0.03255954940783301,0.044367924866314024,47756,wilson_95,False
2000-04-01,0.03496932828473798,0.029896162095784606,0.040883566025522344,50981,wilson_95,False
2000-05-01,0.05037759717559742,0.04449450295758728,0.05701314462978235,55138,wilson_95,False
2000-06-01,0.05293611561308831,0.047108755258737034,0.05945968336739604,59264,wilson_95,False
2000-07-01,0.05336022485600922,0.047636393935316934,0.059748177784361256,62071,wilson_95,False
2000-08-01,0.060072703851063114,0.05415102826618967,0.0666169311451974,65250,wilson_95,False
2000-09-01,0.04987859937601247,0.04466520367076299,0.0556810996973196,70510,wilson_95,False
2000-10-01,0.06133006767110616,0.055708578683655974,0.06749657743589055,74329,wilson_95,False
2000-11-01,0.06965775211652303,0.06384612577718507,0.07597480498633169,78682,wilson_95,False
2000-12-01,0.0681967588650636,0.06256540696327428,0.07431291325954925,82299,wilson_95,False
2001-01-01,0.12267751729029164,0.1154931969245454,0.13027224097139822,85550,wilson_95,False
2001-02-01,0.22479512385250233,0.21605240744177545,0.23383194525664197,90210,wilson_95,False
2001-03-01,0.2899947328703796,0.28069273368681735,0.2995314180561346,90984,wilson_95,False
2001-04-01,0.29419031016807773,0.28488738879221875,0.303722996755152,91520,wilson_95,False
2001-05-01,0.29718744094749083,0.2880367257915706,0.30655701782103406,95024,wilson_95,False
2001-06-01,0.24451966373757072,0.23586987778779578,0.2534269327667097,96857,wilson_95,False
2001-07-01,0.22866602336030506,0.22023812501473572,0.23736088362037133,98207,wilson_95,False
2001-08-01,0.2295513464762754,0.22124407563693727,0.23811656637327072,101361,wilson_95,False
2001-09-01,0.21575072894003444,0.20765269269689657,0.22411416381859395,102750,wilson_95,False
2001-10-01,0.3266401468171134,0.3178135942658994,0.3356421815637808,105740,wilson_95,False
2001-11-01,0.394453521748654,0.3855001530550942,0.40353473174623333,106472,wilson_95,False
2001-12-01,0.440679409984688,0.43171718379320434,0.44974032072018366,105700,wilson_95,False
2002-01-01,0.3038556252599869,0.29511882840457926,0.31278511380417695,105273,wilson_95,False
2002-02-01,0.23973997277824077,0.23152378844867216,0.24819433500962285,106322,wilson_95,False
2002-03-01,0.24014636251351196,0.23200814919756485,0.24851766380994478,108504,wilson_95,False
2002-04-01,0.19594936351825287,0.1883696119706021,0.2037910720151166,110326,wilson_95,False
2002-05-01,0.1854581873080685,0.1780851553691275,0.1930962514769885,112338,wilson_95,False
2002-06-01,0.16684292049420502,0.15981274721855843,0.17414652790865315,114600,wilson_95,False
2002-07-01,0.2255686882107062,0.21787131790427694,0.23349211465377795,117095,wilson_95,False
2002-08-01,0.2963872647851692,0.28818943793695107,0.30476102072602174,118570,wilson_95,False
2002-09-01,0.35884108516713564,0.35036917933603207,0.36745045642442953,117622,wilson_95,False
2002-10-01,0.46763619478814633,0.4592100379681838,0.47613565442256633,118055,wilson_95,False
2002-11-01,0.432664711265631,0.42413548543945523,0.44128765144934856,117068,wilson_95,False
2002-12-01,0.4359622950750176,0.4274081093261437,0.4446089238450067,116269,wilson_95,False
2003-01-01,0.40104653245631405,0.39242585333946134,0.4097815617304148,114983,wilson_95,False
2003-02-01,0.40662104201045846,0.3979584182578231,0.4153957012180005,113883,wilson_95,False
2003-03-01,0.4428753800882673,0.43420429167776897,0.4516375858270022,112867,wilson_95,False
2003-04-01,0.5322150750818251,0.5238208915113314,0.5406508822451175,111704,wilson_95,False
2003-05-01,0.4842395563931646,0.4755254692493175,0.4930232455509014,109032,wilson_95,False
2003-06-01,0.5082786640535862,0.49958668340207735,0.5170274738533389,107159,wilson_95,False
2003-07-01,0.6150863831116391,0.6070503027474491,0.6231235137230885,105062,wilson_95,False
2003-08-01,0.5360567118558908,0.5272795726902242,0.5448773777598245,101622,wilson_95,False
2003-09-01,0.39428343865374393,0.3850774658590438,0.40362474465848364,100665,wilson_95,False
2003-10-01,0.27706681254029397,0.26832072875997415,0.2860342933908988,100996,wilson_95,False
2003-11-01,0.2107230340494185,0.2026344788429263,0.2190844460058654,101451,wilson_95,False
2003-12-01,0.2070064875128217,0.1990617088949418,0.21522035293545627,104008,wilson_95,False
2004-01-01,0.16036909132245925,0.15315822033260695,0.1678818852317432,105598,wilson_95,False
2004-02-01,0.19779686265639496,0.19011243812053036,0.20574752687350384,107976,wilson_95,False
2004-03-01,0.26840771064419766,0.2600459741693215,0.27698091912232525,108954,wilson_95,False
2004-04-01,0.31069969626012617,0.3021226080871712,0.31945614252749566,110184,wilson_95,False
2004-05-01,0.23877604296529042,0.23077745379971337,0.247001400371874,112015,wilson_95,False
2004-06-01,0.18800526573849075,0.180680998446743,0.19558666568824212,114964,wilson_95,False
2004-07-01,0.14704101514199508,0.14041018977777842,0.15395375358729102,117118,wilson_95,False
2004-08-01,0.15325162233196898,0.1465560161135423,0.16022111589014032,118617,wilson_95,False
2004-09-01,0.14870757899594667,0.1421420741164242,0.1555457201213033,120582,wilson_95,False
2004-10-01,0.1449942926856782,0.13856144537636172,0.15169652357821128,123216,wilson_95,False
2004-11-01,0.1558682482212962,0.14931915904669646,0.16267394906706267,125737,wilson_95,False
2004-12-01,0.16252578025775533,0.15592588369068372,0.16937373536330846,127797,wilson_95,False
2005-01-01,0.11918676247433158,0.11339626608563025,0.12524981256478018,129942,wilson_95,False
2005-02-01,0.12331291000302336,0.11750525587919192,0.12938428190009077,132940,wilson_95,False
2005-03-01,0.16876379790378337,0.16224402657026693,0.17551488755713196,134769,wilson_95,False
2005-04-01,0.13810053780881015,0.13210014041056173,0.14434830109081387,136574,wilson_95,False
2005-05-01,0.14251512653074194,0.13652076094380394,0.14874747796085686,140367,wilson_95,False
2005-06-01,0.16555389441406798,0.1592517433749484,0.1720769343233961,142360,wilson_95,False
2005-07-01,0.16658278062984644,0.16030864479180185,0.1730741994169186,144323,wilson_95,False
2005-08-01,0.18448220925195635,0.17802114793009416,0.19114720220488113,146403,wilson_95,False
2005-09-01,0.14068734731243837,0.13488189733798028,0.14671911234199797,148299,wilson_95,False
2005-10-01,0.14053339292277844,0.13477608236110905,0.1465134921366974,150706,wilson_95,False
2005-11-01,0.12265187325880111,0.11723360128478177,0.12830040080477267,152512,wilson_95,False
2005-12-01,0.10448915665867986,0.09946960981456443,0.10974495939836093,155332,wilson_95,False
2006-01-01,0.08390949067833431,0.07938600541560581,0.08867706891497307,157763,wilson_95,False
2006-02-01,0.0835311980874569,0.07905371703541864,0.08824890857398715,160440,wilson_95,False
2006-03-01,0.1070002113892512,0.10204579981047546,0.11217856364134071,162895,wilson_95,False
2006-04-01,0.09005328332903073,0.08548840100484567,0.09484799671725286,165193,wilson_95,False
2006-05-01,0.10204988393439784,0.09726904252414725,0.10705032793267832,168086,wilson_95,False
2006-06-01,0.09491304028120828,0.09030947070747863,0.09973709747939696,170253,wilson_95,False
2006-07-01,0.08873005755504504,0.08429220165603224,0.09338844036772376,172693,wilson_95,False
2006-08-01,0.09694073238151169,0.09236438015035187,0.10172981525930691,175624,wilson_95,False
2006-09-01,0.0881720783676424,0.0838147459448908,0.0927433147396034,178271,wilson_95,False
2006-10-01,0.09554867785245547,0.09106843589453062,0.10023593334711645,181066,wilson_95,False
2006-11-01,0.09434140842880534,0.08991205658157242,0.09897588635694599,183250,wilson_95,False
2006-12-01,0.09687456431812502,0.09242521317513541,0.10152489714239066,185921,wilson_95,False
2007-01-01,0.08658902615176778,0.08238083909076799,0.09100044463427182,188322,wilson_95,False
2007-02-01,0.07924238474348977,0.07522980941937207,0.08345836572552101,191358,wilson_95,False
2007-03-01,0.09549921017189023,0.09116339782700156,0.10002872786415395,193530,wilson_95,False
2007-04-01,0.10475983374404041,0.10027837948589857,0.10942811699546073,196306,wilson_95,False
2007-05-01,0.10534051548210166,0.10087907485785452,0.10998593992800532,199066,wilson_95,False
2007-06-01,0.09797947924526629,0.09367813778447853,0.10246600981433707,201254,wilson_95,False
2007-07-01,0.09269036954670784,0.08851484823885591,0.09705130990502253,203513,wilson_95,False
2007-08-01,0.09070707423254298,0.08658952680525189,0.09500920616444564,205380,wilson_95,False
2007-09-01,0.06692965384524963,0.06336596299711073,0.07068547191510344,208295,wilson_95,False
2007-10-01,0.0769032460845166,0.07312852904896161,0.08086346719475668,210946,wilson_95,False
2007-11-01,0.07014407154374913,0.06654997300126608,0.07392383913616951,213997,wilson_95,False
2007-12-01,0.08342935191895495,0.0795676927299136,0.08746863454344056,217049,wilson_95,False
2008-01-01,0.08599775818776889,0.08210065499098984,0.09006985991217342,219007,wilson_95,False
2008-02-01,0.138642368403881,0.1339046382305018,0.1435322975077954,221681,wilson_95,False
2008-03-01,0.13641006168522385,0.1317139004997704,0.14125853859521031,222770,wilson_95,False
2008-04-01,0.1255498473277007,0.1210273493853461,0.1302274675087719,224776,wilson_95,False
2008-05-01,0.1023954734817265,0.09825925983206585,0.10669443373748688,226630,wilson_95,False
2008-06-01,0.09210832739287789,0.08818879393472323,0.09619194236522777,230294,wilson_95,False
2008-07-01,0.08288215843637892,0.07916101057149716,0.0867691646966704,232739,wilson_95,False
2008-08-01,0.06706371540405409,0.06369605986039273,0.07060205958449006,234390,wilson_95,False
2008-09-01,0.06206304849819466,0.05883559052394749,0.06546080440179192,237552,wilson_95,False
2008-10-01,0.08096744039510684,0.07734024638230741,0.08475615773254486,240036,wilson_95,False
2008-11-01,0.050522910665146914,0.04762021369061886,0.05359709798557555,241939,wilson_95,False
2008-12-01,0.08135678113330624,0.07775656019794619,0.08511524014300831,244802,wilson_95,False
2009-01-01,0.15494935250290287,0.15024746917272258,0.15978296744917153,245551,wilson_95,False
2009-02-01,0.22070241982578587,0.21540928224804357,0.2261044841833526,246672,wilson_95,False
2009-03-01,0.22491015795135005,0.21956672939943112,0.23036196035150613,244769,wilson_95,False
2009-04-01,0.2313273883313095,0.22592743120313685,0.23683409428610547,243618,wilson_95,False
2009-05-01,0.2367194203794467,0.23127272247123387,0.2422715214231178,242595,wilson_95,False
2009-06-01,0.2421638311294676,0.2366628394771233,0.247769181325319,240824,wilson_95,False
2009-07-01,0.18732937418059503,0.18222936341205587,0.1925532845624619,239070,wilson_95,False
2009-08-01,0.13820660951077934,0.13363976296410907,0.14291522256050404,238260,wilson_95,False
2009-09-01,0.12277117421122163,0.11843304523576825,0.1272555045698598,240138,wilson_95,False
2009-10-01,0.13452342293073738,0.13002877810380642,0.1391596414033318,240821,wilson_95,False
2009-11-01,0.14922646923957839,0.14454468867935566,0.15404469835807866,240634,wilson_95,False
2009-12-01,0.166343308772137,0.1614675371889991,0.17134951904393114,240583,wilson_95,False
2010-01-01,0.1344947529315963,0.12999715034462767,0.13913415312347077,240458,wilson_95,False
2010-02-01,0.11092342252945209,0.10676991887341203,0.11522698611197535,240825,wilson_95,False
2010-03-01,0.1397268396730703,0.1351781759777283,0.14441436674363584,242302,wilson_95,False
2010-04-01,0.13138635103953067,0.12695064113328547,0.13596366057003983,242685,wilson_95,False
2010-05-01,0.11806546459987932,0.11382630066646793,0.12245043562013014,243587,wilson_95,False
2010-06-01,0.1402905507624671,0.13575669236284094,0.14496171818433423,244693,wilson_95,False
2010-07-01,0.15736389760760972,0.15263355493130004,0.16222520152427622,245429,wilson_95,False
2010-08-01,0.2150737762803382,0.20981353629760313,0.2204451694443138,245868,wilson_95,False
2010-09-01,0.22859859474228394,0.22322190497536543,0.2340827472638538,244057,wilson_95,False
2010-10-01,0.24230007707011714,0.23681767709354773,0.24788604749640375,242551,wilson_95,False
2010-11-01,0.25790233410889285,0.2523118401815755,0.26359188551848034,241020,wilson_95,False
2010-12-01,0.24148422374711143,0.23596577490598436,0.2471080925839677,238917,wilson_95,False
2011-01-01,0.1806258520117845,0.17557154410706444,0.18580730872346707,237364,wilson_95,False
2011-02-01,0.14205571068451528,0.13742836182583784,0.14682412960210145,237096,wilson_95,False
2011-03-01,0.12741287416420055,0.12299758686387152,0.13197344020782598,238899,wilson_95,False
2011-04-01,0.10432167333335007,0.10026575711499386,0.10853073522617485,239738,wilson_95,False
2011-05-01,0.10413679667249387,0.10009218712106338,0.10833398555534224,240734,wilson_95,False
2011-06-01,0.12045111608152803,0.11616348765625895,0.12488462495511066,242045,wilson_95,False
2011-07-01,0.12434781520862992,0.1200114967294259,0.12882811079691114,242900,wilson_95,False
2011-08-01,0.14555553674469202,0.14095303197962739,0.15029370658047014,244335,wilson_95,False
2011-09-01,0.17425864703281657,0.16933992631566008,0.17930300022496837,244480,wilson_95,False
2011-10-01,0.20288553536582044,0.19770293323586496,0.2081841815836034,244137,wilson_95,False
2011-11-01,0.2144657617699477,0.2091890262900188,0.21985475728714965,243887,wilson_95,False
2011-12-01,0.19328260436438938,0.1881713074485316,0.19851369373231553,243133,wilson_95,False
2012-01-01,0.17451709838271967,0.1695728960158709,0.179588030292698,242192,wilson_95,False
2012-02-01,0.20102913521511578,0.19584284886825054,0.20633296530600376,242326,wilson_95,False
2012-03-01,0.216283373781055,0.21096814670092467,0.2217113115276962,241592,wilson_95,False
2012-04-01,0.20883802901868354,0.20356890681902395,0.21422289394555105,240537,wilson_95,False
2012-05-01,0.2148361407912509,0.20950850933423715,0.22027798226155282,239457,wilson_95,False
2012-06-01,0.21012224507622657,0.20482281105121858,0.21553787485155684,238691,wilson_95,False
2012-07-01,0.22461913313646753,0.21920389799735107,0.2301458902403678,238071,wilson_95,False
2012-08-01,0.24714755572713176,0.24156825069665777,0.2528313665720695,236660,wilson_95,False
2012-09-01,0.23421562196754353,0.22869467756052764,0.23984641043815136,234626,wilson_95,False
2012-10-01,0.2659637440060717,0.26023784444218034,0.2717892845485006,233201,wilson_95,False
2012-11-01,0.2430065672646089,0.23739216214439518,0.2487292207362365,231544,wilson_95,False
2012-12-01,0.2535425578087033,0.24785290872271515,0.25933725079969516,230585,wilson_95,False
2013-01-01,0.24710665126415576,0.24142704589877406,0.25289461412017833,228277,wilson_95,False
2013-02-01,0.2282038006771554,0.22263500678139037,0.23388821429027418,227114,wilson_95,False
2013-03-01,0.23784588305706567,0.23220065068970308,0.24360371757191213,226277,wilson_95,False
2013-04-01,0.2416933707812019,0.2360092225774364,0.2474893006656309,225168,wilson_95,False
2013-05-01,0.24049933851032845,0.2348073571029271,0.2463041502031612,223926,wilson_95,False
2013-06-01,0.21934863586739217,0.21379337052474634,0.22502495314629867,222874,wilson_95,False
2013-07-01,0.21638900259196314,0.210854129661445,0.2220461253065733,222668,wilson_95,False
2013-08-01,0.17419130653832893,0.1690337417247133,0.17948723649163378,222021,wilson_95,False
2013-09-01,0.13546769559321636,0.1307861239652861,0.1403018329599448,222936,wilson_95,False
2013-10-01,0.12370680988197291,0.11920607769961744,0.1283637545993167,224228,wilson_95,False
2013-11-01,0.10999079966451608,0.105709444557337,0.11443329538111469,224768,wilson_95,False
2013-12-01,0.1103775969530032,0.10610424493768433,0.11481084406792741,226308,wilson_95,False
2014-01-01,0.08974368167816515,0.08585015661901152,0.09380381291005924,228055,wilson_95,False
2014-02-01,0.0821466374005475,0.07842205560215776,0.08603903508271993,230412,wilson_95,False
2014-03-01,0.10030149853205594,0.09625210933138939,0.10451038249425337,232402,wilson_95,False
2014-04-01,0.1030119903612956,0.09892843416440111,0.10725303605358083,233853,wilson_95,False
2014-05-01,0.10498049576248347,0.10088757638295609,0.10922832652326375,236633,wilson_95,False
2014-06-01,0.11254495953364807,0.10834240256347227,0.11689871915007766,238070,wilson_95,False
2014-07-01,0.1179317194653039,0.11365963252605593,0.12235211645366428,239554,wilson_95,False
2014-08-01,0.11331817850679138,0.1091319380875223,0.11765327738866493,241367,wilson_95,False
2014-09-01,0.10817268822783044,0.10408516944182322,0.11240960434889324,243500,wilson_95,False
2014-10-01,0.11263010511214422,0.10849044946170194,0.11691626744660732,245651,wilson_95,False
2014-11-01,0.10536077775019437,0.10134859979313926,0.10952110404913229,247212,wilson_95,False
2014-12-01,0.12026169977023171,0.11603408855253583,0.1246313211399348,248758,wilson_95,False
2015-01-01,0.1020538912586163,0.09811809108093072,0.10613731796409942,250047,wilson_95,False
2015-02-01,0.12618113817426813,0.12189443035818393,0.13060617517942286,251672,wilson_95,False
2015-03-01,0.16162248036298432,0.15691515675241596,0.1664554720087198,252894,wilson_95,False
2015-04-01,0.14053618442645077,0.1360739604658432,0.1451310816271384,253085,wilson_95,False
2015-05-01,0.13829105962495458,0.1338717589893076,0.14284288830830127,254816,wilson_95,False
2015-06-01,0.14549514139988273,0.1410022886608886,0.15011724327692788,256505,wilson_95,False
2015-07-01,0.13458380188058405,0.13023270322643232,0.1390673742812284,257326,wilson_95,False
2015-08-01,0.12388936800097805,0.11969412201581164,0.12821979524191673,259000,wilson_95,False
2015-09-01,0.11811185887931452,0.11400795442110434,0.12235220401403457,260281,wilson_95,False
2015-10-01,0.1204435640836532,0.11631614188200812,0.12470600678150656,261520,wilson_95,False
2015-11-01,0.10097229991600765,0.0971483395013647,0.10493713041286112,262714,wilson_95,False
2015-12-01,0.11709202167947952,0.113036655229931,0.12128187678816682,264718,wilson_95,False
2016-01-01,0.0915712324782747,0.08792551912065771,0.09535940813068988,265578,wilson_95,False
2016-02-01,0.09559143516477453,0.09188870009896,0.09943437321447401,267334,wilson_95,False
2016-03-01,0.13819608763018343,0.13389215144175548,0.14262572376857918,268724,wilson_95,False
2016-04-01,0.12838692402336982,0.12421150500170597,0.13269091531765054,269290,wilson_95,False
2016-05-01,0.1409419651424253,0.13662450625459577,0.14538309776965574,271222,wilson_95,False
2016-06-01,0.1499820248909668,0.14556412415033682,0.1545205179211181,271743,wilson_95,False
2016-07-01,0.13873131128419192,0.13444634217368756,0.14314030718341098,271979,wilson_95,False
2016-08-01,0.17916982708128182,0.17446673809549373,0.18398389046660546,273062,wilson_95,False
2016-09-01,0.16340739125391734,0.15885393433221695,0.1680768231362576,272730,wilson_95,False
2016-10-01,0.16460623542746478,0.16004386729364106,0.16928403921940416,273126,wilson_95,False
2016-11-01,0.15635715282515683,0.1518802483744217,0.16095207048108418,273084,wilson_95,False
2016-12-01,0.14551849974941267,0.1411653405547184,0.1499928647947365,273512,wilson_95,False
2017-01-01,0.11195412385000791,0.10803734975625345,0.11600269132522267,273525,wilson_95,False
2017-02-01,0.09212158877071897,0.088532348598104,0.09584791633733702,275638,wilson_95,False
2017-03-01,0.11055118739744896,0.1066840287529458,0.11454859533666806,277707,wilson_95,False
2017-04-01,0.09834009782311715,0.09466755751896239,0.10214624966374741,278716,wilson_95,False
2017-05-01,0.11806718612829725,0.11411385068361124,0.12214703380667102,280740,wilson_95,False
2017-06-01,0.12587841326805882,0.12182472382253262,0.13005592235850227,281378,wilson_95,False
2017-07-01,0.11945084018023544,0.11549009337155347,0.12353692404193395,282414,wilson_95,False
2017-08-01,0.12828603219945223,0.12421998516774635,0.13247401468073083,284020,wilson_95,False
2017-09-01,0.11657240022395321,0.11266652101365882,0.12060350897749561,284653,wilson_95,False
2017-10-01,0.12416087249703955,0.12016113163091513,0.12828300090327827,285885,wilson_95,False
2017-11-01,0.11404644524063523,0.11019250607568065,0.11802529154363572,287147,wilson_95,False
2017-12-01,0.11202144905809996,0.10820951000687096,0.11595802448981662,289186,wilson_95,False
2018-01-01,0.09550330884750913,0.09194941253578914,0.0991862988006661,290402,wilson_95,False
2018-02-01,0.08425735043990146,0.08090059346764678,0.08774607560111192,291592,wilson_95,False
2018-03-01,0.10249555798684995,0.09884679785458972,0.10627024412665131,292834,wilson_95,False
2018-04-01,0.10193113388673558,0.09829726883496614,0.10569065102929853,293866,wilson_95,False
2018-05-01,0.10873778842819526,0.10501736328898859,0.11258086036391557,296213,wilson_95,False
2018-06-01,0.1101555965085953,0.10642257017626022,0.11401033917300074,297461,wilson_95,False
2018-07-01,0.10690977896324227,0.1032309034166029,0.11071082457409931,298676,wilson_95,False
2018-08-01,0.10783465527043601,0.10415033830283393,0.11164033706551246,299992,wilson_95,False
2018-09-01,0.08647116026433754,0.08312948184749014,0.08993992079560709,301264,wilson_95,False
2018-10-01,0.09339779753029975,0.08995240412705219,0.0969674137754376,303281,wilson_95,False
2018-11-01,0.08315436866026826,0.07988882759836968,0.08654648990954406,304776,wilson_95,False
2018-12-01,0.0799801480829112,0.07678584094164609,0.08330075135735149,307688,wilson_95,False
2019-01-01,0.0691691848154623,0.06618767705541295,0.07227929740550554,309638,wilson_95,False
2019-02-01,0.07385091217252981,0.07078787058329716,0.0770404625967126,311473,wilson_95,False
2019-03-01,0.0919582338544237,0.08858869911354628,0.09544854143348924,312995,wilson_95,False
2019-04-01,0.1118524256414759,0.10820427242076436,0.11561476768246493,315776,wilson_95,False
2019-05-01,0.12363590982275408,0.1198480551062645,0.12753387711420683,318170,wilson_95,False
2019-06-01,0.11991297384886324,0.11617494257730787,0.12376196098143322,318660,wilson_95,False
2019-07-01,0.15141019480345597,0.14731616381111945,0.15560644855772898,319389,wilson_95,False
2019-08-01,0.1560332184126353,0.15189749828320032,0.1602696912491829,320145,wilson_95,False
2019-09-01,0.16789994359817728,0.16364703875674058,0.17225066907062014,319470,wilson_95,False
2019-10-01,0.18612705836023813,0.1817111797056955,0.19063624862311745,318521,wilson_95,False
2019-11-01,0.1566916113977075,0.15253090098641608,0.1609538108212345,317271,wilson_95,False
2019-12-01,0.15795955683224683,0.15378990665776882,0.16223018263353106,317818,wilson_95,False
2020-01-01,0.13902374165189135,0.13504836821876243,0.14310538753038404,317185,wilson_95,False
2020-02-01,0.14249325913920952,0.13847986407378243,0.14661197287941174,317233,wilson_95,False
2020-03-01,0.19703473269665084,0.19252131199598022,0.2016391363593597,316708,wilson_95,False
2020-04-01,0.24737404084167036,0.24252909559938096,0.2522975020918723,314775,wilson_95,False
2020-05-01,0.25810424344291927,0.253190296209741,0.2630944784320528,312755,wilson_95,False
2020-06-01,0.28988812618688864,0.28480861275884417,0.29503686639369575,308626,wilson_95,False
2020-07-01,0.29538330653876643,0.29024413398996407,0.30059141708365467,303753,wilson_95,False
2020-08-01,0.2920323769038644,0.28687346689033555,0.2972619410379602,300040,wilson_95,False
2020-09-01,0.3059798481649021,0.300735144916742,0.31129265793354954,295504,wilson_95,False
2020-10-01,0.33230921462889895,0.3269508615646791,0.33772996038378444,290629,wilson_95,False
2020-11-01,0.3039063330767998,0.2985770512037522,0.3093066825912071,285425,wilson_95,False
2020-12-01,0.32495397741080034,0.3195250035298839,0.3304493888289387,281245,wilson_95,False
2021-01-01,0.2782946958014626,0.27297354709870225,0.2836964828810037,276143,wilson_95,False
2021-02-01,0.29200052647950436,0.2865916870178101,0.2974870957354442,272757,wilson_95,False
2021-03-01,0.35382791437836836,0.34821655846048916,0.3595007767161127,268884,wilson_95,False
2021-04-01,0.2966763849283146,0.29115635608577883,0.3022755111724129,263474,wilson_95,False
2021-05-01,0.2528395232442152,0.24748606591026878,0.2582862258035601,260366,wilson_95,False
2021-06-01,0.2710804687988032,0.26561160809560724,0.2766377697644462,258179,wilson_95,False
2021-07-01,0.24426432793839714,0.23890695548226937,0.2497195043376933,255241,wilson_95,False
2021-08-01,0.25292825643150063,0.24750703984900246,0.2584450693093654,253888,wilson_95,False
2021-09-01,0.2483938819327446,0.24297571677722174,0.2539098890234429,251761,wilson_95,False
2021-10-01,0.22881066188125443,0.22349778738245885,0.23422831272051803,250151,wilson_95,False
2021-11-01,0.22360605406947298,0.21831649999556402,0.22900258174927068,248965,wilson_95,False
2021-12-01,0.20786892512667832,0.20268940985992856,0.2131608911642504,248288,wilson_95,False
2022-01-01,0.16786492528093977,0.16304274661826457,0.1728132843693564,247685,wilson_95,False
2022-02-01,0.15436804219824307,0.1496916241383176,0.15917532263426337,247560,wilson_95,False
2022-03-01,0.16418953970603334,0.15941219214991853,0.16909398895519023,248332,wilson_95,False
2022-04-01,0.1375074639801077,0.13304422788211,0.1421068023614015,248618,wilson_95,False
2022-05-01,0.12200258700530842,0.11775881920861031,0.12638716108465164,249813,wilson_95,False
2022-06-01,0.11610802346062266,0.1119634094905878,0.12039455743728955,251458,wilson_95,False
2022-07-01,0.09739217453978166,0.09355515865740716,0.10137685813784425,252747,wilson_95,False
2022-08-01,0.09671192594397304,0.09290205113139682,0.1006684857032002,254848,wilson_95,False
2022-09-01,0.08350081349774818,0.0799453898251552,0.08720611725197125,257188,wilson_95,False
2022-10-01,0.07439405261329446,0.0710342005219815,0.07790550626035586,259596,wilson_95,False
2022-11-01,0.06166401278040867,0.058593078012524336,0.06488982208487337,261442,wilson_95,False
2022-12-01,0.05790753524777981,0.0549429726942845,0.06102640276140847,264588,wilson_95,False
2023-01-01,0.05352415696782564,0.050681220563592255,0.05652137293893067,267182,wilson_95,False
2023-02-01,0.0542449251639574,0.051397450143794265,0.057244945658262214,269795,wilson_95,False
2023-03-01,0.0720978044901891,0.0688595360031965,0.07548158546962125,271864,wilson_95,False
2023-04-01,0.0632947708606928,0.060255711439300974,0.06648116732143539,273828,wilson_95,False
2023-05-01,0.07571138735148697,0.07243364757919368,0.07913050252445442,277547,wilson_95,False
2023-06-01,0.07742399410417977,0.07412369510107442,0.08086418761343006,279398,wilson_95,False
2023-07-01,0.06850545164310307,0.06539751906954783,0.07175486619141214,281872,wilson_95,False
2023-08-01,0.07241604209421104,0.06924289037726428,0.07572811559801462,284559,wilson_95,False
2023-09-01,0.06184958816398245,0.05891126073343067,0.0649289326977125,287018,wilson_95,False
2023-10-01,0.06283159966730689,0.05988565147483771,0.06591690099907377,289815,wilson_95,False
2023-11-01,0.05265144940506017,0.04994980664374238,0.055494548626872975,291959,wilson_95,False
2023-12-01,0.054955804343633674,0.052214433470731514,0.057836298251311535,295368,wilson_95,False
2024-01-01,0.05457678272809929,0.05185570786006766,0.05743591158363248,297902,wilson_95,False
2024-02-01,0.05387420899364215,0.0511786854445998,0.05670706172825346,299934,wilson_95,False
2024-03-01,0.0677335191394044,0.06474347630650079,0.07085591495760302,301836,wilson_95,False
2024-04-01,0.06777683175360028,0.06479734536988013,0.07088762607810883,304209,wilson_95,False
2024-05-01,0.07606117009301083,0.0729362116980532,0.07931372826905392,307270,wilson_95,False
2024-06-01,0.06698741924445817,0.0640487174440495,0.0700554228720649,309474,wilson_95,False
2024-07-01,0.07653353903480509,0.07342150800153469,0.07977124043415729,311654,wilson_95,False
2024-08-01,0.07739702631197343,0.07427862425684217,0.08064008362036179,313577,wilson_95,False
2024-09-01,0.07781998881819951,0.07470267219308058,0.08106113103109702,315375,wilson_95,False
2024-10-01,0.10285324166518184,0.09934105362988366,0.10648150445066396,317419,wilson_95,False
2024-11-01,0.07937154096353605,0.07624202155779092,0.08262320634690046,318585,wilson_95,False
2024-12-01,0.07516870550567911,0.07212728956178494,0.07833242634478421,321222,wilson_95,False
2025-01-01,0.06360398889616203,0.06079259901717826,0.06654034674503984,322626,wilson_95,False
2025-02-01,0.06140927829745613,0.05865094900892254,0.06429247854602849,324449,wilson_95,False
2025-03-01,0.07629822152465648,0.07324364996367783,0.07947418360745939,322815,wilson_95,False
2025-04-01,0.08911098913031512,0.08582660019529875,0.09251406478288837,320612,wilson_95,False
2025-05-01,0.08893740329676936,0.08564278284464577,0.0923517213824645,318032,wilson_95,False
2025-06-01,0.08248861720329037,0.0792892328242496,0.08581048579137651,315450,wilson_95,False
2025-07-01,0.08947282901763376,0.0861439988729068,0.09292309553653144,313089,wilson_95,False
2025-08-01,0.08964777512811328,0.08630261905682535,0.09311531970766351,310527,wilson_95,False
2025-09-01,0.09641130258647146,0.09294434834880938,0.09999972306793248,307982,wilson_95,False
2025-10-01,0.13024088480819251,0.12629286580985888,0.13430180557879234,305253,wilson_95,False
2025-11-01,0.09722442738392034,0.09370904248399914,0.10086359939465828,301630,wilson_95,False
2025-12-01,0.10834631442909048,0.10464811972642407,0.1121661600896946,298919,wilson_95,False
2026-01-01,0.09093565279362559,0.0874891041073067,0.09451023358450772,295951,wilson_95,False
2026-02-01,0.10225019591285556,0.09860900221791202,0.10601711983354478,293461,wilson_95,False
2026-03-01,0.12390892720845792,0.11994521693364679,0.12799307347120514,290699,wilson_95,False
