period_group,from_bucket,rate,rate_lo,rate_hi,rate_n,rate_method,synthetic
all,dpd_30,0.37817003922614484,0.377168653080146,0.37917246548233186,899910,wilson_95,False
all,dpd_60,0.13524864755181035,0.13394247709479726,0.13656554690808884,261193,wilson_95,False
all,dpd_90p,0.05790951934762643,0.057418501554801285,0.058404475931285435,862328,wilson_95,False
covid,dpd_30,0.35263317760388796,0.34907998203337454,0.35620274854871925,69137,wilson_95,False
covid,dpd_60,0.13675634834598074,0.13294240382968128,0.14066195932942835,30441,wilson_95,False
covid,dpd_90p,0.08635586032403214,0.08489126367955108,0.08784329955350426,139122,wilson_95,False
crisis,dpd_30,0.337257837855924,0.33536543955881903,0.33915546549413134,239096,wilson_95,False
crisis,dpd_60,0.10792693145634322,0.105762762494147,0.11012993085684107,77571,wilson_95,False
crisis,dpd_90p,0.04038772814377942,0.03964996984672339,0.041138625709501594,268745,wilson_95,False
pre_crisis,dpd_30,0.4648143985614283,0.46204579986631533,0.4675851673141952,124568,wilson_95,False
pre_crisis,dpd_60,0.2121370879720585,0.20689118414667002,0.2174795321244249,22905,wilson_95,False
pre_crisis,dpd_90p,0.07362994508573349,0.07096613054421619,0.07638552846874005,35692,wilson_95,False
recent,dpd_30,0.40648363558543943,0.4039567552808885,0.409015475674282,144857,wilson_95,False
recent,dpd_60,0.170374018440997,0.16655433860780197,0.17426298124010406,36549,wilson_95,False
recent,dpd_90p,0.09780882819942839,0.09596116751284318,0.09968814133131083,97619,wilson_95,False
recovery,dpd_30,0.36778359792957066,0.366120316988198,0.3694500310488009,322252,wilson_95,False
recovery,dpd_60,0.12488397153434976,0.12278291257418071,0.1270157779572302,93727,wilson_95,False
recovery,dpd_90p,0.04637396855052156,0.045652067420977216,0.0471067217110545,321150,wilson_95,False
