period_group,from_bucket,to_state,rate,rate_lo,rate_hi,rate_n,rate_method,synthetic
all,current,credit_event,2.016829941655631e-06,1.713225334885808e-06,2.3742368921845978e-06,71399178,wilson_95,False
all,current,current,0.9758557444456853,0.9758201146372922,0.9758913230495632,71399178,wilson_95,False
all,current,dpd_30,0.006593675350155992,0.006574929092586125,0.006612474700773401,71399178,wilson_95,False
all,current,dpd_60,4.838991283625142e-05,4.6803089485605767e-05,5.0030533540674986e-05,71399178,wilson_95,False
all,current,dpd_90p,2.6975100469644064e-05,2.579700489057259e-05,2.8206995706836942e-05,71399178,wilson_95,False
all,current,matured,7.266190095353759e-05,7.071146786482905e-05,7.466612878423381e-05,71399178,wilson_95,False
all,current,missing,0.004064374522631059,0.004049643641170351,0.004079158769305033,71399178,wilson_95,False
all,current,other_exit,0.00010490316849306024,0.00010255431363860472,0.00010730581462017792,71399178,wilson_95,False
all,current,prepaid,0.013231104705435124,0.013204627136435314,0.013257634653261081,71399178,wilson_95,False
all,current,reo,1.5406339832091626e-07,8.60295214212056e-08,2.7589981942299106e-07,71399178,wilson_95,False
all,dpd_30,credit_event,7.000700070007e-05,5.472347651229505e-05,8.955862343875404e-05,899910,wilson_95,False
all,dpd_30,current,0.37817003922614484,0.377168653080146,0.37917246548233186,899910,wilson_95,False
all,dpd_30,dpd_30,0.42448467068929113,0.4234638017548978,0.42550618432768733,899910,wilson_95,False
all,dpd_30,dpd_60,0.17810669955884478,0.17731758408019796,0.1788985631669265,899910,wilson_95,False
all,dpd_30,dpd_90p,0.001382360458268049,0.001307695350938916,0.0014612824600715826,899910,wilson_95,False
all,dpd_30,matured,0.00021002100210021002,0.00018213980414091878,0.00024216910325593107,899910,wilson_95,False
all,dpd_30,missing,0.003467013368003467,0.0033476717750977433,0.0035905940578835655,899910,wilson_95,False
all,dpd_30,other_exit,0.0010145458990343478,0.0009508661036964122,0.0010824857290239272,899910,wilson_95,False
all,dpd_30,prepaid,0.013090197908679756,0.012857433998871647,0.013327118758559138,899910,wilson_95,False
all,dpd_30,reo,4.444888933337778e-06,1.7285318162925303e-06,1.1429904330770535e-05,899910,wilson_95,False
all,dpd_60,credit_event,0.00045177320984865596,0.0003772955188979674,0.0005409447533853658,261193,wilson_95,False
all,dpd_60,current,0.13524864755181035,0.13394247709479726,0.13656554690808884,261193,wilson_95,False
all,dpd_60,dpd_30,0.14966710440172593,0.1483041346326419,0.15104037896151465,261193,wilson_95,False
all,dpd_60,dpd_60,0.3241396208933624,0.3223472292757816,0.3259371853177871,261193,wilson_95,False
all,dpd_60,dpd_90p,0.37505216449139145,0.3731973434658344,0.37691066076786023,261193,wilson_95,False
all,dpd_60,matured,0.0001914293262070576,0.00014521822202788308,0.00025234194080075273,261193,wilson_95,False
all,dpd_60,missing,0.0033346988625269436,0.003120793768165396,0.003563213010285395,261193,wilson_95,False
all,dpd_60,other_exit,0.0012213191012010276,0.0010945130453165744,0.0013627963740313795,261193,wilson_95,False
all,dpd_60,prepaid,0.010651127710160685,0.010264584921426859,0.01105206434478756,261193,wilson_95,False
all,dpd_60,reo,4.211445176555268e-05,2.3517008098999297e-05,7.541779783650125e-05,261193,wilson_95,False
all,dpd_90p,credit_event,0.010389318217661958,0.010177476945138932,0.01060552166071334,862328,wilson_95,False
all,dpd_90p,current,0.05790951934762643,0.057418501554801285,0.058404475931285435,862328,wilson_95,False
all,dpd_90p,dpd_30,0.0086788321845052,0.008485237494744441,0.008876804284314288,862328,wilson_95,False
all,dpd_90p,dpd_60,0.014831943297677914,0.014578963358454938,0.015089245826004833,862328,wilson_95,False
all,dpd_90p,dpd_90p,0.8827151617481979,0.8820343416118005,0.883392572096244,862328,wilson_95,False
all,dpd_90p,matured,9.045282073642512e-05,7.24840881067714e-05,0.0001128754813024803,862328,wilson_95,False
all,dpd_90p,missing,0.0024387472052397694,0.0023368369197441733,0.0025450904966189255,862328,wilson_95,False
all,dpd_90p,other_exit,0.0013417168409236393,0.0012666471800346828,0.0014212292816526927,862328,wilson_95,False
all,dpd_90p,prepaid,0.007689649414144038,0.007507460478040719,0.007876224573387575,862328,wilson_95,False
all,dpd_90p,reo,0.01391465892328673,0.013669582974319661,0.014164065633873199,862328,wilson_95,False
all,reo,credit_event,0.13374188896899783,0.13151861113269295,0.13599686526797175,88768,wilson_95,False
all,reo,dpd_90p,1.1265320836337418e-05,1.9886085147225946e-06,6.381445160771328e-05,88768,wilson_95,False
all,reo,missing,0.0008223684210526315,0.0006541695974116957,0.0010337694647761975,88768,wilson_95,False
all,reo,other_exit,0.000889960346070656,0.0007142166654002316,0.0011089003969597829,88768,wilson_95,False
all,reo,reo,0.8645345169430425,0.8622674772323121,0.8667700073626342,88768,wilson_95,False
covid,current,current,0.9661179677519941,0.9659724755582867,0.966262859588343,5965020,wilson_95,False
covid,current,dpd_30,0.007462003480290092,0.007393257286268453,0.007531384060520921,5965020,wilson_95,False
covid,current,dpd_60,2.6990689050497735e-05,2.3131147629152297e-05,3.149419293629389e-05,5965020,wilson_95,False
covid,current,dpd_90p,1.726733523106377e-05,1.4239158555896884e-05,2.093948689430719e-05,5965020,wilson_95,False
covid,current,matured,8.382201568477558e-05,7.679003148276605e-05,9.149788915280215e-05,5965020,wilson_95,False
covid,current,other_exit,0.0002529748433366527,0.00024053041635877762,0.00026606294171264045,5965020,wilson_95,False
covid,current,prepaid,0.026038806240381424,0.02591131331054947,0.02616690962960359,5965020,wilson_95,False
covid,current,reo,1.6764403136955115e-07,2.959328863801058e-08,9.496917864850967e-07,5965020,wilson_95,False
covid,dpd_30,credit_event,1.446403517653355e-05,2.553261934998452e-06,8.193310961391039e-05,69137,wilson_95,False
covid,dpd_30,current,0.35263317760388796,0.34907998203337454,0.35620274854871925,69137,wilson_95,False
covid,dpd_30,dpd_30,0.28862982194772696,0.2852640154444234,0.29201911586650814,69137,wilson_95,False
covid,dpd_30,dpd_60,0.33380100380404126,0.3302952156604448,0.3373252599496596,69137,wilson_95,False
covid,dpd_30,dpd_90p,0.0009835543920042814,0.0007759902247764992,0.001246569175284921,69137,wilson_95,False
covid,dpd_30,matured,0.00031820877388373807,0.00021015953049364426,0.00048178256640993224,69137,wilson_95,False
covid,dpd_30,other_exit,0.002661382472482173,0.002304000053855805,0.00307402906721235,69137,wilson_95,False
covid,dpd_30,prepaid,0.020958386970797112,0.019916943709410415,0.022053061248498432,69137,wilson_95,False
covid,dpd_60,credit_event,3.2850431983180576e-05,5.79893142196324e-06,0.00018607130145788958,30441,wilson_95,False
covid,dpd_60,current,0.13675634834598074,0.13294240382968128,0.14066195932942835,30441,wilson_95,False
covid,dpd_60,dpd_30,0.07079268092375415,0.06796533851482392,0.0737283360820874,30441,wilson_95,False
covid,dpd_60,dpd_60,0.18925133865510332,0.18489036177925733,0.19369073460813563,30441,wilson_95,False
covid,dpd_60,dpd_90p,0.5878913307709996,0.5823512418726804,0.5934092398246114,30441,wilson_95,False
covid,dpd_60,matured,3.2850431983180576e-05,5.79893142196324e-06,0.00018607130145788958,30441,wilson_95,False
covid,dpd_60,other_exit,0.0024637823987385433,0.0019661592117297525,0.0030869614960518303,30441,wilson_95,False
covid,dpd_60,prepaid,0.012745967609474065,0.011545886677610069,0.014069009687526135,30441,wilson_95,False
covid,dpd_60,reo,3.2850431983180576e-05,5.79893142196324e-06,0.00018607130145788958,30441,wilson_95,False
covid,dpd_90p,credit_event,0.002221072152499245,0.001987067455596034,0.0024825655924437906,139122,wilson_95,False
covid,dpd_90p,current,0.08635586032403214,0.08489126367955108,0.08784329955350426,139122,wilson_95,False
covid,dpd_90p,dpd_30,0.007108868475151306,0.006680804213132586,0.0075641515624433825,139122,wilson_95,False
covid,dpd_90p,dpd_60,0.008718966087319044,0.008243830917896721,0.00922123116792645,139122,wilson_95,False
covid,dpd_90p,dpd_90p,0.8832032316959215,0.8815049384394621,0.8848803633993715,139122,wilson_95,False
covid,dpd_90p,matured,9.344316499187763e-05,5.461187162275809e-05,0.00015988069501898103,139122,wilson_95,False
covid,dpd_90p,other_exit,0.0003378329811244807,0.00025408331608439217,0.0004491753869341541,139122,wilson_95,False
covid,dpd_90p,prepaid,0.011479133422463737,0.010932712809970536,0.012052531521990689,139122,wilson_95,False
covid,dpd_90p,reo,0.0004815916964966001,0.0003792753301735457,0.0006114928648313577,139122,wilson_95,False
covid,reo,credit_event,0.13192346424974824,0.11228652931898367,0.15439726123603184,993,wilson_95,False
covid,reo,reo,0.8680765357502518,0.8456027387639682,0.8877134706810164,993,wilson_95,False
crisis,current,credit_event,6.0532172921970135e-06,4.8897747381985486e-06,7.493480048702318e-06,13876918,wilson_95,False
crisis,current,current,0.9785261395938205,0.978449738934103,0.9786022753189249,13876918,wilson_95,False
crisis,current,dpd_30,0.008588938840742591,0.008540523687052314,0.008637626062745573,13876918,wilson_95,False
crisis,current,dpd_60,7.357541494444228e-05,6.919882446220536e-05,7.822878824571661e-05,13876918,wilson_95,False
crisis,current,dpd_90p,5.800999905022138e-05,5.413881175844705e-05,6.21579777787806e-05,13876918,wilson_95,False
crisis,current,matured,1.0593130261344774e-05,9.013530400970723e-06,1.2449547810715981e-05,13876918,wilson_95,False
crisis,current,other_exit,3.977828506300895e-05,3.65954988435768e-05,4.32378728131617e-05,13876918,wilson_95,False
crisis,current,prepaid,0.012696551208272615,0.012637778567630228,0.012755593643059998,13876918,wilson_95,False
crisis,current,reo,3.603105531069651e-07,1.539031411377789e-07,8.435413194443406e-07,13876918,wilson_95,False
crisis,dpd_30,credit_event,0.00014638471576270618,0.00010526254675179494,0.00020356851884057418,239096,wilson_95,False
crisis,dpd_30,current,0.337257837855924,0.33536543955881903,0.33915546549413134,239096,wilson_95,False
crisis,dpd_30,dpd_30,0.45360859236457324,0.45161384086610495,0.4556048345430936,239096,wilson_95,False
crisis,dpd_30,dpd_60,0.20007862950446684,0.19847989111491537,0.2016870051701216,239096,wilson_95,False
crisis,dpd_30,dpd_90p,0.0016311439756415832,0.001477200714295795,0.0018011011617666875,239096,wilson_95,False
crisis,dpd_30,matured,4.182420450363034e-05,2.271900256083385e-05,7.699440032237238e-05,239096,wilson_95,False
crisis,dpd_30,other_exit,0.00011710777261016496,8.102812856382542e-05,0.00016924999146997817,239096,wilson_95,False
crisis,dpd_30,prepaid,0.007114297186067521,0.006785243887595815,0.007459188220935171,239096,wilson_95,False
crisis,dpd_30,reo,4.182420450363034e-06,7.383002900706402e-07,2.3692744017836933e-05,239096,wilson_95,False
crisis,dpd_60,credit_event,0.0006832450271364299,0.0005224388740607489,0.0008935029023591439,77571,wilson_95,False
crisis,dpd_60,current,0.10792693145634322,0.105762762494147,0.11012993085684107,77571,wilson_95,False
crisis,dpd_60,dpd_30,0.14805790823890372,0.14557603242684117,0.15057463996629514,77571,wilson_95,False
crisis,dpd_60,dpd_60,0.3364401644944631,0.3331233309039016,0.33977319685155755,77571,wilson_95,False
crisis,dpd_60,dpd_90p,0.40207036134637947,0.39862485289112265,0.4055255686335549,77571,wilson_95,False
crisis,dpd_60,matured,2.5782831212695467e-05,7.070610757502324e-06,9.401188806857174e-05,77571,wilson_95,False
crisis,dpd_60,other_exit,0.00032228539015869334,0.00021831826810611398,0.00047573998336030977,77571,wilson_95,False
crisis,dpd_60,prepaid,0.004447538384189968,0.0040031833429885755,0.0049409723365174945,77571,wilson_95,False
crisis,dpd_60,reo,2.5782831212695467e-05,7.070610757502324e-06,9.401188806857174e-05,77571,wilson_95,False
crisis,dpd_90p,credit_event,0.009306219650598151,0.008950145301870858,0.009676321817570544,268745,wilson_95,False
crisis,dpd_90p,current,0.04038772814377942,0.03964996984672339,0.041138625709501594,268745,wilson_95,False
crisis,dpd_90p,dpd_30,0.007241064950045582,0.0069274794310018985,0.007568737325406478,268745,wilson_95,False
crisis,dpd_90p,dpd_60,0.013429087052782377,0.013000813209044214,0.013871270851371234,268745,wilson_95,False
crisis,dpd_90p,dpd_90p,0.9038419319429198,0.9027215577275416,0.9049507612367036,268745,wilson_95,False
crisis,dpd_90p,matured,7.441998920910157e-06,2.0408669028599466e-06,2.713678007090623e-05,268745,wilson_95,False
crisis,dpd_90p,other_exit,0.0017265437496511563,0.0015765447267073972,0.0018907872765208903,268745,wilson_95,False
crisis,dpd_90p,prepaid,0.003330294517107295,0.003119461197264908,0.0035553264932917314,268745,wilson_95,False
crisis,dpd_90p,reo,0.02072968799419524,0.020197825456437616,0.02127525177924054,268745,wilson_95,False
crisis,reo,credit_event,0.1354439699602415,0.131845422117977,0.13912499570322773,33955,wilson_95,False
crisis,reo,other_exit,0.0005301133853629804,0.00033536208401878495,0.0008378657738575453,33955,wilson_95,False
crisis,reo,reo,0.8640259166543955,0.8603389546545166,0.8676305206874875,33955,wilson_95,False
pre_crisis,current,credit_event,2.00045610399171e-07,5.4859723556503085e-08,7.29464683182655e-07,9997720,wilson_95,False
pre_crisis,current,current,0.9730006441468655,0.9728999935386275,0.9731009312698691,9997720,wilson_95,False
pre_crisis,current,dpd_30,0.007476504643058618,0.0074232965065520705,0.00753009126746014,9997720,wilson_95,False
pre_crisis,current,dpd_60,7.461701267889078e-05,6.945138638197874e-05,8.016681497478409e-05,9997720,wilson_95,False
pre_crisis,current,dpd_90p,2.2105039949108396e-05,1.937649560836124e-05,2.5217800642538107e-05,9997720,wilson_95,False
pre_crisis,current,matured,1.200273662395026e-06,6.866326593232832e-07,2.0981470827656553e-06,9997720,wilson_95,False
pre_crisis,current,other_exit,3.6208255482249956e-05,3.266554651047119e-05,4.013516996886007e-05,9997720,wilson_95,False
pre_crisis,current,prepaid,0.019388320537082455,0.01930303452340498,0.0194739758848213,9997720,wilson_95,False
pre_crisis,current,reo,2.00045610399171e-07,5.4859723556503085e-08,7.29464683182655e-07,9997720,wilson_95,False
pre_crisis,dpd_30,credit_event,8.027743882859162e-06,1.4170953216099635e-06,4.54751939171673e-05,124568,wilson_95,False
pre_crisis,dpd_30,current,0.4648143985614283,0.46204579986631533,0.4675851673141952,124568,wilson_95,False
pre_crisis,dpd_30,dpd_30,0.3707131847665532,0.36803502842291974,0.3733993148219173,124568,wilson_95,False
pre_crisis,dpd_30,dpd_60,0.129559758525464,0.12770630211242734,0.13143606168968436,124568,wilson_95,False
pre_crisis,dpd_30,dpd_90p,0.001742020422580438,0.0015253041126122087,0.001989466590728722,124568,wilson_95,False
pre_crisis,dpd_30,other_exit,0.00044955365744011303,0.0003462398902365589,0.000583676995185637,124568,wilson_95,False
pre_crisis,dpd_30,prepaid,0.032713056322651084,0.03173954437270945,0.03371538800473383,124568,wilson_95,False
pre_crisis,dpd_60,credit_event,0.0001309757694826457,4.4544558347328806e-05,0.00038504760755876606,22905,wilson_95,False
pre_crisis,dpd_60,current,0.2121370879720585,0.20689118414667002,0.2174795321244249,22905,wilson_95,False
pre_crisis,dpd_60,dpd_30,0.20196463654223967,0.19681566620709545,0.20721355873028674,22905,wilson_95,False
pre_crisis,dpd_60,dpd_60,0.2387251691770356,0.23324846019747514,0.24428950166259428,22905,wilson_95,False
pre_crisis,dpd_60,dpd_90p,0.31202794149748964,0.3060596906535998,0.31805923236227934,22905,wilson_95,False
pre_crisis,dpd_60,other_exit,0.0015280506439641999,0.0010989715144423327,0.0021243018646775274,22905,wilson_95,False
pre_crisis,dpd_60,prepaid,0.03339882121807466,0.031149072653158246,0.03580505340240063,22905,wilson_95,False
pre_crisis,dpd_60,reo,8.731717965509715e-05,2.3945846708644104e-05,0.00031834378128452065,22905,wilson_95,False
pre_crisis,dpd_90p,credit_event,0.00790093018043259,0.0070339117775651515,0.008873864467904932,35692,wilson_95,False
pre_crisis,dpd_90p,current,0.07362994508573349,0.07096613054421619,0.07638552846874005,35692,wilson_95,False
pre_crisis,dpd_90p,dpd_30,0.023058388434383056,0.021551871402860426,0.024667558967592623,35692,wilson_95,False
pre_crisis,dpd_90p,dpd_60,0.027793343046060744,0.026138149647510277,0.02955017082852895,35692,wilson_95,False
pre_crisis,dpd_90p,dpd_90p,0.8048582315364787,0.8007140409350825,0.8089368066322734,35692,wilson_95,False
pre_crisis,dpd_90p,other_exit,0.0074526504538832234,0.006611866944052543,0.00839944633284134,35692,wilson_95,False
pre_crisis,dpd_90p,prepaid,0.021461391908550936,0.02000866873964131,0.023017112305259,35692,wilson_95,False
pre_crisis,dpd_90p,reo,0.03384511935447719,0.03201871031583617,0.03577186023598182,35692,wilson_95,False
pre_crisis,reo,credit_event,0.1579328314997105,0.14952356926816923,0.1667223214750546,6908,wilson_95,False
pre_crisis,reo,other_exit,0.0018818760856977416,0.0011001443567935597,0.003217295358582334,6908,wilson_95,False
pre_crisis,reo,reo,0.8401852924145917,0.8313554810792956,0.848636967821857,6908,wilson_95,False
recent,current,credit_event,4.0266834892554664e-07,1.8454652876148807e-07,8.785955418046395e-07,14900600,wilson_95,False
recent,current,current,0.9682666469806585,0.9681775237961424,0.9683555287216651,14900600,wilson_95,False
recent,current,dpd_30,0.005310658631196059,0.0052738827398256215,0.005347689589911971,14900600,wilson_95,False
recent,current,dpd_60,3.3824141309745914e-05,3.099730008847765e-05,3.690877067124474e-05,14900600,wilson_95,False
recent,current,dpd_90p,9.932485940163484e-06,8.456007666796605e-06,1.1666764672565088e-05,14900600,wilson_95,False
recent,current,matured,9.455995060601586e-05,8.974996402731105e-05,9.962769400889012e-05,14900600,wilson_95,False
recent,current,missing,0.019475256029958525,0.01940521536897769,0.019545544454860325,14900600,wilson_95,False
recent,current,other_exit,9.529817591237937e-05,9.04689627858359e-05,0.00010038514548245507,14900600,wilson_95,False
recent,current,prepaid,0.006713420936069688,0.006672085423066995,0.006755010793137956,14900600,wilson_95,False
recent,dpd_30,current,0.40648363558543943,0.4039567552808885,0.409015475674282,144857,wilson_95,False
recent,dpd_30,dpd_30,0.3977646920756332,0.3952470055502066,0.4002878008079373,144857,wilson_95,False
recent,dpd_30,dpd_60,0.15947451624705744,0.15759816741729762,0.16136892536985523,144857,wilson_95,False
recent,dpd_30,dpd_90p,0.0014704156512974865,0.0012858725134273546,0.0016813990728203638,144857,wilson_95,False
recent,dpd_30,matured,0.0003796847925885529,0.0002917394987603436,0.0004941282186590367,144857,wilson_95,False
recent,dpd_30,missing,0.021538482779568817,0.02080349282368259,0.022298848678286524,144857,wilson_95,False
recent,dpd_30,other_exit,0.0010355039797869624,0.0008825838686087967,0.0012148874408276227,144857,wilson_95,False
recent,dpd_30,prepaid,0.011853068888628096,0.0113085509200049,0.012423476480912573,144857,wilson_95,False
recent,dpd_60,credit_event,2.736052969985499e-05,4.8298216552637426e-06,0.00015497878931893186,36549,wilson_95,False
recent,dpd_60,current,0.170374018440997,0.16655433860780197,0.17426298124010406,36549,wilson_95,False
recent,dpd_60,dpd_30,0.13491477194998494,0.1314506832255123,0.1384555966989977,36549,wilson_95,False
recent,dpd_60,dpd_60,0.2956031628772333,0.29094669620392405,0.30030259102776574,36549,wilson_95,False
recent,dpd_60,dpd_90p,0.36006457085009164,0.3551583409576796,0.36500021329524546,36549,wilson_95,False
recent,dpd_60,matured,0.0004377684751976798,0.00026949160238775574,0.0007110466373294495,36549,wilson_95,False
recent,dpd_60,missing,0.023831021368573697,0.022316678477774327,0.025445448600294428,36549,wilson_95,False
recent,dpd_60,other_exit,0.0016963528413910093,0.0013236149351831235,0.0021738274993459783,36549,wilson_95,False
recent,dpd_60,prepaid,0.01305097266683083,0.011937549797954443,0.01426674569846459,36549,wilson_95,False
recent,dpd_90p,credit_event,0.00527561232956699,0.004840240055974312,0.005749919412563483,97619,wilson_95,False
recent,dpd_90p,current,0.09780882819942839,0.09596116751284318,0.09968814133131083,97619,wilson_95,False
recent,dpd_90p,dpd_30,0.012446347534803675,0.011769805755791172,0.013161259786357979,97619,wilson_95,False
recent,dpd_90p,dpd_60,0.01663610567614911,0.015852566372959905,0.017457685717913597,97619,wilson_95,False
recent,dpd_90p,dpd_90p,0.8272365010909761,0.8248521435437344,0.8295951051255197,97619,wilson_95,False
recent,dpd_90p,matured,0.00020487814872104814,0.0001326370245601967,0.0003164531490667136,97619,wilson_95,False
recent,dpd_90p,missing,0.021542937338018212,0.020650827309079856,0.022472701937879126,97619,wilson_95,False
recent,dpd_90p,other_exit,0.0014956104856636515,0.0012720208647353643,0.00175843240214159,97619,wilson_95,False
recent,dpd_90p,prepaid,0.014607812003810734,0.013874060676429743,0.015379763696479407,97619,wilson_95,False
recent,dpd_90p,reo,0.002745367192862045,0.00243612345265907,0.0030937448727615764,97619,wilson_95,False
recent,reo,credit_event,0.08583525789068515,0.07566590938454192,0.09722758391254331,2598,wilson_95,False
recent,reo,dpd_90p,0.00038491147036181676,6.794955763963031e-05,0.0021771752561304657,2598,wilson_95,False
recent,reo,missing,0.028098537336412627,0.02240735176120346,0.03518318985796613,2598,wilson_95,False
recent,reo,other_exit,0.001924557351809084,0.0008223273234171035,0.0044975428684307425,2598,wilson_95,False
recent,reo,reo,0.8837567359507313,0.8708614491729877,0.8955188363128915,2598,wilson_95,False
recovery,current,credit_event,1.9505666396088064e-06,1.4875816615132027e-06,2.5576476006291686e-06,26658920,wilson_95,False
recovery,current,current,0.9819571085400309,0.981906511741644,0.9820075664417095,26658920,wilson_95,False
recovery,current,dpd_30,0.0057468194510505305,0.005718196717553707,0.005775584624898764,26658920,wilson_95,False
recovery,current,dpd_60,3.837364754461171e-05,3.6093141031601756e-05,4.079823954366619e-05,26658920,wilson_95,False
recovery,current,dpd_90p,2.4344572098194525e-05,2.2542297311953345e-05,2.6290936413562828e-05,26658920,wilson_95,False
recovery,current,matured,0.00011703399837652838,0.00011299903457415648,0.00012121302499557524,26658920,wilson_95,False
recovery,current,other_exit,0.00013680224105102533,0.00013243408699518063,0.00014131445222647404,26658920,wilson_95,False
recovery,current,prepaid,0.011977454450517875,0.011936230187955364,0.012018819357805842,26658920,wilson_95,False
recovery,current,reo,1.125326907466619e-07,3.827127083889853e-08,3.3089062328786696e-07,26658920,wilson_95,False
recovery,dpd_30,credit_event,8.068219902436602e-05,5.506287028867396e-05,0.00011822012923091673,322252,wilson_95,False
recovery,dpd_30,current,0.36778359792957066,0.366120316988198,0.3694500310488009,322252,wilson_95,False
recovery,dpd_30,dpd_30,0.4648194580638755,0.4630978502139058,0.46654190465490586,322252,wilson_95,False
recovery,dpd_30,dpd_60,0.15554286707297393,0.15429566615367246,0.15679828021201758,322252,wilson_95,False
recovery,dpd_30,dpd_90p,0.0011047254943336272,0.0009958260477672513,0.0012255191281034165,322252,wilson_95,False
recovery,dpd_30,matured,0.0003165224730955898,0.0002607748333732055,0.00038418309160905754,322252,wilson_95,False
recovery,dpd_30,other_exit,0.0015360649429638916,0.0014066633284323758,0.0016773504611134423,322252,wilson_95,False
recovery,dpd_30,prepaid,0.008806772339659645,0.008489996116651837,0.009135259124986628,322252,wilson_95,False
recovery,dpd_30,reo,9.309484502811464e-06,3.1660697809797496e-06,2.7373202295960118e-05,322252,wilson_95,False
recovery,dpd_60,credit_event,0.0006401570518633905,0.0004974106314855988,0.0008238349360696875,93727,wilson_95,False
recovery,dpd_60,current,0.12488397153434976,0.12278291257418071,0.1270157779572302,93727,wilson_95,False
recovery,dpd_60,dpd_30,0.16958827232280987,0.16719934166298053,0.17200428612893323,93727,wilson_95,False
recovery,dpd_60,dpd_60,0.389770290311223,0.38665262515091015,0.39289699076630114,93727,wilson_95,False
recovery,dpd_60,dpd_90p,0.3048107802447534,0.3018718139781921,0.30776574575635,93727,wilson_95,False
recovery,dpd_60,matured,0.0003307478101294184,0.00023303049909270421,0.0004694219466118468,93727,wilson_95,False
recovery,dpd_60,other_exit,0.0013016526721222274,0.00109036915767492,0.001553813429009525,93727,wilson_95,False
recovery,dpd_60,prepaid,0.008610112347562602,0.008038437640000182,0.009222065238675773,93727,wilson_95,False
recovery,dpd_60,reo,6.401570518633905e-05,2.9339291630164284e-05,0.00013967080765133898,93727,wilson_95,False
recovery,dpd_90p,credit_event,0.016665109761793553,0.016228115855618647,0.017113666419757576,321150,wilson_95,False
recovery,dpd_90p,current,0.04637396855052156,0.045652067420977216,0.0471067217110545,321150,wilson_95,False
recovery,dpd_90p,dpd_30,0.007818776272769733,0.007519987974064391,0.008129338952841203,321150,wilson_95,False
recovery,dpd_90p,dpd_60,0.016665109761793553,0.016228115855618647,0.017113666419757576,321150,wilson_95,False
recovery,dpd_90p,dpd_90p,0.8903409621672116,0.8892556159620599,0.8914169703010801,321150,wilson_95,False
recovery,dpd_90p,matured,0.00013389381908765374,9.94118798053518e-05,0.00018033398408528412,321150,wilson_95,False
recovery,dpd_90p,other_exit,0.0007286314806165343,0.0006410899083139213,0.0008281170508100443,321150,wilson_95,False
recovery,dpd_90p,prepaid,0.006062587575899113,0.005799958113323669,0.006337033432892934,321150,wilson_95,False
recovery,dpd_90p,reo,0.01521096061030671,0.014793426304070278,0.015640092455735447,321150,wilson_95,False
recovery,reo,credit_event,0.13151599945841044,0.1284012683103465,0.13469461079863035,44314,wilson_95,False
recovery,reo,other_exit,0.000970347971295753,0.0007205185007054771,0.0013066889593909968,44314,wilson_95,False
recovery,reo,reo,0.8675136525702938,0.8643253050262762,0.8706382881411683,44314,wilson_95,False
