sample,definition,model,auc,auc_lo,auc_hi,auc_n,auc_method,gini,gini_lo,gini_hi,gini_n,gini_method,ks,ks_lo,ks_hi,ks_n,ks_method,synthetic
dev_train,primary,champion,0.8615175395678707,0.8534185078289327,0.8695571060291033,539519,bootstrap_1000,0.7230350791357414,0.7068370156578653,0.7391142120582065,539519,bootstrap_1000,0.5704255816699124,0.5557889707540901,0.5899370748495216,539519,bootstrap_1000,False
dev_train,primary,challenger,0.8885589902659518,0.8813627616433384,0.8954884426373926,539519,bootstrap_1000,0.7771179805319035,0.7627255232866768,0.7909768852747852,539519,bootstrap_1000,0.6153741433321113,0.6022125158798453,0.6347646505416243,539519,bootstrap_1000,False
dev_train,naive,champion,0.8610987996592426,0.8535573031658832,0.8681430103126266,539519,bootstrap_1000,0.7221975993184853,0.7071146063317664,0.7362860206252533,539519,bootstrap_1000,0.5694795416688387,0.5550157967749434,0.5889586522292265,539519,bootstrap_1000,False
dev_train,naive,challenger,0.8879844981520973,0.8813524863647667,0.8944582711043515,539519,bootstrap_1000,0.7759689963041947,0.7627049727295333,0.788916542208703,539519,bootstrap_1000,0.6139472891629365,0.600998571576476,0.6330037977400823,539519,bootstrap_1000,False
dev_test,primary,champion,0.8554616585401393,0.8427746609851476,0.8677208066615338,231384,bootstrap_1000,0.7109233170802787,0.6855493219702953,0.7354416133230677,231384,bootstrap_1000,0.5736390798453863,0.5482078720809322,0.6019249140375131,231384,bootstrap_1000,False
dev_test,primary,challenger,0.868763567396422,0.8570755330658858,0.8802381679781834,231384,bootstrap_1000,0.737527134792844,0.7141510661317716,0.7604763359563669,231384,bootstrap_1000,0.5909836365923571,0.5695151532754354,0.620397880536241,231384,bootstrap_1000,False
dev_test,naive,champion,0.8548357665613304,0.8417501670526655,0.8677743632569661,231384,bootstrap_1000,0.7096715331226608,0.683500334105331,0.7355487265139322,231384,bootstrap_1000,0.5723767141413134,0.5458773960483724,0.6029512042603853,231384,bootstrap_1000,False
dev_test,naive,challenger,0.8682360515207649,0.8561250545531846,0.8807923765604442,231384,bootstrap_1000,0.7364721030415298,0.712250109106369,0.7615847531208884,231384,bootstrap_1000,0.5907950095533921,0.566737569341885,0.6207938878122515,231384,bootstrap_1000,False
oot,primary,champion,0.7667933892411964,0.7527627187103931,0.7812669123572071,258337,bootstrap_1000,0.5335867784823929,0.5055254374207862,0.5625338247144144,258337,bootstrap_1000,0.4182504567967585,0.3932144091822426,0.45026848731498526,258337,bootstrap_1000,False
oot,primary,challenger,0.7606165427050692,0.7466959384604315,0.7754487791446806,258337,bootstrap_1000,0.5212330854101384,0.49339187692086306,0.5508975582893613,258337,bootstrap_1000,0.3945410455003005,0.3702813273755651,0.4259816733277514,258337,bootstrap_1000,False
oot,naive,champion,0.758635409509464,0.7456257019576655,0.7700652778201078,258337,bootstrap_1000,0.5172708190189279,0.49125140391533106,0.5401305556402157,258337,bootstrap_1000,0.3945359484624909,0.37517208780194716,0.42138960792950564,258337,bootstrap_1000,False
oot,naive,challenger,0.757040047631126,0.7445604796985738,0.7686061024852117,258337,bootstrap_1000,0.514080095262252,0.48912095939714745,0.5372122049704233,258337,bootstrap_1000,0.3876077696554222,0.3684814010818677,0.41321129317722355,258337,bootstrap_1000,False
covid,primary,champion,0.6595594692239207,0.622737652518703,0.6941601143196543,138385,bootstrap_1000,0.31911893844784145,0.24547530503740617,0.38832022863930854,138385,bootstrap_1000,0.27917307371379585,0.22430891994418817,0.3451834123925563,138385,bootstrap_1000,False
covid,primary,challenger,0.6584659740293476,0.6233245396741814,0.6916552221597232,138385,bootstrap_1000,0.3169319480586952,0.24664907934836294,0.3833104443194463,138385,bootstrap_1000,0.27441379130784077,0.22372710525157122,0.34382430886259885,138385,bootstrap_1000,False
covid,naive,champion,0.703738036830529,0.6922255984657693,0.7148076399324043,138385,bootstrap_1000,0.4074760736610581,0.38445119693153845,0.42961527986480863,138385,bootstrap_1000,0.30139220709939385,0.2830451437455853,0.3233741687777831,138385,bootstrap_1000,False
covid,naive,challenger,0.7161416142731781,0.7049271944781299,0.7270213376056973,138385,bootstrap_1000,0.43228322854635626,0.4098543889562598,0.4540426752113945,138385,bootstrap_1000,0.33035530670504426,0.3125035631567493,0.35506475420458045,138385,bootstrap_1000,False
oot_and_covid,primary,champion,0.7497559513837609,0.7358491796175066,0.7643967171061957,396722,bootstrap_1000,0.4995119027675219,0.4716983592350133,0.5287934342123913,396722,bootstrap_1000,0.3939034452560486,0.3715182507092692,0.42482182713766903,396722,bootstrap_1000,False
oot_and_covid,primary,challenger,0.7450124507778816,0.7310187120392385,0.7603327981789392,396722,bootstrap_1000,0.49002490155576317,0.46203742407847703,0.5206655963578783,396722,bootstrap_1000,0.37922216124229596,0.3538393998098897,0.4073300592779081,396722,bootstrap_1000,False
oot_and_covid,naive,champion,0.7029953148193829,0.6945380511664746,0.7110257900310952,396722,bootstrap_1000,0.40599062963876587,0.38907610233294915,0.42205158006219046,396722,bootstrap_1000,0.2985234999684599,0.2848905047177055,0.31515984680050557,396722,bootstrap_1000,False
oot_and_covid,naive,challenger,0.7096241345586447,0.7015178211931772,0.7178114698169057,396722,bootstrap_1000,0.4192482691172894,0.40303564238635436,0.4356229396338115,396722,bootstrap_1000,0.3174834258068483,0.3043614729705196,0.33465308087062257,396722,bootstrap_1000,False
oot_2017_2019,primary,champion,0.752720896370361,0.7220584973317191,0.7863704408011678,100909,bootstrap_1000,0.505441792740722,0.4441169946634383,0.5727408816023357,100909,bootstrap_1000,0.38753056305434924,0.3329004224091048,0.45954675403756245,100909,bootstrap_1000,False
oot_2017_2019,primary,challenger,0.7500353341253705,0.7196013077820206,0.7833941921061925,100909,bootstrap_1000,0.500070668250741,0.4392026155640411,0.5667883842123851,100909,bootstrap_1000,0.3749033132033262,0.33032950566257074,0.4486541506413794,100909,bootstrap_1000,False
oot_2017_2019,naive,champion,0.7509458729458133,0.7232912034945368,0.7783279995175512,100909,bootstrap_1000,0.5018917458916266,0.4465824069890735,0.5566559990351023,100909,bootstrap_1000,0.37741402530764806,0.3332754474588349,0.43794333591932055,100909,bootstrap_1000,False
oot_2017_2019,naive,challenger,0.751106185388109,0.7223018609795241,0.7785804012679329,100909,bootstrap_1000,0.502212370776218,0.44460372195904824,0.557160802535866,100909,bootstrap_1000,0.3714278923425937,0.33620014442887947,0.43357357352505077,100909,bootstrap_1000,False
oot_2022_2024,primary,champion,0.7663721846674278,0.7497706862291732,0.7839353626823906,149487,bootstrap_1000,0.5327443693348557,0.49954137245834646,0.5678707253647812,149487,bootstrap_1000,0.4235815862023956,0.3950442772849705,0.45826309560316686,149487,bootstrap_1000,False
oot_2022_2024,primary,challenger,0.7550426589393923,0.7378398280200744,0.7724886452349803,149487,bootstrap_1000,0.5100853178787845,0.4756796560401489,0.5449772904699606,149487,bootstrap_1000,0.3882491301442368,0.3616458603443938,0.42391131613788646,149487,bootstrap_1000,False
oot_2022_2024,naive,champion,0.7544367418634176,0.7408795981411007,0.7694604838588277,149487,bootstrap_1000,0.5088734837268352,0.48175919628220143,0.5389209677176553,149487,bootstrap_1000,0.3940047074343045,0.373899755737981,0.4246105350653317,149487,bootstrap_1000,False
oot_2022_2024,naive,challenger,0.7476926923334438,0.733895194899338,0.762931629498902,149487,bootstrap_1000,0.49538538466688764,0.4677903897986758,0.5258632589978041,149487,bootstrap_1000,0.3743836040664471,0.35159012167358317,0.4055675758078233,149487,bootstrap_1000,False
