feature,bin,lower,upper,is_missing_bin,woe,points,default_rate_dev_train,default_rate_dev_train_lo,default_rate_dev_train_hi,default_rate_dev_train_n,default_rate_dev_train_method,synthetic
fico,"[-inf, 654.5)",,654.5,False,-1.6361597588660617,57,0.019681411269088993,0.018446064362675936,0.020997720461476237,45576,wilson_95,False
fico,"[654.5, 680.5)",654.5,680.5,False,-0.7963041343246828,75,0.008594010379469599,0.0077551366683694025,0.009522754264215656,42006,wilson_95,False
fico,"[680.5, 699.5)",680.5,699.5,False,-0.35521182120871087,85,0.005545812200786842,0.004880834147332759,0.006300815020223517,42194,wilson_95,False
fico,"[699.5, 715.5)",699.5,715.5,False,0.08255277837710086,94,0.0035867501230747592,0.003062403884224878,0.004200496898446634,42657,wilson_95,False
fico,"[715.5, 728.5)",715.5,728.5,False,0.4008689089213063,101,0.002611458108981262,0.002141365262794735,0.003184420867740097,37144,wilson_95,False
fico,"[728.5, 754.5)",728.5,754.5,False,0.7812451779102948,109,0.0017866798316759527,0.0015245095595104723,0.002093841042034765,85074,wilson_95,False
fico,"[754.5, 783.5)",754.5,783.5,False,1.3185308791936783,121,0.0010447904038792828,0.0008806078519651199,0.0012395455514890782,125384,wilson_95,False
fico,"[783.5, inf)",783.5,,False,1.9757023970737657,135,0.0005418035284954794,0.00042435406552730434,0.0006917372571661183,118124,wilson_95,False
fico,Missing,,,True,-1.6361597588660617,57,0.008823529411764706,0.005054576869650653,0.015359422602669592,1360,wilson_95,False
ltv_pct,"[-inf, 36.5)",,36.5,False,1.3721284346264015,112,0.0009903204165734915,0.0006977928539909923,0.0014053084412098793,31303,wilson_95,False
ltv_pct,"[36.5, 54.5)",36.5,54.5,False,1.0759742922454536,108,0.0013312070997711987,0.0010903390596354596,0.0016251990003113036,72115,wilson_95,False
ltv_pct,"[54.5, 59.5)",54.5,59.5,False,0.6556730008776915,102,0.0020252480928913794,0.0015738577239307106,0.0026057616301859133,29626,wilson_95,False
ltv_pct,"[59.5, 69.5)",59.5,69.5,False,0.4119347671659155,98,0.0025827936125022944,0.0022467837426940066,0.0029689047352694474,76274,wilson_95,False
ltv_pct,"[69.5, 79.5)",69.5,79.5,False,0.14805723981896954,95,0.003360095906255013,0.003046259485179822,0.003706144669673259,118449,wilson_95,False
ltv_pct,"[79.5, 81.5)",79.5,81.5,False,0.010427710564057061,93,0.0038539684587351243,0.0035241689780229376,0.004214500766224687,124028,wilson_95,False
ltv_pct,"[81.5, 94.5)",81.5,94.5,False,-0.7876857886232069,81,0.00852089087383205,0.00775972793132538,0.009356013374531156,51051,wilson_95,False
ltv_pct,"[94.5, inf)",94.5,,False,-1.052935146419594,77,0.011080483611255151,0.010058742227963826,0.01220473132908481,36641,wilson_95,False
ltv_pct,Missing,,,True,-1.052935146419594,77,0.0,0.0,0.1071791982550706,32,wilson_95,False
dti_pct,"[-inf, 24.5)",,24.5,False,0.8667515218468598,108,0.0016404968361846731,0.0014332554482459157,0.0018776479196296182,128010,wilson_95,False
dti_pct,"[24.5, 27.5)",24.5,27.5,False,0.47656811254307435,101,0.002421530868753027,0.0020009218508016424,0.002930295504708771,43361,wilson_95,False
dti_pct,"[27.5, 30.5)",27.5,30.5,False,0.34209360565243013,99,0.0027691099584633504,0.002338734217901373,0.0032784235333437627,48391,wilson_95,False
dti_pct,"[30.5, 37.5)",30.5,37.5,False,0.1284330309076281,95,0.0034264582164890635,0.003103721206127131,0.0037826273391295697,114112,wilson_95,False
dti_pct,"[37.5, 40.5)",37.5,40.5,False,-0.09928459734104585,91,0.004298941798941799,0.0037540263109038137,0.004922563637378752,48384,wilson_95,False
dti_pct,"[40.5, 45.5)",40.5,45.5,False,-0.21667859869454145,89,0.004831841013321686,0.004355025494572819,0.005360580215208818,73264,wilson_95,False
dti_pct,"[45.5, 51.5)",45.5,51.5,False,-0.6083665074670005,81,0.0071320691391173014,0.006415381243278048,0.007928182244979461,47672,wilson_95,False
dti_pct,"[51.5, inf)",51.5,,False,-1.0622812013245586,73,0.011183364298985279,0.010016719003950996,0.012484175042168307,27988,wilson_95,False
dti_pct,Missing,,,True,-0.3500782967341194,86,0.005517572268201991,0.004139379158413378,0.0073512431359762185,8337,wilson_95,False
rate_spread_pct,"[-inf, -0.3355)",,-0.3355,False,0.8848095754550297,109,0.001611185832772921,0.0013425603733995396,0.0019334550119189916,71376,wilson_95,False
rate_spread_pct,"[-0.3355, -0.1945)",-0.3355,-0.1945,False,0.7983200517538799,107,0.0017564846080465166,0.0014648008470377432,0.0021061284429923118,66041,wilson_95,False
rate_spread_pct,"[-0.1945, -0.0695)",-0.1945,-0.0695,False,0.7347332718847259,106,0.0018715854384161843,0.0016128938855544555,0.0021716781979948625,92435,wilson_95,False
rate_spread_pct,"[-0.0695, 0.0545)",-0.0695,0.0545,False,0.5936064800063534,103,0.002154651631091422,0.0018848999267548742,0.002462912768344459,99320,wilson_95,False
rate_spread_pct,"[0.0545, 0.1805)",0.0545,0.1805,False,0.2886042937230364,98,0.0029208162845158134,0.0025651934770594374,0.003325576095908952,77718,wilson_95,False
rate_spread_pct,"[0.1805, 0.3055)",0.1805,0.3055,False,-0.13621489148392832,90,0.004459949652123927,0.0039150240392146,0.0050803357006548935,50449,wilson_95,False
rate_spread_pct,"[0.3055, 0.6245)",0.3055,0.6245,False,-0.7047047543829308,79,0.007847685319416256,0.007123022875952229,0.00864542952493943,51735,wilson_95,False
rate_spread_pct,"[0.6245, inf)",0.6245,,False,-1.679179829778915,61,0.02052882246674331,0.018995440676888325,0.02218318546284187,30445,wilson_95,False
rate_spread_pct,Missing,,,True,-1.679179829778915,61,,,,0,none: no dev_train loans in this bin,False
term_band,[le_180],,,False,1.0926221806418261,110,0.0013092575418689651,0.0011257779505220709,0.0015225951037471557,128317,wilson_95,False
term_band,[181_240],,,False,0.632024117240751,102,0.002073613271124935,0.0015973273054505019,0.0026915338119798404,27006,wilson_95,False
term_band,[gt_240],,,False,-0.22778218730909292,89,0.004885527178835803,0.0046699458459811116,0.005111009410408466,384196,wilson_95,False
term_band,Missing,,,True,-0.22778218730909292,89,,,,0,none: no dev_train loans in this bin,False
property_type,[PU],,,False,0.44161873778379096,99,0.0025074421799862606,0.0021969344183184326,0.002861710260471034,87340,wilson_95,False
property_type,[CO],,,False,-0.05186137656007332,92,0.004100647176969427,0.0034901567111765906,0.004817407048492319,35848,wilson_95,False
property_type,[SF],,,False,-0.06707737240457884,92,0.004163257973913486,0.00397120121989007,0.004364562349122192,411937,wilson_95,False
property_type,"[MH, CP]",,,False,-0.1665413007006073,90,0.004596644449551827,0.002977657447610256,0.007089634148480715,4351,wilson_95,False
property_type,Missing,,,True,-0.1665413007006073,90,0.0,0.0,0.08200980322579117,43,wilson_95,False
channel,[C],,,False,0.6027211597240311,101,0.002135143643157275,0.001825610856926682,0.0024970265051754872,73063,wilson_95,False
channel,[R],,,False,0.5129553527918266,100,0.0023352039289806104,0.0021613389494975093,0.002523019796386586,274066,wilson_95,False
channel,[T],,,False,-0.5834177841527742,84,0.006957557097670391,0.006569283729719605,0.007368608900081288,166294,wilson_95,False
channel,[B],,,False,-0.3788820551299983,87,0.005677894575308831,0.004835743676842854,0.006665724764931777,26066,wilson_95,False
channel,Missing,,,True,-0.5834177841527742,84,0.0,0.0,0.11351339317396876,30,wilson_95,False
