sample,definition,grade,n,mean_pd,realised_rate,realised_rate_lo,realised_rate_hi,realised_rate_n,realised_rate_method,result,synthetic
dev_test,primary,A,104414,0.00047249085525477753,0.0004309766889497577,0.00031846434444811615,0.0005711553988180024,104414,jeffreys_95,PASS,False
dev_test,primary,B,42997,0.001421751552261957,0.0016280205595739239,0.0012796051347091963,0.0020434836286497542,42997,jeffreys_95,PASS,False
dev_test,primary,C,33480,0.0028216160809286643,0.002180406212664277,0.0017226947477752106,0.0027241303258990503,33480,jeffreys_95,FAIL,False
dev_test,primary,D,23987,0.005599193407153974,0.005711427022970776,0.004816332802195338,0.006725756118629741,23987,jeffreys_95,PASS,False
dev_test,primary,E,15453,0.01119510738960172,0.0125541965961302,0.010888719590851456,0.014402206521548618,15453,jeffreys_95,PASS,False
dev_test,primary,F,7159,0.022257389264808726,0.021371699958094705,0.01821230123036363,0.024917908440073445,7159,jeffreys_95,PASS,False
dev_test,primary,G,3894,0.056934184143297394,0.051104262968669746,0.044518543892114126,0.05835687562355203,3894,jeffreys_95,PASS,False
dev_test,naive,A,104414,0.00047249085525477753,0.00044055394870419674,0.00032665613737924723,0.0005821182206174711,104414,jeffreys_95,PASS,False
dev_test,naive,B,42997,0.001421751552261957,0.0016280205595739239,0.0012796051347091963,0.0020434836286497542,42997,jeffreys_95,PASS,False
dev_test,naive,C,33480,0.0028216160809286643,0.0022102747909199523,0.0017491658858635162,0.0027573919304690548,33480,jeffreys_95,FAIL,False
dev_test,naive,D,23987,0.005599193407153974,0.005753116271313629,0.004854567464299123,0.00677089019295381,23987,jeffreys_95,PASS,False
dev_test,naive,E,15453,0.01119510738960172,0.012618908949718502,0.01094896333592237,0.014471363477664105,15453,jeffreys_95,PASS,False
dev_test,naive,F,7159,0.022257389264808726,0.021371699958094705,0.01821230123036363,0.024917908440073445,7159,jeffreys_95,PASS,False
dev_test,naive,G,3894,0.056934184143297394,0.051104262968669746,0.044518543892114126,0.05835687562355203,3894,jeffreys_95,PASS,False
oot,primary,A,102921,0.0005244342696509047,0.0008064437772660585,0.0006467138825255926,0.0009942336480858408,102921,jeffreys_95,FAIL,False
oot,primary,B,57575,0.0014300010872082766,0.0018758141554494137,0.0015468804424349123,0.002254806382615331,57575,jeffreys_95,FAIL,False
oot,primary,C,45140,0.0028055730590293457,0.004253433761630483,0.003684366758775769,0.004886056099570975,45140,jeffreys_95,FAIL,False
oot,primary,D,28098,0.005544856926599098,0.007117944337675279,0.006185000468402378,0.008152400138981462,28098,jeffreys_95,FAIL,False
oot,primary,E,15944,0.011125489852680208,0.010474159558454592,0.00898138355593831,0.01214459581400388,15944,jeffreys_95,PASS,False
oot,primary,F,6645,0.022052249331559998,0.016403310759969904,0.013555999115199405,0.01967161940751629,6645,jeffreys_95,FAIL,False
oot,primary,G,2014,0.044787354913994624,0.018371400198609732,0.013176420105714263,0.024947903769426186,2014,jeffreys_95,FAIL,False
oot,naive,A,102921,0.0005244342696509047,0.0011562266204176018,0.0009623507366029899,0.0013781476169065958,102921,jeffreys_95,FAIL,False
oot,naive,B,57575,0.0014300010872082766,0.003074250976986539,0.002646621222135872,0.0035518272782601363,57575,jeffreys_95,FAIL,False
oot,naive,C,45140,0.0028055730590293457,0.006047851129818343,0.005363879736779517,0.006795152411633846,45140,jeffreys_95,FAIL,False
oot,naive,D,28098,0.005544856926599098,0.009822763185991885,0.008719491031072543,0.011026996733779782,28098,jeffreys_95,FAIL,False
oot,naive,E,15944,0.011125489852680208,0.014676367285499247,0.012896759062675393,0.016632124875444874,15944,jeffreys_95,FAIL,False
oot,naive,F,6645,0.022052249331559998,0.02167042889390519,0.018374725397355518,0.025382587685149116,6645,jeffreys_95,PASS,False
oot,naive,G,2014,0.044787354913994624,0.023833167825223437,0.01783787472484315,0.031194713464234938,2014,jeffreys_95,FAIL,False
covid,primary,A,71535,0.00047908121984627743,0.0009925211434961907,0.0007814242533914571,0.0012439701742229662,71535,jeffreys_95,FAIL,False
covid,primary,B,28631,0.0014163816235924138,0.0013621598966155565,0.0009835332516291992,0.0018414746867727691,28631,jeffreys_95,PASS,False
covid,primary,C,19270,0.0027780074941179214,0.00233523611831863,0.0017260019743667065,0.003093799000626984,19270,jeffreys_95,PASS,False
covid,primary,D,10690,0.005499025673176718,0.004583723105706267,0.003433194571306212,0.006002224598775598,10690,jeffreys_95,PASS,False
covid,primary,E,5417,0.01112659725635671,0.0036920804873546245,0.002328833592909915,0.005584299470977794,5417,jeffreys_95,FAIL,False
covid,primary,F,2259,0.02210401654891504,0.007082779991146525,0.004221320949469502,0.01120281846443285,2259,jeffreys_95,INSUFFICIENT,False
covid,primary,G,583,0.04323497438445916,0.005145797598627788,0.001451349691712646,0.013668362989248903,583,jeffreys_95,INSUFFICIENT,False
covid,naive,A,71535,0.00047908121984627743,0.006080939400293563,0.005531017270778543,0.006670824310751193,71535,jeffreys_95,FAIL,False
covid,naive,B,28631,0.0014163816235924138,0.015367957807970381,0.013991631441374646,0.01684225149088078,28631,jeffreys_95,FAIL,False
covid,naive,C,19270,0.0027780074941179214,0.021536066424494033,0.01955772518812658,0.02365810853769046,19270,jeffreys_95,FAIL,False
covid,naive,D,10690,0.005499025673176718,0.02881197380729654,0.025767333173426964,0.03211168753863885,10690,jeffreys_95,FAIL,False
covid,naive,E,5417,0.01112659725635671,0.03304412036182389,0.028530519379898533,0.038056443834342986,5417,jeffreys_95,FAIL,False
covid,naive,F,2259,0.02210401654891504,0.046038069942452416,0.03797003929081521,0.055268077038686525,2259,jeffreys_95,FAIL,False
covid,naive,G,583,0.04323497438445916,0.060034305317324184,0.042893642193605835,0.08152649458082091,583,jeffreys_95,PASS,False
oot_and_covid,primary,A,174456,0.000505837429084951,0.0008827440730040813,0.0007515188991512726,0.0010305252240754624,174456,jeffreys_95,FAIL,False
oot_and_covid,primary,B,86206,0.001425477749357248,0.0017052177342644363,0.0014462212737454906,0.001997662716018071,86206,jeffreys_95,FAIL,False
oot_and_covid,primary,C,64410,0.0027973260719800813,0.00367955286446204,0.0032339490071443483,0.0041697518231760084,64410,jeffreys_95,FAIL,False
oot_and_covid,primary,D,38788,0.005532225801016824,0.006419511189027534,0.005661060741998576,0.007251605482556657,38788,jeffreys_95,FAIL,False
oot_and_covid,primary,E,21361,0.011125770682496958,0.008754271803754507,0.007570609446752777,0.010071014044417431,21361,jeffreys_95,FAIL,False
oot_and_covid,primary,F,8904,0.02206538299553181,0.01403863432165319,0.011750105857217334,0.016642921753433973,8904,jeffreys_95,FAIL,False
oot_and_covid,primary,G,2597,0.04443886132573157,0.015402387370042356,0.011189124024241505,0.020693920562089043,2597,jeffreys_95,FAIL,False
oot_and_covid,naive,A,174456,0.000505837429084951,0.00317558582106663,0.0029197391730965312,0.003447916024255627,174456,jeffreys_95,FAIL,False
oot_and_covid,naive,B,86206,0.001425477749357248,0.007157274435654131,0.006610961441821158,0.007736678036230554,86206,jeffreys_95,FAIL,False
oot_and_covid,naive,C,64410,0.0027973260719800813,0.010681571184598665,0.00990950665434069,0.011497607393768624,64410,jeffreys_95,FAIL,False
oot_and_covid,naive,D,38788,0.005532225801016824,0.015056202949365783,0.013880211664025697,0.01630455729652419,38788,jeffreys_95,FAIL,False
oot_and_covid,naive,E,21361,0.011125770682496958,0.019334300828612892,0.017552283466151015,0.021246549827557828,21361,jeffreys_95,FAIL,False
oot_and_covid,naive,F,8904,0.02206538299553181,0.027852650494159928,0.02458661946344684,0.03142552186209507,8904,jeffreys_95,FAIL,False
oot_and_covid,naive,G,2597,0.04443886132573157,0.03195995379283789,0.025707254624992446,0.03925471280605021,2597,jeffreys_95,FAIL,False
oot_2017_2019,primary,A,43320,0.0005125445144309742,0.0006001846722068329,0.00040142642357987807,0.0008655525734110883,43320,jeffreys_95,PASS,False
oot_2017_2019,primary,B,22437,0.001423689190245342,0.001559923340910104,0.0011053814553342925,0.002142879149241412,22437,jeffreys_95,PASS,False
oot_2017_2019,primary,C,16595,0.0027969772626503103,0.0019885507683037058,0.001394218228228289,0.00275633591137763,16595,jeffreys_95,FAIL,False
oot_2017_2019,primary,D,9851,0.0055315573410542026,0.0038574763983351946,0.0027739135048080246,0.00523217761076136,9851,jeffreys_95,FAIL,False
oot_2017_2019,primary,E,5579,0.011206099957118083,0.00716974368166338,0.005202826342742829,0.009647273153880209,5579,jeffreys_95,FAIL,False
oot_2017_2019,primary,F,2400,0.02199212130831489,0.009583333333333333,0.006250689293429922,0.014095692898738969,2400,jeffreys_95,FAIL,False
oot_2017_2019,primary,G,727,0.04464285679354574,0.015130674002751032,0.0080647972086351,0.026033134604786307,727,jeffreys_95,INSUFFICIENT,False
oot_2017_2019,naive,A,43320,0.0005125445144309742,0.0007848568790397045,0.0005532022151366444,0.0010831246925220922,43320,jeffreys_95,FAIL,False
oot_2017_2019,naive,B,22437,0.001423689190245342,0.002317600392209297,0.0017506312151929877,0.0030128443379345646,22437,jeffreys_95,FAIL,False
oot_2017_2019,naive,C,16595,0.0027969772626503103,0.002952696595360048,0.0022111247841689733,0.0038674653432597362,16595,jeffreys_95,PASS,False
oot_2017_2019,naive,D,9851,0.0055315573410542026,0.004974114303116435,0.0037257722759189977,0.006513019716839664,9851,jeffreys_95,PASS,False
oot_2017_2019,naive,E,5579,0.011206099957118083,0.010216884746370317,0.007825230273196641,0.013116171447799276,5579,jeffreys_95,PASS,False
oot_2017_2019,naive,F,2400,0.02199212130831489,0.013333333333333334,0.009310183453324981,0.01852784580972543,2400,jeffreys_95,FAIL,False
oot_2017_2019,naive,G,727,0.04464285679354574,0.017881705639614855,0.010059159192843805,0.02952152818578924,727,jeffreys_95,INSUFFICIENT,False
oot_2022_2024,primary,A,55888,0.0005366849743469384,0.001002004008016032,0.0007647662766610384,0.0012908808820838395,55888,jeffreys_95,FAIL,False
oot_2022_2024,primary,B,33441,0.0014346815071872103,0.0019736251906342516,0.001539873815687333,0.002493519419822162,33441,jeffreys_95,FAIL,False
oot_2022_2024,primary,C,27290,0.002812384003389097,0.005679736167094174,0.004839658349079881,0.006624629137966444,27290,jeffreys_95,FAIL,False
oot_2022_2024,primary,D,17594,0.005556735202267077,0.009207684437876548,0.007875772010295741,0.010701012317241142,17594,jeffreys_95,FAIL,False
oot_2022_2024,primary,E,9963,0.011081518233674403,0.01244605038642979,0.010408179830008045,0.014767045791695644,9963,jeffreys_95,PASS,False
oot_2022_2024,primary,F,4074,0.022067672499164297,0.020864015709376533,0.016808618220218185,0.02559957889142946,4074,jeffreys_95,PASS,False
oot_2022_2024,primary,G,1237,0.04500056431612889,0.021018593371059015,0.014103172837015402,0.03016873050847166,1237,jeffreys_95,FAIL,False
oot_2022_2024,naive,A,55888,0.0005366849743469384,0.0014672201545949041,0.0011750690851037148,0.0018109759220872994,55888,jeffreys_95,FAIL,False
oot_2022_2024,naive,B,33441,0.0014346815071872103,0.0034388923776202864,0.0028535598513358294,0.0041101403361653,33441,jeffreys_95,FAIL,False
oot_2022_2024,naive,C,27290,0.002812384003389097,0.007951630633931844,0.006949321338483841,0.009058282390550083,27290,jeffreys_95,FAIL,False
oot_2022_2024,naive,D,17594,0.005556735202267077,0.012674775491644879,0.011100901619846419,0.014408937250988258,17594,jeffreys_95,FAIL,False
oot_2022_2024,naive,E,9963,0.011081518233674403,0.017063133594298906,0.014658381160787987,0.019748358462585946,9963,jeffreys_95,FAIL,False
oot_2022_2024,naive,F,4074,0.022067672499164297,0.026755031909671084,0.022130566611696205,0.032051381866757364,4074,jeffreys_95,FAIL,False
oot_2022_2024,naive,G,1237,0.04500056431612889,0.02667744543249798,0.01877038478723387,0.036793661873568785,1237,jeffreys_95,FAIL,False
