vintage_year,vintage_quarter,months_on_book,fully_observed,cum_default_rate,cum_default_rate_lo,cum_default_rate_hi,cum_default_rate_n,cum_default_rate_method,cum_loss_rate,cum_loss_rate_lo,cum_loss_rate_hi,cum_loss_rate_n,cum_loss_rate_method,synthetic
1999,1999Q1,6,True,0.0,0.0,0.113517091390478,30,wilson_95,0.0,,,30,none: synthetic fixture,True
1999,1999Q1,12,True,0.1,0.03459925995971615,0.25621441315266624,30,wilson_95,0.0,,,30,none: synthetic fixture,True
1999,1999Q1,18,True,0.13333333333333333,0.05309569424218104,0.2968168394441695,30,wilson_95,0.0,,,30,none: synthetic fixture,True
1999,1999Q1,24,True,0.13333333333333333,0.05309569424218104,0.2968168394441695,30,wilson_95,0.0,,,30,none: synthetic fixture,True
1999,1999Q1,30,True,0.13333333333333333,0.05309569424218104,0.2968168394441695,30,wilson_95,0.0,,,30,none: synthetic fixture,True
1999,1999Q1,36,True,0.13333333333333333,0.05309569424218104,0.2968168394441695,30,wilson_95,0.0,,,30,none: synthetic fixture,True
1999,1999Q2,6,True,0.027777777777777776,0.004920280295569679,0.141700337350308,36,wilson_95,0.0,,,36,none: synthetic fixture,True
1999,1999Q2,12,True,0.027777777777777776,0.004920280295569679,0.141700337350308,36,wilson_95,0.0,,,36,none: synthetic fixture,True
1999,1999Q2,18,True,0.027777777777777776,0.004920280295569679,0.141700337350308,36,wilson_95,0.0,,,36,none: synthetic fixture,True
1999,1999Q2,24,True,0.05555555555555555,0.015369663767066846,0.18144974107611211,36,wilson_95,0.0,,,36,none: synthetic fixture,True
1999,1999Q2,30,True,0.08333333333333333,0.0287480892712918,0.21827010276918848,36,wilson_95,0.0,,,36,none: synthetic fixture,True
1999,1999Q2,36,True,0.08333333333333333,0.0287480892712918,0.21827010276918848,36,wilson_95,0.01566567994620945,,,36,none: synthetic fixture,True
1999,1999Q3,6,True,0.023255813953488372,0.004116981177419918,0.12059267861216882,43,wilson_95,0.0,,,43,none: synthetic fixture,True
1999,1999Q3,12,True,0.046511627906976744,0.012848990317319689,0.15455775923863058,43,wilson_95,0.0,,,43,none: synthetic fixture,True
1999,1999Q3,18,True,0.06976744186046512,0.024011153791962503,0.18609268553034927,43,wilson_95,0.003392257954931491,,,43,none: synthetic fixture,True
1999,1999Q3,24,True,0.11627906976744186,0.050703529948620846,0.24479448890641395,43,wilson_95,0.008151380364624617,,,43,none: synthetic fixture,True
1999,1999Q3,30,True,0.16279069767441862,0.08116524502857546,0.2997269533591824,43,wilson_95,0.010858951421130109,,,43,none: synthetic fixture,True
1999,1999Q3,36,True,0.16279069767441862,0.08116524502857546,0.2997269533591824,43,wilson_95,0.01878864567999094,,,43,none: synthetic fixture,True
1999,1999Q4,6,True,0.023809523809523808,0.00421529549910029,0.12321481165248252,42,wilson_95,0.0,,,42,none: synthetic fixture,True
1999,1999Q4,12,True,0.047619047619047616,0.013157248639206365,0.1579013531547973,42,wilson_95,0.0028962755972696246,,,42,none: synthetic fixture,True
1999,1999Q4,18,True,0.09523809523809523,0.0376616388283121,0.2206539522505333,42,wilson_95,0.0028962755972696246,,,42,none: synthetic fixture,True
1999,1999Q4,24,True,0.14285714285714285,0.06715875684189933,0.2784138235217878,42,wilson_95,0.0028962755972696246,,,42,none: synthetic fixture,True
1999,1999Q4,30,True,0.16666666666666666,0.08315811295836502,0.30604296204774295,42,wilson_95,0.02402283169795222,,,42,none: synthetic fixture,True
1999,1999Q4,36,True,0.16666666666666666,0.08315811295836502,0.30604296204774295,42,wilson_95,0.029236534769624574,,,42,none: synthetic fixture,True
2000,2000Q1,6,True,0.045454545454545456,0.012554846366981079,0.15135271525303162,44,wilson_95,0.0,,,44,none: synthetic fixture,True
2000,2000Q1,12,True,0.06818181818181818,0.023458970172840127,0.1822532133661719,44,wilson_95,0.0,,,44,none: synthetic fixture,True
2000,2000Q1,18,True,0.11363636363636363,0.04952707589567494,0.23979435148133582,44,wilson_95,0.0,,,44,none: synthetic fixture,True
2000,2000Q1,24,True,0.11363636363636363,0.04952707589567494,0.23979435148133582,44,wilson_95,0.0,,,44,none: synthetic fixture,True
2000,2000Q1,30,True,0.11363636363636363,0.04952707589567494,0.23979435148133582,44,wilson_95,0.0,,,44,none: synthetic fixture,True
2000,2000Q1,36,True,0.11363636363636363,0.04952707589567494,0.23979435148133582,44,wilson_95,0.0,,,44,none: synthetic fixture,True
2000,2000Q2,6,True,0.02,0.0035391680889764604,0.10495686471836953,50,wilson_95,0.0,,,50,none: synthetic fixture,True
2000,2000Q2,12,True,0.04,0.011038652660826577,0.13460337877954667,50,wilson_95,0.0,,,50,none: synthetic fixture,True
2000,2000Q2,18,True,0.04,0.011038652660826577,0.13460337877954667,50,wilson_95,0.00873851025616788,,,50,none: synthetic fixture,True
2000,2000Q2,24,True,0.04,0.011038652660826577,0.13460337877954667,50,wilson_95,0.00873851025616788,,,50,none: synthetic fixture,True
2000,2000Q2,30,True,0.04,0.011038652660826577,0.13460337877954667,50,wilson_95,0.00873851025616788,,,50,none: synthetic fixture,True
2000,2000Q2,36,True,0.04,0.011038652660826577,0.13460337877954667,50,wilson_95,0.00873851025616788,,,50,none: synthetic fixture,True
2000,2000Q3,6,True,0.022222222222222223,0.003933497522757505,0.11566946388718813,45,wilson_95,0.0,,,45,none: synthetic fixture,True
2000,2000Q3,12,True,0.022222222222222223,0.003933497522757505,0.11566946388718813,45,wilson_95,0.0,,,45,none: synthetic fixture,True
2000,2000Q3,18,True,0.044444444444444446,0.012273869040444335,0.14827779183880616,45,wilson_95,0.012777838752692583,,,45,none: synthetic fixture,True
2000,2000Q3,24,True,0.06666666666666667,0.022931616462147086,0.17856874388640825,45,wilson_95,0.012777838752692583,,,45,none: synthetic fixture,True
2000,2000Q3,30,True,0.06666666666666667,0.022931616462147086,0.17856874388640825,45,wilson_95,0.012777838752692583,,,45,none: synthetic fixture,True
2000,2000Q3,36,True,0.06666666666666667,0.022931616462147086,0.17856874388640825,45,wilson_95,0.013965826238588573,,,45,none: synthetic fixture,True
2000,2000Q4,6,True,0.017543859649122806,0.003103584706680096,0.09290966938262721,57,wilson_95,0.0,,,57,none: synthetic fixture,True
2000,2000Q4,12,True,0.05263157894736842,0.01805996809628102,0.14369777660471303,57,wilson_95,0.0,,,57,none: synthetic fixture,True
2000,2000Q4,18,True,0.10526315789473684,0.04914398953912691,0.21123049107939723,57,wilson_95,0.0,,,57,none: synthetic fixture,True
2000,2000Q4,24,True,0.12280701754385964,0.060779830035075005,0.2324668958892925,57,wilson_95,0.0019647424312994877,,,57,none: synthetic fixture,True
2000,2000Q4,30,True,0.14035087719298245,0.07287189227128286,0.253247078958928,57,wilson_95,0.005431346064275733,,,57,none: synthetic fixture,True
2000,2000Q4,36,True,0.15789473684210525,0.08535699749316844,0.2736342190428858,57,wilson_95,0.005431346064275733,,,57,none: synthetic fixture,True
2001,2001Q1,6,True,0.03225806451612903,0.00571707408694444,0.16194457176169622,31,wilson_95,0.0,,,31,none: synthetic fixture,True
2001,2001Q1,12,True,0.0967741935483871,0.03346403609464399,0.2490028999817704,31,wilson_95,0.0,,,31,none: synthetic fixture,True
2001,2001Q1,18,True,0.12903225806451613,0.05134201164644764,0.28852756954385356,31,wilson_95,0.0,,,31,none: synthetic fixture,True
2001,2001Q1,24,True,0.16129032258064516,0.07092519905439934,0.3263470272497887,31,wilson_95,0.0,,,31,none: synthetic fixture,True
2001,2001Q1,30,True,0.16129032258064516,0.07092519905439934,0.3263470272497887,31,wilson_95,0.011569319945230487,,,31,none: synthetic fixture,True
2001,2001Q1,36,True,0.16129032258064516,0.07092519905439934,0.3263470272497887,31,wilson_95,0.026668008519701813,,,31,none: synthetic fixture,True
2001,2001Q2,6,True,0.019230769230769232,0.0034027204090655225,0.10120746268024422,52,wilson_95,0.0,,,52,none: synthetic fixture,True
2001,2001Q2,12,True,0.09615384615384616,0.041773735183410265,0.20609881861160995,52,wilson_95,0.0,,,52,none: synthetic fixture,True
2001,2001Q2,18,True,0.1346153846153846,0.06676796994292626,0.2527357692049491,52,wilson_95,0.011612925958965209,,,52,none: synthetic fixture,True
2001,2001Q2,24,True,0.17307692307692307,0.0938236875646778,0.29731123693605277,52,wilson_95,0.025732522747546834,,,52,none: synthetic fixture,True
2001,2001Q2,30,True,0.17307692307692307,0.0938236875646778,0.29731123693605277,52,wilson_95,0.03572305619982159,,,52,none: synthetic fixture,True
2001,2001Q2,36,True,0.17307692307692307,0.0938236875646778,0.29731123693605277,52,wilson_95,0.0533155860838537,,,52,none: synthetic fixture,True
2001,2001Q3,6,True,0.018518518518518517,0.0032764033153519848,0.09771665358487208,54,wilson_95,0.0,,,54,none: synthetic fixture,True
2001,2001Q3,12,True,0.018518518518518517,0.0032764033153519848,0.09771665358487208,54,wilson_95,0.0,,,54,none: synthetic fixture,True
2001,2001Q3,18,True,0.018518518518518517,0.0032764033153519848,0.09771665358487208,54,wilson_95,0.0,,,54,none: synthetic fixture,True
2001,2001Q3,24,True,0.037037037037037035,0.010216153585413057,0.12535409343403314,54,wilson_95,0.0,,,54,none: synthetic fixture,True
2001,2001Q3,30,True,0.037037037037037035,0.010216153585413057,0.12535409343403314,54,wilson_95,0.0,,,54,none: synthetic fixture,True
2001,2001Q3,36,True,0.05555555555555555,0.019072922503838907,0.15107451463482943,54,wilson_95,0.0,,,54,none: synthetic fixture,True
2001,2001Q4,6,True,0.0,0.0,0.07135003417431873,50,wilson_95,0.0,,,50,none: synthetic fixture,True
2001,2001Q4,12,True,0.06,0.020614596364630478,0.16217343370877002,50,wilson_95,0.0,,,50,none: synthetic fixture,True
2001,2001Q4,18,True,0.06,0.020614596364630478,0.16217343370877002,50,wilson_95,0.0,,,50,none: synthetic fixture,True
2001,2001Q4,24,True,0.06,0.020614596364630478,0.16217343370877002,50,wilson_95,0.0,,,50,none: synthetic fixture,True
2001,2001Q4,30,True,0.1,0.04347512399157111,0.2136049033478839,50,wilson_95,0.0,,,50,none: synthetic fixture,True
2001,2001Q4,36,True,0.1,0.04347512399157111,0.2136049033478839,50,wilson_95,0.0037394435674822416,,,50,none: synthetic fixture,True
2002,2002Q1,6,True,0.0392156862745098,0.010820856268751206,0.13216548986265267,51,wilson_95,0.0,,,51,none: synthetic fixture,True
2002,2002Q1,12,True,0.0784313725490196,0.030921696126931505,0.1850019822486082,51,wilson_95,0.007409181818181818,,,51,none: synthetic fixture,True
2002,2002Q1,18,True,0.17647058823529413,0.095722957258099,0.30254405172778037,51,wilson_95,0.007409181818181818,,,51,none: synthetic fixture,True
2002,2002Q1,24,True,0.21568627450980393,0.12493811244188556,0.3462662287881296,51,wilson_95,0.019873667508417507,,,51,none: synthetic fixture,True
2002,2002Q1,30,True,0.23529411764705882,0.14004812598862518,0.36762488136345783,51,wilson_95,0.024858882996632994,,,51,none: synthetic fixture,True
2002,2002Q1,36,True,0.23529411764705882,0.14004812598862518,0.36762488136345783,51,wilson_95,0.024858882996632994,,,51,none: synthetic fixture,True
2002,2002Q2,6,True,0.022727272727272728,0.004023148385637013,0.11807979131537633,44,wilson_95,0.0,,,44,none: synthetic fixture,True
2002,2002Q2,12,True,0.06818181818181818,0.023458970172840127,0.1822532133661719,44,wilson_95,0.012499303529411764,,,44,none: synthetic fixture,True
2002,2002Q2,18,True,0.06818181818181818,0.023458970172840127,0.1822532133661719,44,wilson_95,0.012499303529411764,,,44,none: synthetic fixture,True
2002,2002Q2,24,True,0.09090909090909091,0.035921611478836546,0.21159519397917487,44,wilson_95,0.012499303529411764,,,44,none: synthetic fixture,True
2002,2002Q2,30,True,0.09090909090909091,0.035921611478836546,0.21159519397917487,44,wilson_95,0.012499303529411764,,,44,none: synthetic fixture,True
2002,2002Q2,36,True,0.09090909090909091,0.035921611478836546,0.21159519397917487,44,wilson_95,0.012499303529411764,,,44,none: synthetic fixture,True
2002,2002Q3,6,True,0.044444444444444446,0.012273869040444335,0.14827779183880616,45,wilson_95,0.0,,,45,none: synthetic fixture,True
2002,2002Q3,12,True,0.08888888888888889,0.035110548134203154,0.20733851168365702,45,wilson_95,-0.00017513138603811887,,,45,none: synthetic fixture,True
2002,2002Q3,18,True,0.08888888888888889,0.035110548134203154,0.20733851168365702,45,wilson_95,-0.00017513138603811887,,,45,none: synthetic fixture,True
2002,2002Q3,24,True,0.08888888888888889,0.035110548134203154,0.20733851168365702,45,wilson_95,-0.00017513138603811887,,,45,none: synthetic fixture,True
2002,2002Q3,30,True,0.1111111111111111,0.04840400437825558,0.23499375490890945,45,wilson_95,-0.00017513138603811887,,,45,none: synthetic fixture,True
2002,2002Q3,36,True,0.1111111111111111,0.04840400437825558,0.23499375490890945,45,wilson_95,-0.00017513138603811887,,,45,none: synthetic fixture,True
2002,2002Q4,6,True,0.0,0.0,0.08966985360023902,39,wilson_95,0.0,,,39,none: synthetic fixture,True
2002,2002Q4,12,True,0.0,0.0,0.08966985360023902,39,wilson_95,0.0,,,39,none: synthetic fixture,True
2002,2002Q4,18,True,0.0,0.0,0.08966985360023902,39,wilson_95,0.0,,,39,none: synthetic fixture,True
2002,2002Q4,24,True,0.0,0.0,0.08966985360023902,39,wilson_95,0.0,,,39,none: synthetic fixture,True
2002,2002Q4,30,True,0.05128205128205128,0.014177657646399527,0.1688593904563791,39,wilson_95,0.0,,,39,none: synthetic fixture,True
2002,2002Q4,36,True,0.10256410256410256,0.04061265558286986,0.2357915870224483,39,wilson_95,0.0016385553873328287,,,39,none: synthetic fixture,True
2003,2003Q1,6,True,0.0,6.938893903907228e-18,0.08029831778201396,44,wilson_95,0.0,,,44,none: synthetic fixture,True
2003,2003Q1,12,True,0.022727272727272728,0.004023148385637013,0.11807979131537633,44,wilson_95,0.0,,,44,none: synthetic fixture,True
2003,2003Q1,18,True,0.045454545454545456,0.012554846366981079,0.15135271525303162,44,wilson_95,0.0,,,44,none: synthetic fixture,True
2003,2003Q1,24,True,0.045454545454545456,0.012554846366981079,0.15135271525303162,44,wilson_95,0.0,,,44,none: synthetic fixture,True
2003,2003Q1,30,True,0.045454545454545456,0.012554846366981079,0.15135271525303162,44,wilson_95,0.0,,,44,none: synthetic fixture,True
2003,2003Q1,36,True,0.045454545454545456,0.012554846366981079,0.15135271525303162,44,wilson_95,0.0,,,44,none: synthetic fixture,True
2003,2003Q2,6,True,0.05128205128205128,0.014177657646399527,0.1688593904563791,39,wilson_95,0.0,,,39,none: synthetic fixture,True
2003,2003Q2,12,True,0.10256410256410256,0.04061265558286986,0.2357915870224483,39,wilson_95,0.0,,,39,none: synthetic fixture,True
2003,2003Q2,18,True,0.1282051282051282,0.05602734948028318,0.26706049037630475,39,wilson_95,0.0,,,39,none: synthetic fixture,True
2003,2003Q2,24,True,0.15384615384615385,0.07247373845051469,0.2972976986573431,39,wilson_95,0.0,,,39,none: synthetic fixture,True
2003,2003Q2,30,True,0.1794871794871795,0.08977151811469994,0.3266835162444276,39,wilson_95,0.010557317101997398,,,39,none: synthetic fixture,True
2003,2003Q2,36,True,0.1794871794871795,0.08977151811469994,0.3266835162444276,39,wilson_95,0.019301185439073394,,,39,none: synthetic fixture,True
2003,2003Q3,6,True,0.0,0.0,0.06419614448811528,56,wilson_95,0.0,,,56,none: synthetic fixture,True
2003,2003Q3,12,True,0.03571428571428571,0.009849218502577639,0.12119005852210082,56,wilson_95,0.0,,,56,none: synthetic fixture,True
2003,2003Q3,18,True,0.07142857142857142,0.028125581246379636,0.16975682831486205,56,wilson_95,0.0,,,56,none: synthetic fixture,True
2003,2003Q3,24,True,0.10714285714285714,0.050038674581190865,0.21468686751661398,56,wilson_95,0.0,,,56,none: synthetic fixture,True
2003,2003Q3,30,True,0.10714285714285714,0.050038674581190865,0.21468686751661398,56,wilson_95,0.0,,,56,none: synthetic fixture,True
2003,2003Q3,36,True,0.10714285714285714,0.050038674581190865,0.21468686751661398,56,wilson_95,0.0,,,56,none: synthetic fixture,True
2003,2003Q4,6,True,0.04,0.011038652660826577,0.13460337877954667,50,wilson_95,0.0,,,50,none: synthetic fixture,True
2003,2003Q4,12,True,0.08,0.031549003255790686,0.18838502545063704,50,wilson_95,0.0,,,50,none: synthetic fixture,True
2003,2003Q4,18,True,0.1,0.04347512399157111,0.2136049033478839,50,wilson_95,0.0,,,50,none: synthetic fixture,True
2003,2003Q4,24,True,0.12,0.05617523710624646,0.23805078886623582,50,wilson_95,0.0,,,50,none: synthetic fixture,True
2003,2003Q4,30,True,0.16,0.08337321362087696,0.2851448096176598,50,wilson_95,0.0,,,50,none: synthetic fixture,True
2003,2003Q4,36,True,0.16,0.08337321362087696,0.2851448096176598,50,wilson_95,0.0,,,50,none: synthetic fixture,True
2004,2004Q1,6,True,0.0,0.0,0.08762453925039232,40,wilson_95,0.0,,,40,none: synthetic fixture,True
2004,2004Q1,12,True,0.0,0.0,0.08762453925039232,40,wilson_95,0.0,,,40,none: synthetic fixture,True
2004,2004Q1,18,True,0.0,0.0,0.08762453925039232,40,wilson_95,0.0,,,40,none: synthetic fixture,True
2004,2004Q1,24,True,0.075,0.025835556771858226,0.19864530159097524,40,wilson_95,0.0,,,40,none: synthetic fixture,True
2004,2004Q1,30,True,0.1,0.03957888759557486,0.23052074380473897,40,wilson_95,0.0,,,40,none: synthetic fixture,True
2004,2004Q1,36,True,0.1,0.03957888759557486,0.23052074380473897,40,wilson_95,0.022281254135338345,,,40,none: synthetic fixture,True
2004,2004Q2,6,True,0.0,0.0,0.0741026511527422,48,wilson_95,0.0,,,48,none: synthetic fixture,True
2004,2004Q2,12,True,0.020833333333333332,0.003687015979399688,0.10899469137531158,48,wilson_95,0.0,,,48,none: synthetic fixture,True
2004,2004Q2,18,True,0.041666666666666664,0.011501652078965613,0.13975911147771472,48,wilson_95,0.0,,,48,none: synthetic fixture,True
2004,2004Q2,24,True,0.0625,0.021482843131227225,0.1683569766274222,48,wilson_95,0.01246099007765315,,,48,none: synthetic fixture,True
2004,2004Q2,30,True,0.08333333333333333,0.03288322434995555,0.19553565161066291,48,wilson_95,0.01246099007765315,,,48,none: synthetic fixture,True
2004,2004Q2,36,True,0.10416666666666667,0.045321050901178245,0.2216768812614093,48,wilson_95,0.020864726056945643,,,48,none: synthetic fixture,True
2004,2004Q3,6,True,0.02564102564102564,0.00454058606523737,0.13181286478627147,39,wilson_95,0.0,,,39,none: synthetic fixture,True
2004,2004Q3,12,True,0.02564102564102564,0.00454058606523737,0.13181286478627147,39,wilson_95,0.0,,,39,none: synthetic fixture,True
2004,2004Q3,18,True,0.02564102564102564,0.00454058606523737,0.13181286478627147,39,wilson_95,0.0,,,39,none: synthetic fixture,True
2004,2004Q3,24,True,0.05128205128205128,0.014177657646399527,0.1688593904563791,39,wilson_95,0.005791911928651059,,,39,none: synthetic fixture,True
2004,2004Q3,30,True,0.05128205128205128,0.014177657646399527,0.1688593904563791,39,wilson_95,0.005791911928651059,,,39,none: synthetic fixture,True
2004,2004Q3,36,True,0.05128205128205128,0.014177657646399527,0.1688593904563791,39,wilson_95,0.005791911928651059,,,39,none: synthetic fixture,True
2004,2004Q4,6,True,0.017241379310344827,0.003049959884541764,0.09141072677298324,58,wilson_95,0.0,,,58,none: synthetic fixture,True
2004,2004Q4,12,True,0.034482758620689655,0.009507728866485675,0.11729364755327057,58,wilson_95,0.006631715491986903,,,58,none: synthetic fixture,True
2004,2004Q4,18,True,0.034482758620689655,0.009507728866485675,0.11729364755327057,58,wilson_95,0.006631715491986903,,,58,none: synthetic fixture,True
2004,2004Q4,24,True,0.05172413793103448,0.017745812831795674,0.14139625335019185,58,wilson_95,0.006631715491986903,,,58,none: synthetic fixture,True
2004,2004Q4,30,True,0.05172413793103448,0.017745812831795674,0.14139625335019185,58,wilson_95,0.013192975185249008,,,58,none: synthetic fixture,True
2004,2004Q4,36,True,0.05172413793103448,0.017745812831795674,0.14139625335019185,58,wilson_95,0.013192975185249008,,,58,none: synthetic fixture,True
2005,2005Q1,6,True,0.0625,0.021482843131227225,0.1683569766274222,48,wilson_95,0.0,,,48,none: synthetic fixture,True
2005,2005Q1,12,True,0.125,0.05856971750400844,0.24700727086054822,48,wilson_95,0.0,,,48,none: synthetic fixture,True
2005,2005Q1,18,True,0.1875,0.10191276348200173,0.31940139348846214,48,wilson_95,0.003890935799782372,,,48,none: synthetic fixture,True
2005,2005Q1,24,True,0.22916666666666666,0.13307691028989044,0.36539535908451154,48,wilson_95,0.003890935799782372,,,48,none: synthetic fixture,True
2005,2005Q1,30,True,0.2916666666666667,0.18241416061863377,0.43179527736167544,48,wilson_95,0.012938122465130082,,,48,none: synthetic fixture,True
2005,2005Q1,36,True,0.3333333333333333,0.2167660137089678,0.47460153667527943,48,wilson_95,0.02327555247798991,,,48,none: synthetic fixture,True
2005,2005Q2,6,True,0.09090909090909091,0.03140337104926305,0.23572943534351032,33,wilson_95,0.0,,,33,none: synthetic fixture,True
2005,2005Q2,12,True,0.12121212121212122,0.04816083267584231,0.2732584325026516,33,wilson_95,0.0,,,33,none: synthetic fixture,True
2005,2005Q2,18,True,0.18181818181818182,0.08610651225698263,0.3438856704929522,33,wilson_95,0.006818718889597958,,,33,none: synthetic fixture,True
2005,2005Q2,24,True,0.18181818181818182,0.08610651225698263,0.3438856704929522,33,wilson_95,0.006818718889597958,,,33,none: synthetic fixture,True
2005,2005Q2,30,True,0.21212121212121213,0.1067588656643618,0.3775197758712936,33,wilson_95,0.008985231333758776,,,33,none: synthetic fixture,True
2005,2005Q2,36,True,0.21212121212121213,0.1067588656643618,0.3775197758712936,33,wilson_95,0.008985231333758776,,,33,none: synthetic fixture,True
2005,2005Q3,6,True,0.06,0.020614596364630478,0.16217343370877002,50,wilson_95,0.0,,,50,none: synthetic fixture,True
2005,2005Q3,12,True,0.12,0.05617523710624646,0.23805078886623582,50,wilson_95,0.02460014619883041,,,50,none: synthetic fixture,True
2005,2005Q3,18,True,0.12,0.05617523710624646,0.23805078886623582,50,wilson_95,0.02460014619883041,,,50,none: synthetic fixture,True
2005,2005Q3,24,True,0.18,0.0977008273245379,0.3079631945470261,50,wilson_95,0.02460014619883041,,,50,none: synthetic fixture,True
2005,2005Q3,30,True,0.18,0.0977008273245379,0.3079631945470261,50,wilson_95,0.03600293567251462,,,50,none: synthetic fixture,True
2005,2005Q3,36,True,0.24,0.14297252401872207,0.3741294937519236,50,wilson_95,0.03600293567251462,,,50,none: synthetic fixture,True
2005,2005Q4,6,True,0.058823529411764705,0.020206272864052077,0.15924873938941972,51,wilson_95,0.0,,,51,none: synthetic fixture,True
2005,2005Q4,12,True,0.09803921568627451,0.04260744495307697,0.2097848995445307,51,wilson_95,0.0,,,51,none: synthetic fixture,True
2005,2005Q4,18,True,0.1568627450980392,0.08169125888021325,0.2801070839835982,51,wilson_95,0.0,,,51,none: synthetic fixture,True
2005,2005Q4,24,True,0.17647058823529413,0.095722957258099,0.30254405172778037,51,wilson_95,0.021157277512912194,,,51,none: synthetic fixture,True
2005,2005Q4,30,True,0.17647058823529413,0.095722957258099,0.30254405172778037,51,wilson_95,0.030011634882796977,,,51,none: synthetic fixture,True
2005,2005Q4,36,True,0.23529411764705882,0.14004812598862518,0.36762488136345783,51,wilson_95,0.030011634882796977,,,51,none: synthetic fixture,True
2006,2006Q1,6,True,0.02127659574468085,0.003765671010464995,0.11113236524331144,47,wilson_95,0.0,,,47,none: synthetic fixture,True
2006,2006Q1,12,True,0.0851063829787234,0.033593579469713086,0.19931805195022648,47,wilson_95,0.0,,,47,none: synthetic fixture,True
2006,2006Q1,18,True,0.1702127659574468,0.0888625809126393,0.3014005107288512,47,wilson_95,0.0,,,47,none: synthetic fixture,True
2006,2006Q1,24,True,0.19148936170212766,0.10415815605310119,0.325442800643777,47,wilson_95,0.0,,,47,none: synthetic fixture,True
2006,2006Q1,30,True,0.23404255319148937,0.13603136423924592,0.3722453225684077,47,wilson_95,0.0566960446879364,,,47,none: synthetic fixture,True
2006,2006Q1,36,True,0.2553191489361702,0.15253006046383732,0.3950844913992039,47,wilson_95,0.0566960446879364,,,47,none: synthetic fixture,True
2006,2006Q2,6,True,0.022222222222222223,0.003933497522757505,0.11566946388718813,45,wilson_95,0.0,,,45,none: synthetic fixture,True
2006,2006Q2,12,True,0.044444444444444446,0.012273869040444335,0.14827779183880616,45,wilson_95,0.0,,,45,none: synthetic fixture,True
2006,2006Q2,18,True,0.08888888888888889,0.035110548134203154,0.20733851168365702,45,wilson_95,0.0,,,45,none: synthetic fixture,True
2006,2006Q2,24,True,0.13333333333333333,0.0625706363434968,0.2617758224129731,45,wilson_95,0.0,,,45,none: synthetic fixture,True
2006,2006Q2,30,True,0.13333333333333333,0.0625706363434968,0.2617758224129731,45,wilson_95,0.019198019404483107,,,45,none: synthetic fixture,True
2006,2006Q2,36,True,0.13333333333333333,0.0625706363434968,0.2617758224129731,45,wilson_95,0.023383352291736367,,,45,none: synthetic fixture,True
2006,2006Q3,6,True,0.0,0.0,0.07135003417431873,50,wilson_95,0.0,,,50,none: synthetic fixture,True
2006,2006Q3,12,True,0.04,0.011038652660826577,0.13460337877954667,50,wilson_95,0.0,,,50,none: synthetic fixture,True
2006,2006Q3,18,True,0.04,0.011038652660826577,0.13460337877954667,50,wilson_95,0.0,,,50,none: synthetic fixture,True
2006,2006Q3,24,True,0.08,0.031549003255790686,0.18838502545063704,50,wilson_95,0.0,,,50,none: synthetic fixture,True
2006,2006Q3,30,True,0.1,0.04347512399157111,0.2136049033478839,50,wilson_95,0.0,,,50,none: synthetic fixture,True
2006,2006Q3,36,True,0.1,0.04347512399157111,0.2136049033478839,50,wilson_95,0.0,,,50,none: synthetic fixture,True
2006,2006Q4,6,True,0.020833333333333332,0.003687015979399688,0.10899469137531158,48,wilson_95,0.0,,,48,none: synthetic fixture,True
2006,2006Q4,12,True,0.041666666666666664,0.011501652078965613,0.13975911147771472,48,wilson_95,0.0,,,48,none: synthetic fixture,True
2006,2006Q4,18,True,0.0625,0.021482843131227225,0.1683569766274222,48,wilson_95,0.0,,,48,none: synthetic fixture,True
2006,2006Q4,24,True,0.08333333333333333,0.03288322434995555,0.19553565161066291,48,wilson_95,-0.0033684181892835144,,,48,none: synthetic fixture,True
2006,2006Q4,30,True,0.125,0.05856971750400844,0.24700727086054822,48,wilson_95,-0.0033684181892835144,,,48,none: synthetic fixture,True
2006,2006Q4,36,True,0.14583333333333334,0.07248157413793963,0.27167447042858606,48,wilson_95,-0.00017143194415930984,,,48,none: synthetic fixture,True
2007,2007Q1,6,True,0.046511627906976744,0.012848990317319689,0.15455775923863058,43,wilson_95,0.0,,,43,none: synthetic fixture,True
2007,2007Q1,12,True,0.09302325581395349,0.036771045103346514,0.2160298839853268,43,wilson_95,0.0,,,43,none: synthetic fixture,True
2007,2007Q1,18,True,0.16279069767441862,0.08116524502857546,0.2997269533591824,43,wilson_95,0.0,,,43,none: synthetic fixture,True
2007,2007Q1,24,True,0.20930232558139536,0.11422705997811457,0.35205931794236645,43,wilson_95,0.02090063266250289,,,43,none: synthetic fixture,True
2007,2007Q1,30,True,0.20930232558139536,0.11422705997811457,0.35205931794236645,43,wilson_95,0.028575842007864907,,,43,none: synthetic fixture,True
2007,2007Q1,36,True,0.20930232558139536,0.11422705997811457,0.35205931794236645,43,wilson_95,0.028575842007864907,,,43,none: synthetic fixture,True
2007,2007Q2,6,True,0.058823529411764705,0.020206272864052077,0.15924873938941972,51,wilson_95,0.0,,,51,none: synthetic fixture,True
2007,2007Q2,12,True,0.09803921568627451,0.04260744495307697,0.2097848995445307,51,wilson_95,0.00551728468489077,,,51,none: synthetic fixture,True
2007,2007Q2,18,True,0.11764705882352941,0.05504998764172768,0.23381102297794787,51,wilson_95,0.00551728468489077,,,51,none: synthetic fixture,True
2007,2007Q2,24,True,0.1568627450980392,0.08169125888021325,0.2801070839835982,51,wilson_95,0.007361086583552556,,,51,none: synthetic fixture,True
2007,2007Q2,30,True,0.19607843137254902,0.11015224836299273,0.32458342674495444,51,wilson_95,0.008484441267299555,,,51,none: synthetic fixture,True
2007,2007Q2,36,True,0.19607843137254902,0.11015224836299273,0.32458342674495444,51,wilson_95,0.010617424225094362,,,51,none: synthetic fixture,True
2007,2007Q3,6,True,0.022222222222222223,0.003933497522757505,0.11566946388718813,45,wilson_95,0.0,,,45,none: synthetic fixture,True
2007,2007Q3,12,True,0.17777777777777778,0.0929427892585383,0.3133010684365414,45,wilson_95,0.0,,,45,none: synthetic fixture,True
2007,2007Q3,18,True,0.17777777777777778,0.0929427892585383,0.3133010684365414,45,wilson_95,0.0,,,45,none: synthetic fixture,True
2007,2007Q3,24,True,0.2222222222222222,0.12544551866005632,0.3626957379736329,45,wilson_95,0.01932370433017591,,,45,none: synthetic fixture,True
2007,2007Q3,30,True,0.2222222222222222,0.12544551866005632,0.3626957379736329,45,wilson_95,0.02868633062697339,,,45,none: synthetic fixture,True
2007,2007Q3,36,True,0.2222222222222222,0.12544551866005632,0.3626957379736329,45,wilson_95,0.02868633062697339,,,45,none: synthetic fixture,True
2007,2007Q4,6,True,0.07692307692307693,0.03031885429734589,0.1817381068212467,52,wilson_95,0.0,,,52,none: synthetic fixture,True
2007,2007Q4,12,True,0.11538461538461539,0.05396895756082726,0.22971918891062054,52,wilson_95,0.009314935654806965,,,52,none: synthetic fixture,True
2007,2007Q4,18,True,0.1346153846153846,0.06676796994292626,0.2527357692049491,52,wilson_95,0.011008082891748677,,,52,none: synthetic fixture,True
2007,2007Q4,24,True,0.17307692307692307,0.0938236875646778,0.29731123693605277,52,wilson_95,0.011008082891748677,,,52,none: synthetic fixture,True
2007,2007Q4,30,True,0.21153846153846154,0.12244245849448492,0.34032365135910086,52,wilson_95,0.01854131150643452,,,52,none: synthetic fixture,True
2007,2007Q4,36,True,0.23076923076923078,0.13724127341871611,0.3613404291112973,52,wilson_95,0.03621766748675247,,,52,none: synthetic fixture,True
2008,2008Q1,6,True,0.11538461538461539,0.05396895756082726,0.22971918891062054,52,wilson_95,0.0,,,52,none: synthetic fixture,True
2008,2008Q1,12,True,0.15384615384615385,0.08007589590882647,0.2752434359154765,52,wilson_95,0.006319030702617595,,,52,none: synthetic fixture,True
2008,2008Q1,18,True,0.19230769230769232,0.10795930648521072,0.31899121069194747,52,wilson_95,0.01817160007872466,,,52,none: synthetic fixture,True
2008,2008Q1,24,True,0.25,0.15233011761438864,0.38206717759205233,52,wilson_95,0.01817160007872466,,,52,none: synthetic fixture,True
2008,2008Q1,30,True,0.2692307692307692,0.1676881003582587,0.4025247875246099,52,wilson_95,0.021950936823459947,,,52,none: synthetic fixture,True
2008,2008Q1,36,True,0.2692307692307692,0.1676881003582587,0.4025247875246099,52,wilson_95,0.021950936823459947,,,52,none: synthetic fixture,True
2008,2008Q2,6,True,0.022727272727272728,0.004023148385637013,0.11807979131537633,44,wilson_95,0.0,,,44,none: synthetic fixture,True
2008,2008Q2,12,True,0.11363636363636363,0.04952707589567494,0.23979435148133582,44,wilson_95,0.0,,,44,none: synthetic fixture,True
2008,2008Q2,18,True,0.1590909090909091,0.07926576557718398,0.29366490563782555,44,wilson_95,0.014701800835497348,,,44,none: synthetic fixture,True
2008,2008Q2,24,True,0.18181818181818182,0.09512692558258554,0.3196083675514233,44,wilson_95,0.02156001580670656,,,44,none: synthetic fixture,True
2008,2008Q2,30,True,0.20454545454545456,0.11153127823467596,0.34500863681833227,44,wilson_95,0.02156001580670656,,,44,none: synthetic fixture,True
2008,2008Q2,36,True,0.22727272727272727,0.12841810830185085,0.36992642867015674,44,wilson_95,0.027477198825787513,,,44,none: synthetic fixture,True
2008,2008Q3,6,True,0.05263157894736842,0.014553902448536798,0.17285766881068843,38,wilson_95,0.0,,,38,none: synthetic fixture,True
2008,2008Q3,12,True,0.13157894736842105,0.05753782875731436,0.2732717005149887,38,wilson_95,0.0,,,38,none: synthetic fixture,True
2008,2008Q3,18,True,0.15789473684210525,0.07443762223722684,0.3041712263727689,38,wilson_95,0.009821379495437467,,,38,none: synthetic fixture,True
2008,2008Q3,24,True,0.15789473684210525,0.07443762223722684,0.3041712263727689,38,wilson_95,0.009821379495437467,,,38,none: synthetic fixture,True
2008,2008Q3,30,True,0.15789473684210525,0.07443762223722684,0.3041712263727689,38,wilson_95,0.009821379495437467,,,38,none: synthetic fixture,True
2008,2008Q3,36,True,0.15789473684210525,0.07443762223722684,0.3041712263727689,38,wilson_95,0.009821379495437467,,,38,none: synthetic fixture,True
2008,2008Q4,6,True,0.021739130434782608,0.0038477551112426345,0.11335554494333024,46,wilson_95,0.0,,,46,none: synthetic fixture,True
2008,2008Q4,12,True,0.10869565217391304,0.04733076082742689,0.23038103012631456,46,wilson_95,0.0018858653056435526,,,46,none: synthetic fixture,True
2008,2008Q4,18,True,0.13043478260869565,0.06117757137492025,0.2566613423036133,46,wilson_95,0.017935093277015136,,,46,none: synthetic fixture,True
2008,2008Q4,24,True,0.13043478260869565,0.06117757137492025,0.2566613423036133,46,wilson_95,0.017935093277015136,,,46,none: synthetic fixture,True
2008,2008Q4,30,True,0.17391304347826086,0.09085683568889254,0.3072363234392253,46,wilson_95,0.026826615041652,,,46,none: synthetic fixture,True
2008,2008Q4,36,True,0.17391304347826086,0.09085683568889254,0.3072363234392253,46,wilson_95,0.026826615041652,,,46,none: synthetic fixture,True
2009,2009Q1,6,True,0.058823529411764705,0.020206272864052077,0.15924873938941972,51,wilson_95,0.0,,,51,none: synthetic fixture,True
2009,2009Q1,12,True,0.058823529411764705,0.020206272864052077,0.15924873938941972,51,wilson_95,0.0,,,51,none: synthetic fixture,True
2009,2009Q1,18,True,0.09803921568627451,0.04260744495307697,0.2097848995445307,51,wilson_95,0.0,,,51,none: synthetic fixture,True
2009,2009Q1,24,True,0.09803921568627451,0.04260744495307697,0.2097848995445307,51,wilson_95,0.0,,,51,none: synthetic fixture,True
2009,2009Q1,30,True,0.09803921568627451,0.04260744495307697,0.2097848995445307,51,wilson_95,0.0010695856873822974,,,51,none: synthetic fixture,True
2009,2009Q1,36,True,0.11764705882352941,0.05504998764172768,0.23381102297794787,51,wilson_95,0.0010695856873822974,,,51,none: synthetic fixture,True
2009,2009Q2,6,True,0.021739130434782608,0.0038477551112426345,0.11335554494333024,46,wilson_95,0.0,,,46,none: synthetic fixture,True
2009,2009Q2,12,True,0.06521739130434782,0.02242745446634356,0.17503009103781358,46,wilson_95,0.0,,,46,none: synthetic fixture,True
2009,2009Q2,18,True,0.06521739130434782,0.02242745446634356,0.17503009103781358,46,wilson_95,0.0081681173565381,,,46,none: synthetic fixture,True
2009,2009Q2,24,True,0.08695652173913043,0.03433531187670748,0.20324935635224178,46,wilson_95,0.014982985653809972,,,46,none: synthetic fixture,True
2009,2009Q2,30,True,0.10869565217391304,0.04733076082742689,0.23038103012631456,46,wilson_95,0.017926602775164627,,,46,none: synthetic fixture,True
2009,2009Q2,36,True,0.10869565217391304,0.04733076082742689,0.23038103012631456,46,wilson_95,0.017926602775164627,,,46,none: synthetic fixture,True
2009,2009Q3,6,True,0.0,0.0,0.07865426194064076,45,wilson_95,0.0,,,45,none: synthetic fixture,True
2009,2009Q3,12,True,0.0,0.0,0.07865426194064076,45,wilson_95,0.0,,,45,none: synthetic fixture,True
2009,2009Q3,18,True,0.044444444444444446,0.012273869040444335,0.14827779183880616,45,wilson_95,0.0,,,45,none: synthetic fixture,True
2009,2009Q3,24,True,0.044444444444444446,0.012273869040444335,0.14827779183880616,45,wilson_95,0.007121604050963738,,,45,none: synthetic fixture,True
2009,2009Q3,30,True,0.044444444444444446,0.012273869040444335,0.14827779183880616,45,wilson_95,0.007121604050963738,,,45,none: synthetic fixture,True
2009,2009Q3,36,True,0.044444444444444446,0.012273869040444335,0.14827779183880616,45,wilson_95,0.007121604050963738,,,45,none: synthetic fixture,True
2009,2009Q4,6,True,0.05128205128205128,0.014177657646399527,0.1688593904563791,39,wilson_95,0.0,,,39,none: synthetic fixture,True
2009,2009Q4,12,True,0.05128205128205128,0.014177657646399527,0.1688593904563791,39,wilson_95,0.0,,,39,none: synthetic fixture,True
2009,2009Q4,18,True,0.10256410256410256,0.04061265558286986,0.2357915870224483,39,wilson_95,0.0,,,39,none: synthetic fixture,True
2009,2009Q4,24,True,0.10256410256410256,0.04061265558286986,0.2357915870224483,39,wilson_95,-0.002964736842105263,,,39,none: synthetic fixture,True
2009,2009Q4,30,True,0.1282051282051282,0.05602734948028318,0.26706049037630475,39,wilson_95,-0.002964736842105263,,,39,none: synthetic fixture,True
2009,2009Q4,36,True,0.1282051282051282,0.05602734948028318,0.26706049037630475,39,wilson_95,0.003286779745572463,,,39,none: synthetic fixture,True
2010,2010Q1,6,True,0.02,0.0035391680889764604,0.10495686471836953,50,wilson_95,0.0,,,50,none: synthetic fixture,True
2010,2010Q1,12,True,0.08,0.031549003255790686,0.18838502545063704,50,wilson_95,0.0,,,50,none: synthetic fixture,True
2010,2010Q1,18,True,0.08,0.031549003255790686,0.18838502545063704,50,wilson_95,0.0,,,50,none: synthetic fixture,True
2010,2010Q1,24,True,0.1,0.04347512399157111,0.2136049033478839,50,wilson_95,0.0,,,50,none: synthetic fixture,True
2010,2010Q1,30,True,0.1,0.04347512399157111,0.2136049033478839,50,wilson_95,0.0,,,50,none: synthetic fixture,True
2010,2010Q1,36,True,0.1,0.04347512399157111,0.2136049033478839,50,wilson_95,0.001034765037593985,,,50,none: synthetic fixture,True
2010,2010Q2,6,True,0.0,0.0,0.0741026511527422,48,wilson_95,0.0,,,48,none: synthetic fixture,True
2010,2010Q2,12,True,0.020833333333333332,0.003687015979399688,0.10899469137531158,48,wilson_95,0.0,,,48,none: synthetic fixture,True
2010,2010Q2,18,True,0.020833333333333332,0.003687015979399688,0.10899469137531158,48,wilson_95,0.0003020848267622461,,,48,none: synthetic fixture,True
2010,2010Q2,24,True,0.0625,0.021482843131227225,0.1683569766274222,48,wilson_95,0.0003020848267622461,,,48,none: synthetic fixture,True
2010,2010Q2,30,True,0.10416666666666667,0.045321050901178245,0.2216768812614093,48,wilson_95,0.0003020848267622461,,,48,none: synthetic fixture,True
2010,2010Q2,36,True,0.10416666666666667,0.045321050901178245,0.2216768812614093,48,wilson_95,0.0003020848267622461,,,48,none: synthetic fixture,True
2010,2010Q3,6,True,0.024390243902439025,0.00431842027071648,0.12595347011678087,41,wilson_95,0.0,,,41,none: synthetic fixture,True
2010,2010Q3,12,True,0.024390243902439025,0.00431842027071648,0.12595347011678087,41,wilson_95,0.0,,,41,none: synthetic fixture,True
2010,2010Q3,18,True,0.04878048780487805,0.013480662282573552,0.16139266962351367,41,wilson_95,0.0,,,41,none: synthetic fixture,True
2010,2010Q3,24,True,0.04878048780487805,0.013480662282573552,0.16139266962351367,41,wilson_95,0.0,,,41,none: synthetic fixture,True
2010,2010Q3,30,True,0.04878048780487805,0.013480662282573552,0.16139266962351367,41,wilson_95,0.0,,,41,none: synthetic fixture,True
2010,2010Q3,36,True,0.04878048780487805,0.013480662282573552,0.16139266962351367,41,wilson_95,0.009445585596363201,,,41,none: synthetic fixture,True
2010,2010Q4,6,True,0.047619047619047616,0.013157248639206365,0.1579013531547973,42,wilson_95,0.0,,,42,none: synthetic fixture,True
2010,2010Q4,12,True,0.07142857142857142,0.024589963551172864,0.19009713288525165,42,wilson_95,0.0,,,42,none: synthetic fixture,True
2010,2010Q4,18,True,0.09523809523809523,0.0376616388283121,0.2206539522505333,42,wilson_95,0.005779948526573157,,,42,none: synthetic fixture,True
2010,2010Q4,24,True,0.09523809523809523,0.0376616388283121,0.2206539522505333,42,wilson_95,0.005779948526573157,,,42,none: synthetic fixture,True
2010,2010Q4,30,True,0.09523809523809523,0.0376616388283121,0.2206539522505333,42,wilson_95,0.005779948526573157,,,42,none: synthetic fixture,True
2010,2010Q4,36,True,0.11904761904761904,0.05193726765019084,0.2500068180710754,42,wilson_95,0.005779948526573157,,,42,none: synthetic fixture,True
2011,2011Q1,6,True,0.017241379310344827,0.003049959884541764,0.09141072677298324,58,wilson_95,0.0,,,58,none: synthetic fixture,True
2011,2011Q1,12,True,0.017241379310344827,0.003049959884541764,0.09141072677298324,58,wilson_95,0.0,,,58,none: synthetic fixture,True
2011,2011Q1,18,True,0.05172413793103448,0.017745812831795674,0.14139625335019185,58,wilson_95,0.0,,,58,none: synthetic fixture,True
2011,2011Q1,24,True,0.05172413793103448,0.017745812831795674,0.14139625335019185,58,wilson_95,0.0035080540588287253,,,58,none: synthetic fixture,True
2011,2011Q1,30,True,0.05172413793103448,0.017745812831795674,0.14139625335019185,58,wilson_95,0.0035080540588287253,,,58,none: synthetic fixture,True
2011,2011Q1,36,True,0.05172413793103448,0.017745812831795674,0.14139625335019185,58,wilson_95,0.0035080540588287253,,,58,none: synthetic fixture,True
2011,2011Q2,6,True,0.0,0.0,0.07270029673590504,49,wilson_95,0.0,,,49,none: synthetic fixture,True
2011,2011Q2,12,True,0.0,0.0,0.07270029673590504,49,wilson_95,0.0,,,49,none: synthetic fixture,True
2011,2011Q2,18,True,0.0,0.0,0.07270029673590504,49,wilson_95,0.0,,,49,none: synthetic fixture,True
2011,2011Q2,24,True,0.04081632653061224,0.011265396927928273,0.13713283476831106,49,wilson_95,0.0,,,49,none: synthetic fixture,True
2011,2011Q2,30,True,0.04081632653061224,0.011265396927928273,0.13713283476831106,49,wilson_95,0.0,,,49,none: synthetic fixture,True
2011,2011Q2,36,True,0.04081632653061224,0.011265396927928273,0.13713283476831106,49,wilson_95,0.00444545099249203,,,49,none: synthetic fixture,True
2011,2011Q3,6,True,0.023255813953488372,0.004116981177419918,0.12059267861216882,43,wilson_95,0.0,,,43,none: synthetic fixture,True
2011,2011Q3,12,True,0.023255813953488372,0.004116981177419918,0.12059267861216882,43,wilson_95,0.0,,,43,none: synthetic fixture,True
2011,2011Q3,18,True,0.023255813953488372,0.004116981177419918,0.12059267861216882,43,wilson_95,0.0,,,43,none: synthetic fixture,True
2011,2011Q3,24,True,0.023255813953488372,0.004116981177419918,0.12059267861216882,43,wilson_95,0.0,,,43,none: synthetic fixture,True
2011,2011Q3,30,True,0.046511627906976744,0.012848990317319689,0.15455775923863058,43,wilson_95,0.0,,,43,none: synthetic fixture,True
2011,2011Q3,36,True,0.06976744186046512,0.024011153791962503,0.18609268553034927,43,wilson_95,0.0,,,43,none: synthetic fixture,True
2011,2011Q4,6,True,0.024390243902439025,0.00431842027071648,0.12595347011678087,41,wilson_95,0.0,,,41,none: synthetic fixture,True
2011,2011Q4,12,True,0.024390243902439025,0.00431842027071648,0.12595347011678087,41,wilson_95,0.0,,,41,none: synthetic fixture,True
2011,2011Q4,18,True,0.024390243902439025,0.00431842027071648,0.12595347011678087,41,wilson_95,0.0009539347592304934,,,41,none: synthetic fixture,True
2011,2011Q4,24,True,0.024390243902439025,0.00431842027071648,0.12595347011678087,41,wilson_95,0.0009539347592304934,,,41,none: synthetic fixture,True
2011,2011Q4,30,True,0.024390243902439025,0.00431842027071648,0.12595347011678087,41,wilson_95,0.0009539347592304934,,,41,none: synthetic fixture,True
2011,2011Q4,36,True,0.024390243902439025,0.00431842027071648,0.12595347011678087,41,wilson_95,0.0009539347592304934,,,41,none: synthetic fixture,True
2012,2012Q1,6,True,0.02631578947368421,0.004660467553530057,0.13495178436800254,38,wilson_95,0.0,,,38,none: synthetic fixture,True
2012,2012Q1,12,True,0.05263157894736842,0.014553902448536798,0.17285766881068843,38,wilson_95,0.0,,,38,none: synthetic fixture,True
2012,2012Q1,18,True,0.07894736842105263,0.02721410139426493,0.2079967892026529,38,wilson_95,0.0,,,38,none: synthetic fixture,True
2012,2012Q1,24,True,0.07894736842105263,0.02721410139426493,0.2079967892026529,38,wilson_95,0.006151623386259089,,,38,none: synthetic fixture,True
2012,2012Q1,30,True,0.13157894736842105,0.05753782875731436,0.2732717005149887,38,wilson_95,0.006151623386259089,,,38,none: synthetic fixture,True
2012,2012Q1,36,True,0.13157894736842105,0.05753782875731436,0.2732717005149887,38,wilson_95,0.006151623386259089,,,38,none: synthetic fixture,True
2012,2012Q2,6,True,0.03333333333333333,0.0059084379948573795,0.16670751396958874,30,wilson_95,0.0,,,30,none: synthetic fixture,True
2012,2012Q2,12,True,0.06666666666666667,0.01847663532769335,0.21323817721072091,30,wilson_95,0.0,,,30,none: synthetic fixture,True
2012,2012Q2,18,True,0.06666666666666667,0.01847663532769335,0.21323817721072091,30,wilson_95,0.0,,,30,none: synthetic fixture,True
2012,2012Q2,24,True,0.06666666666666667,0.01847663532769335,0.21323817721072091,30,wilson_95,0.0,,,30,none: synthetic fixture,True
2012,2012Q2,30,True,0.13333333333333333,0.05309569424218104,0.2968168394441695,30,wilson_95,0.015207839881637349,,,30,none: synthetic fixture,True
2012,2012Q2,36,True,0.16666666666666666,0.07336434240351683,0.33564705185680177,30,wilson_95,0.015207839881637349,,,30,none: synthetic fixture,True
2012,2012Q3,6,True,0.022727272727272728,0.004023148385637013,0.11807979131537633,44,wilson_95,0.0,,,44,none: synthetic fixture,True
2012,2012Q3,12,True,0.022727272727272728,0.004023148385637013,0.11807979131537633,44,wilson_95,0.0,,,44,none: synthetic fixture,True
2012,2012Q3,18,True,0.06818181818181818,0.023458970172840127,0.1822532133661719,44,wilson_95,0.0,,,44,none: synthetic fixture,True
2012,2012Q3,24,True,0.06818181818181818,0.023458970172840127,0.1822532133661719,44,wilson_95,0.0,,,44,none: synthetic fixture,True
2012,2012Q3,30,True,0.06818181818181818,0.023458970172840127,0.1822532133661719,44,wilson_95,0.0,,,44,none: synthetic fixture,True
2012,2012Q3,36,True,0.06818181818181818,0.023458970172840127,0.1822532133661719,44,wilson_95,0.0,,,44,none: synthetic fixture,True
2012,2012Q4,6,True,0.038461538461538464,0.010611488322077554,0.12981428744365978,52,wilson_95,0.0,,,52,none: synthetic fixture,True
2012,2012Q4,12,True,0.09615384615384616,0.041773735183410265,0.20609881861160995,52,wilson_95,0.0,,,52,none: synthetic fixture,True
2012,2012Q4,18,True,0.15384615384615385,0.08007589590882647,0.2752434359154765,52,wilson_95,0.012994945352802309,,,52,none: synthetic fixture,True
2012,2012Q4,24,True,0.17307692307692307,0.0938236875646778,0.29731123693605277,52,wilson_95,0.022125916761388476,,,52,none: synthetic fixture,True
2012,2012Q4,30,True,0.17307692307692307,0.0938236875646778,0.29731123693605277,52,wilson_95,0.022125916761388476,,,52,none: synthetic fixture,True
2012,2012Q4,36,True,0.19230769230769232,0.10795930648521072,0.31899121069194747,52,wilson_95,0.029559799772667657,,,52,none: synthetic fixture,True
2013,2013Q1,6,True,0.0,0.0,0.07707617732978073,46,wilson_95,0.0,,,46,none: synthetic fixture,True
2013,2013Q1,12,True,0.021739130434782608,0.0038477551112426345,0.11335554494333024,46,wilson_95,0.0,,,46,none: synthetic fixture,True
2013,2013Q1,18,True,0.021739130434782608,0.0038477551112426345,0.11335554494333024,46,wilson_95,0.0,,,46,none: synthetic fixture,True
2013,2013Q1,24,True,0.06521739130434782,0.02242745446634356,0.17503009103781358,46,wilson_95,0.0,,,46,none: synthetic fixture,True
2013,2013Q1,30,True,0.08695652173913043,0.03433531187670748,0.20324935635224178,46,wilson_95,0.007549658110554904,,,46,none: synthetic fixture,True
2013,2013Q1,36,True,0.08695652173913043,0.03433531187670748,0.20324935635224178,46,wilson_95,0.007549658110554904,,,46,none: synthetic fixture,True
2013,2013Q2,6,True,0.0,0.0,0.10151790621961015,34,wilson_95,0.0,,,34,none: synthetic fixture,True
2013,2013Q2,12,True,0.058823529411764705,0.016282313063842452,0.1909393688946371,34,wilson_95,0.0,,,34,none: synthetic fixture,True
2013,2013Q2,18,True,0.08823529411764706,0.030465390304310128,0.22960817952360413,34,wilson_95,0.0,,,34,none: synthetic fixture,True
2013,2013Q2,24,True,0.08823529411764706,0.030465390304310128,0.22960817952360413,34,wilson_95,0.0,,,34,none: synthetic fixture,True
2013,2013Q2,30,True,0.08823529411764706,0.030465390304310128,0.22960817952360413,34,wilson_95,0.0,,,34,none: synthetic fixture,True
2013,2013Q2,36,True,0.08823529411764706,0.030465390304310128,0.22960817952360413,34,wilson_95,0.0,,,34,none: synthetic fixture,True
2013,2013Q3,6,True,0.045454545454545456,0.012554846366981079,0.15135271525303162,44,wilson_95,0.0,,,44,none: synthetic fixture,True
2013,2013Q3,12,True,0.09090909090909091,0.035921611478836546,0.21159519397917487,44,wilson_95,0.0,,,44,none: synthetic fixture,True
2013,2013Q3,18,True,0.11363636363636363,0.04952707589567494,0.23979435148133582,44,wilson_95,0.002165818689631095,,,44,none: synthetic fixture,True
2013,2013Q3,24,True,0.13636363636363635,0.0640286740786005,0.2670973752174096,44,wilson_95,0.002165818689631095,,,44,none: synthetic fixture,True
2013,2013Q3,30,True,0.1590909090909091,0.07926576557718398,0.29366490563782555,44,wilson_95,0.014120327010357267,,,44,none: synthetic fixture,True
2013,2013Q3,36,True,0.18181818181818182,0.09512692558258554,0.3196083675514233,44,wilson_95,0.015422683579657861,,,44,none: synthetic fixture,True
2013,2013Q4,6,True,0.02631578947368421,0.004660467553530057,0.13495178436800254,38,wilson_95,0.0,,,38,none: synthetic fixture,True
2013,2013Q4,12,True,0.02631578947368421,0.004660467553530057,0.13495178436800254,38,wilson_95,0.0,,,38,none: synthetic fixture,True
2013,2013Q4,18,True,0.15789473684210525,0.07443762223722684,0.3041712263727689,38,wilson_95,0.0,,,38,none: synthetic fixture,True
2013,2013Q4,24,True,0.15789473684210525,0.07443762223722684,0.3041712263727689,38,wilson_95,0.0,,,38,none: synthetic fixture,True
2013,2013Q4,30,True,0.18421052631578946,0.09221648453257492,0.33419168341511346,38,wilson_95,0.0,,,38,none: synthetic fixture,True
2013,2013Q4,36,True,0.21052631578947367,0.1107466035209593,0.36346088376442165,38,wilson_95,0.03799282326142302,,,38,none: synthetic fixture,True
2014,2014Q1,6,True,0.027777777777777776,0.004920280295569679,0.141700337350308,36,wilson_95,0.0,,,36,none: synthetic fixture,True
2014,2014Q1,12,True,0.1111111111111111,0.04406568908741834,0.2531512901503632,36,wilson_95,0.0,,,36,none: synthetic fixture,True
2014,2014Q1,18,True,0.1388888888888889,0.060817253631150966,0.2865985128039319,36,wilson_95,-0.00024471511627906976,,,36,none: synthetic fixture,True
2014,2014Q1,24,True,0.2222222222222222,0.11716192974839595,0.38085019827859085,36,wilson_95,0.006836438953488372,,,36,none: synthetic fixture,True
2014,2014Q1,30,True,0.2222222222222222,0.11716192974839595,0.38085019827859085,36,wilson_95,0.006836438953488372,,,36,none: synthetic fixture,True
2014,2014Q1,36,True,0.2222222222222222,0.11716192974839595,0.38085019827859085,36,wilson_95,0.006836438953488372,,,36,none: synthetic fixture,True
2014,2014Q2,6,True,0.0,0.0,0.07004901388726806,51,wilson_95,0.0,,,51,none: synthetic fixture,True
2014,2014Q2,12,True,0.0,0.0,0.07004901388726806,51,wilson_95,0.0,,,51,none: synthetic fixture,True
2014,2014Q2,18,True,0.09803921568627451,0.04260744495307697,0.2097848995445307,51,wilson_95,0.0,,,51,none: synthetic fixture,True
2014,2014Q2,24,True,0.09803921568627451,0.04260744495307697,0.2097848995445307,51,wilson_95,0.0,,,51,none: synthetic fixture,True
2014,2014Q2,30,True,0.09803921568627451,0.04260744495307697,0.2097848995445307,51,wilson_95,0.0,,,51,none: synthetic fixture,True
2014,2014Q2,36,True,0.13725490196078433,0.06811015331542726,0.25721952342631627,51,wilson_95,0.0,,,51,none: synthetic fixture,True
2014,2014Q3,6,True,0.05263157894736842,0.014553902448536798,0.17285766881068843,38,wilson_95,0.0,,,38,none: synthetic fixture,True
2014,2014Q3,12,True,0.05263157894736842,0.014553902448536798,0.17285766881068843,38,wilson_95,0.008479579831932774,,,38,none: synthetic fixture,True
2014,2014Q3,18,True,0.05263157894736842,0.014553902448536798,0.17285766881068843,38,wilson_95,0.008479579831932774,,,38,none: synthetic fixture,True
2014,2014Q3,24,True,0.07894736842105263,0.02721410139426493,0.2079967892026529,38,wilson_95,0.008479579831932774,,,38,none: synthetic fixture,True
2014,2014Q3,30,True,0.10526315789473684,0.041701897932665793,0.24130831200194466,38,wilson_95,0.008479579831932774,,,38,none: synthetic fixture,True
2014,2014Q3,36,True,0.10526315789473684,0.041701897932665793,0.24130831200194466,38,wilson_95,0.008479579831932774,,,38,none: synthetic fixture,True
2014,2014Q4,6,True,0.061224489795918366,0.021039764955529186,0.16520743422087725,49,wilson_95,0.0,,,49,none: synthetic fixture,True
2014,2014Q4,12,True,0.16326530612244897,0.08512596988208977,0.29036606669515236,49,wilson_95,0.0026865921016293844,,,49,none: synthetic fixture,True
2014,2014Q4,18,True,0.16326530612244897,0.08512596988208977,0.29036606669515236,49,wilson_95,0.025015438644941546,,,49,none: synthetic fixture,True
2014,2014Q4,24,True,0.1836734693877551,0.09976228838458358,0.31357871567282575,49,wilson_95,0.03346807879959495,,,49,none: synthetic fixture,True
2014,2014Q4,30,True,0.1836734693877551,0.09976228838458358,0.31357871567282575,49,wilson_95,0.03346807879959495,,,49,none: synthetic fixture,True
2014,2014Q4,36,True,0.20408163265306123,0.11481727042813811,0.33637270110943834,49,wilson_95,0.03346807879959495,,,49,none: synthetic fixture,True
2015,2015Q1,6,True,0.047619047619047616,0.013157248639206365,0.1579013531547973,42,wilson_95,0.0,,,42,none: synthetic fixture,True
2015,2015Q1,12,True,0.11904761904761904,0.05193726765019084,0.2500068180710754,42,wilson_95,0.0,,,42,none: synthetic fixture,True
2015,2015Q1,18,True,0.14285714285714285,0.06715875684189933,0.2784138235217878,42,wilson_95,0.013523221576147468,,,42,none: synthetic fixture,True
2015,2015Q1,24,True,0.16666666666666666,0.08315811295836502,0.30604296204774295,42,wilson_95,0.013523221576147468,,,42,none: synthetic fixture,True
2015,2015Q1,30,True,0.16666666666666666,0.08315811295836502,0.30604296204774295,42,wilson_95,0.013523221576147468,,,42,none: synthetic fixture,True
2015,2015Q1,36,True,0.19047619047619047,0.09981889609856436,0.33301067354996444,42,wilson_95,0.02292289496474081,,,42,none: synthetic fixture,True
2015,2015Q2,6,True,0.0392156862745098,0.010820856268751206,0.13216548986265267,51,wilson_95,0.0,,,51,none: synthetic fixture,True
2015,2015Q2,12,True,0.0784313725490196,0.030921696126931505,0.1850019822486082,51,wilson_95,0.0,,,51,none: synthetic fixture,True
2015,2015Q2,18,True,0.09803921568627451,0.04260744495307697,0.2097848995445307,51,wilson_95,0.010382694616770062,,,51,none: synthetic fixture,True
2015,2015Q2,24,True,0.09803921568627451,0.04260744495307697,0.2097848995445307,51,wilson_95,0.010382694616770062,,,51,none: synthetic fixture,True
2015,2015Q2,30,True,0.09803921568627451,0.04260744495307697,0.2097848995445307,51,wilson_95,0.010382694616770062,,,51,none: synthetic fixture,True
2015,2015Q2,36,True,0.11764705882352941,0.05504998764172768,0.23381102297794787,51,wilson_95,0.010382694616770062,,,51,none: synthetic fixture,True
2015,2015Q3,6,True,0.0,0.0,0.09406095745514377,37,wilson_95,0.0,,,37,none: synthetic fixture,True
2015,2015Q3,12,True,0.0,0.0,0.09406095745514377,37,wilson_95,0.0,,,37,none: synthetic fixture,True
2015,2015Q3,18,True,0.02702702702702703,0.004786851054907726,0.13824378437563367,37,wilson_95,0.0,,,37,none: synthetic fixture,True
2015,2015Q3,24,True,0.02702702702702703,0.004786851054907726,0.13824378437563367,37,wilson_95,0.004865787448586971,,,37,none: synthetic fixture,True
2015,2015Q3,30,True,0.02702702702702703,0.004786851054907726,0.13824378437563367,37,wilson_95,0.004865787448586971,,,37,none: synthetic fixture,True
2015,2015Q3,36,True,0.02702702702702703,0.004786851054907726,0.13824378437563367,37,wilson_95,0.004865787448586971,,,37,none: synthetic fixture,True
2015,2015Q4,6,True,0.01694915254237288,0.002998156692981528,0.08995937462385317,59,wilson_95,0.0,,,59,none: synthetic fixture,True
2015,2015Q4,12,True,0.05084745762711865,0.017442401159453308,0.1391672332228667,59,wilson_95,0.0,,,59,none: synthetic fixture,True
2015,2015Q4,18,True,0.1016949152542373,0.047447326513182495,0.2046404624673654,59,wilson_95,0.008860540722082285,,,59,none: synthetic fixture,True
2015,2015Q4,24,True,0.15254237288135594,0.08238371089067363,0.26518223268810226,59,wilson_95,0.01718686565910999,,,59,none: synthetic fixture,True
2015,2015Q4,30,True,0.1694915254237288,0.0947573785633763,0.28463461654814215,59,wilson_95,0.01718686565910999,,,59,none: synthetic fixture,True
2015,2015Q4,36,True,0.1694915254237288,0.0947573785633763,0.28463461654814215,59,wilson_95,0.01718686565910999,,,59,none: synthetic fixture,True
2016,2016Q1,6,True,0.0,0.0,0.14312112541726274,23,wilson_95,0.0,,,23,none: synthetic fixture,True
2016,2016Q1,12,True,0.0,0.0,0.14312112541726274,23,wilson_95,0.0,,,23,none: synthetic fixture,True
2016,2016Q1,18,True,0.0,0.0,0.14312112541726274,23,wilson_95,0.0,,,23,none: synthetic fixture,True
2016,2016Q1,24,True,0.0,0.0,0.14312112541726274,23,wilson_95,0.0,,,23,none: synthetic fixture,True
2016,2016Q1,30,True,0.0,0.0,0.14312112541726274,23,wilson_95,0.0,,,23,none: synthetic fixture,True
2016,2016Q1,36,True,0.0,0.0,0.14312112541726274,23,wilson_95,0.0,,,23,none: synthetic fixture,True
2016,2016Q2,6,True,0.10526315789473684,0.029357941395096593,0.313945504948417,19,wilson_95,0.0,,,19,none: synthetic fixture,True
2016,2016Q2,12,True,0.10526315789473684,0.029357941395096593,0.313945504948417,19,wilson_95,0.0,,,19,none: synthetic fixture,True
2016,2016Q2,18,True,0.10526315789473684,0.029357941395096593,0.313945504948417,19,wilson_95,0.0,,,19,none: synthetic fixture,True
2016,2016Q2,24,True,0.10526315789473684,0.029357941395096593,0.313945504948417,19,wilson_95,0.014387901198479977,,,19,none: synthetic fixture,True
2016,2016Q2,30,True,0.15789473684210525,0.055203710399278266,0.3756592764317668,19,wilson_95,0.014387901198479977,,,19,none: synthetic fixture,True
2016,2016Q2,36,True,0.15789473684210525,0.055203710399278266,0.3756592764317668,19,wilson_95,0.014387901198479977,,,19,none: synthetic fixture,True
2016,2016Q3,6,True,0.0,0.0,0.16818436536845052,19,wilson_95,0.0,,,19,none: synthetic fixture,True
2016,2016Q3,12,True,0.10526315789473684,0.029357941395096593,0.313945504948417,19,wilson_95,0.0,,,19,none: synthetic fixture,True
2016,2016Q3,18,True,0.10526315789473684,0.029357941395096593,0.313945504948417,19,wilson_95,0.0,,,19,none: synthetic fixture,True
2016,2016Q3,24,True,0.10526315789473684,0.029357941395096593,0.313945504948417,19,wilson_95,0.0,,,19,none: synthetic fixture,True
2016,2016Q3,30,True,0.10526315789473684,0.029357941395096593,0.313945504948417,19,wilson_95,0.0,,,19,none: synthetic fixture,True
2016,2016Q3,36,True,0.10526315789473684,0.029357941395096593,0.313945504948417,19,wilson_95,0.0,,,19,none: synthetic fixture,True
2016,2016Q4,6,True,0.0,0.0,0.16818436536845052,19,wilson_95,0.0,,,19,none: synthetic fixture,True
2016,2016Q4,12,True,0.05263157894736842,0.009351752490529969,0.2463921533654521,19,wilson_95,0.0,,,19,none: synthetic fixture,True
2016,2016Q4,18,True,0.10526315789473684,0.029357941395096593,0.313945504948417,19,wilson_95,0.0,,,19,none: synthetic fixture,True
2016,2016Q4,24,True,0.10526315789473684,0.029357941395096593,0.313945504948417,19,wilson_95,0.0,,,19,none: synthetic fixture,True
2016,2016Q4,30,True,0.10526315789473684,0.029357941395096593,0.313945504948417,19,wilson_95,0.0,,,19,none: synthetic fixture,True
2016,2016Q4,36,True,0.10526315789473684,0.029357941395096593,0.313945504948417,19,wilson_95,0.0,,,19,none: synthetic fixture,True
2017,2017Q1,6,True,0.0,6.938893903907228e-18,0.12455903714463581,27,wilson_95,0.0,,,27,none: synthetic fixture,True
2017,2017Q1,12,True,0.07407407407407407,0.020554221697383523,0.2336997729073062,27,wilson_95,0.0,,,27,none: synthetic fixture,True
2017,2017Q1,18,True,0.1111111111111111,0.03851964789498724,0.2805818254397295,27,wilson_95,0.02238489566929134,,,27,none: synthetic fixture,True
2017,2017Q1,24,True,0.1111111111111111,0.03851964789498724,0.2805818254397295,27,wilson_95,0.02238489566929134,,,27,none: synthetic fixture,True
2017,2017Q1,30,True,0.1111111111111111,0.03851964789498724,0.2805818254397295,27,wilson_95,0.02238489566929134,,,27,none: synthetic fixture,True
2017,2017Q1,36,True,0.1111111111111111,0.03851964789498724,0.2805818254397295,27,wilson_95,0.02238489566929134,,,27,none: synthetic fixture,True
2017,2017Q2,6,True,0.03571428571428571,0.00633235649754188,0.17712576118498663,28,wilson_95,0.0,,,28,none: synthetic fixture,True
2017,2017Q2,12,True,0.10714285714285714,0.03711769205479949,0.2719622536765708,28,wilson_95,0.0,,,28,none: synthetic fixture,True
2017,2017Q2,18,True,0.14285714285714285,0.056989129307017855,0.31490173044877334,28,wilson_95,0.0,,,28,none: synthetic fixture,True
2017,2017Q2,24,True,0.14285714285714285,0.056989129307017855,0.31490173044877334,28,wilson_95,0.0015757850390464448,,,28,none: synthetic fixture,True
2017,2017Q2,30,True,0.14285714285714285,0.056989129307017855,0.31490173044877334,28,wilson_95,0.0015757850390464448,,,28,none: synthetic fixture,True
2017,2017Q2,36,True,0.14285714285714285,0.056989129307017855,0.31490173044877334,28,wilson_95,0.010138664200575423,,,28,none: synthetic fixture,True
2017,2017Q3,6,True,0.0,0.0,0.15464382326420195,21,wilson_95,0.0,,,21,none: synthetic fixture,True
2017,2017Q3,12,True,0.09523809523809523,0.026518208796947246,0.2891458386074067,21,wilson_95,0.0,,,21,none: synthetic fixture,True
2017,2017Q3,18,True,0.09523809523809523,0.026518208796947246,0.2891458386074067,21,wilson_95,0.00615213750850919,,,21,none: synthetic fixture,True
2017,2017Q3,24,True,0.14285714285714285,0.04980921798213492,0.346364941492295,21,wilson_95,0.00615213750850919,,,21,none: synthetic fixture,True
2017,2017Q3,30,True,0.19047619047619047,0.07667440615177301,0.40000986539273287,21,wilson_95,0.00615213750850919,,,21,none: synthetic fixture,True
2017,2017Q3,36,True,0.19047619047619047,0.07667440615177301,0.40000986539273287,21,wilson_95,0.00615213750850919,,,21,none: synthetic fixture,True
2017,2017Q4,6,True,0.045454545454545456,0.008069219301147859,0.21798489499518053,22,wilson_95,0.0,,,22,none: synthetic fixture,True
2017,2017Q4,12,True,0.09090909090909091,0.025294896282837792,0.2781538065838578,22,wilson_95,0.024400790056608418,,,22,none: synthetic fixture,True
2017,2017Q4,18,True,0.09090909090909091,0.025294896282837792,0.2781538065838578,22,wilson_95,0.024400790056608418,,,22,none: synthetic fixture,True
2017,2017Q4,24,True,0.09090909090909091,0.025294896282837792,0.2781538065838578,22,wilson_95,0.03903277873492493,,,22,none: synthetic fixture,True
2017,2017Q4,30,True,0.09090909090909091,0.025294896282837792,0.2781538065838578,22,wilson_95,0.03903277873492493,,,22,none: synthetic fixture,True
2017,2017Q4,36,True,0.09090909090909091,0.025294896282837792,0.2781538065838578,22,wilson_95,0.03903277873492493,,,22,none: synthetic fixture,True
2018,2018Q1,6,True,0.043478260869565216,0.0077164669621267445,0.20991586494059142,23,wilson_95,0.0,,,23,none: synthetic fixture,True
2018,2018Q1,12,True,0.08695652173913043,0.02417949540723341,0.2679640429809402,23,wilson_95,0.0,,,23,none: synthetic fixture,True
2018,2018Q1,18,True,0.08695652173913043,0.02417949540723341,0.2679640429809402,23,wilson_95,0.0,,,23,none: synthetic fixture,True
2018,2018Q1,24,True,0.08695652173913043,0.02417949540723341,0.2679640429809402,23,wilson_95,0.0,,,23,none: synthetic fixture,True
2018,2018Q1,30,True,0.08695652173913043,0.02417949540723341,0.2679640429809402,23,wilson_95,0.0,,,23,none: synthetic fixture,True
2018,2018Q1,36,True,0.08695652173913043,0.02417949540723341,0.2679640429809402,23,wilson_95,0.0,,,23,none: synthetic fixture,True
2018,2018Q2,6,True,0.045454545454545456,0.008069219301147859,0.21798489499518053,22,wilson_95,0.0,,,22,none: synthetic fixture,True
2018,2018Q2,12,True,0.045454545454545456,0.008069219301147859,0.21798489499518053,22,wilson_95,0.0,,,22,none: synthetic fixture,True
2018,2018Q2,18,True,0.045454545454545456,0.008069219301147859,0.21798489499518053,22,wilson_95,0.0,,,22,none: synthetic fixture,True
2018,2018Q2,24,True,0.09090909090909091,0.025294896282837792,0.2781538065838578,22,wilson_95,0.0,,,22,none: synthetic fixture,True
2018,2018Q2,30,True,0.09090909090909091,0.025294896282837792,0.2781538065838578,22,wilson_95,0.0,,,22,none: synthetic fixture,True
2018,2018Q2,36,True,0.09090909090909091,0.025294896282837792,0.2781538065838578,22,wilson_95,0.0,,,22,none: synthetic fixture,True
2018,2018Q3,6,True,0.0,0.0,0.13798057582897535,24,wilson_95,0.0,,,24,none: synthetic fixture,True
2018,2018Q3,12,True,0.041666666666666664,0.007393265354805126,0.20242226248842232,24,wilson_95,0.0,,,24,none: synthetic fixture,True
2018,2018Q3,18,True,0.041666666666666664,0.007393265354805126,0.20242226248842232,24,wilson_95,0.0183154134231012,,,24,none: synthetic fixture,True
2018,2018Q3,24,True,0.041666666666666664,0.007393265354805126,0.20242226248842232,24,wilson_95,0.0183154134231012,,,24,none: synthetic fixture,True
2018,2018Q3,30,True,0.041666666666666664,0.007393265354805126,0.20242226248842232,24,wilson_95,0.0183154134231012,,,24,none: synthetic fixture,True
2018,2018Q3,36,True,0.041666666666666664,0.007393265354805126,0.20242226248842232,24,wilson_95,0.0183154134231012,,,24,none: synthetic fixture,True
2018,2018Q4,6,True,0.04,0.007096050386699165,0.19544472405022525,25,wilson_95,0.0,,,25,none: synthetic fixture,True
2018,2018Q4,12,True,0.12,0.04166741357068093,0.2995619218337349,25,wilson_95,0.017494235363226942,,,25,none: synthetic fixture,True
2018,2018Q4,18,True,0.12,0.04166741357068093,0.2995619218337349,25,wilson_95,0.017494235363226942,,,25,none: synthetic fixture,True
2018,2018Q4,24,True,0.12,0.04166741357068093,0.2995619218337349,25,wilson_95,0.017494235363226942,,,25,none: synthetic fixture,True
2018,2018Q4,30,True,0.12,0.04166741357068093,0.2995619218337349,25,wilson_95,0.017494235363226942,,,25,none: synthetic fixture,True
2018,2018Q4,36,True,0.16,0.06403347608577989,0.34654013980238163,25,wilson_95,0.017494235363226942,,,25,none: synthetic fixture,True
2019,2019Q1,6,True,0.04,0.007096050386699165,0.19544472405022525,25,wilson_95,0.0,,,25,none: synthetic fixture,True
2019,2019Q1,12,True,0.08,0.02221993369109193,0.24966512122957818,25,wilson_95,0.0,,,25,none: synthetic fixture,True
2019,2019Q1,18,True,0.08,0.02221993369109193,0.24966512122957818,25,wilson_95,0.0,,,25,none: synthetic fixture,True
2019,2019Q1,24,True,0.08,0.02221993369109193,0.24966512122957818,25,wilson_95,0.0,,,25,none: synthetic fixture,True
2019,2019Q1,30,True,0.12,0.04166741357068093,0.2995619218337349,25,wilson_95,0.0,,,25,none: synthetic fixture,True
2019,2019Q1,36,True,0.12,0.04166741357068093,0.2995619218337349,25,wilson_95,0.0,,,25,none: synthetic fixture,True
2019,2019Q2,6,True,0.0,0.0,0.1758845505823749,18,wilson_95,0.0,,,18,none: synthetic fixture,True
2019,2019Q2,12,True,0.05555555555555555,0.009874935830924525,0.2575779980200754,18,wilson_95,0.0,,,18,none: synthetic fixture,True
2019,2019Q2,18,True,0.05555555555555555,0.009874935830924525,0.2575779980200754,18,wilson_95,0.019084398078655057,,,18,none: synthetic fixture,True
2019,2019Q2,24,True,0.05555555555555555,0.009874935830924525,0.2575779980200754,18,wilson_95,0.019084398078655057,,,18,none: synthetic fixture,True
2019,2019Q2,30,True,0.05555555555555555,0.009874935830924525,0.2575779980200754,18,wilson_95,0.019084398078655057,,,18,none: synthetic fixture,True
2019,2019Q2,36,True,0.05555555555555555,0.009874935830924525,0.2575779980200754,18,wilson_95,0.019084398078655057,,,18,none: synthetic fixture,True
2019,2019Q3,6,True,0.03333333333333333,0.0059084379948573795,0.16670751396958874,30,wilson_95,0.0,,,30,none: synthetic fixture,True
2019,2019Q3,12,True,0.03333333333333333,0.0059084379948573795,0.16670751396958874,30,wilson_95,0.0,,,30,none: synthetic fixture,True
2019,2019Q3,18,True,0.03333333333333333,0.0059084379948573795,0.16670751396958874,30,wilson_95,0.0,,,30,none: synthetic fixture,True
2019,2019Q3,24,True,0.03333333333333333,0.0059084379948573795,0.16670751396958874,30,wilson_95,0.0,,,30,none: synthetic fixture,True
2019,2019Q3,30,True,0.06666666666666667,0.01847663532769335,0.21323817721072091,30,wilson_95,0.0,,,30,none: synthetic fixture,True
2019,2019Q3,36,True,0.06666666666666667,0.01847663532769335,0.21323817721072091,30,wilson_95,0.0,,,30,none: synthetic fixture,True
2019,2019Q4,6,True,0.0,0.0,0.16113012549493322,20,wilson_95,0.0,,,20,none: synthetic fixture,True
2019,2019Q4,12,True,0.0,0.0,0.16113012549493322,20,wilson_95,0.0,,,20,none: synthetic fixture,True
2019,2019Q4,18,True,0.0,0.0,0.16113012549493322,20,wilson_95,0.0,,,20,none: synthetic fixture,True
2019,2019Q4,24,True,0.05,0.008881219432873136,0.23613589351256675,20,wilson_95,0.0,,,20,none: synthetic fixture,True
2019,2019Q4,30,True,0.05,0.008881219432873136,0.23613589351256675,20,wilson_95,0.0,,,20,none: synthetic fixture,True
2019,2019Q4,36,True,0.05,0.008881219432873136,0.23613589351256675,20,wilson_95,0.0,,,20,none: synthetic fixture,True
2020,2020Q1,6,True,0.041666666666666664,0.007393265354805126,0.20242226248842232,24,wilson_95,0.0,,,24,none: synthetic fixture,True
2020,2020Q1,12,True,0.041666666666666664,0.007393265354805126,0.20242226248842232,24,wilson_95,0.0,,,24,none: synthetic fixture,True
2020,2020Q1,18,True,0.041666666666666664,0.007393265354805126,0.20242226248842232,24,wilson_95,0.0,,,24,none: synthetic fixture,True
2020,2020Q1,24,True,0.041666666666666664,0.007393265354805126,0.20242226248842232,24,wilson_95,0.0,,,24,none: synthetic fixture,True
2020,2020Q1,30,True,0.08333333333333333,0.023158327842973503,0.258492152014506,24,wilson_95,0.0,,,24,none: synthetic fixture,True
2020,2020Q1,36,True,0.08333333333333333,0.023158327842973503,0.258492152014506,24,wilson_95,0.0,,,24,none: synthetic fixture,True
2020,2020Q2,6,True,0.0,0.0,0.13798057582897535,24,wilson_95,0.0,,,24,none: synthetic fixture,True
2020,2020Q2,12,True,0.0,0.0,0.13798057582897535,24,wilson_95,0.0,,,24,none: synthetic fixture,True
2020,2020Q2,18,True,0.0,0.0,0.13798057582897535,24,wilson_95,0.0,,,24,none: synthetic fixture,True
2020,2020Q2,24,True,0.0,0.0,0.13798057582897535,24,wilson_95,0.0,,,24,none: synthetic fixture,True
2020,2020Q2,30,True,0.0,0.0,0.13798057582897535,24,wilson_95,0.0,,,24,none: synthetic fixture,True
2020,2020Q2,36,True,0.041666666666666664,0.007393265354805126,0.20242226248842232,24,wilson_95,0.0,,,24,none: synthetic fixture,True
2020,2020Q3,6,True,0.0,0.0,0.113517091390478,30,wilson_95,0.0,,,30,none: synthetic fixture,True
2020,2020Q3,12,True,0.0,0.0,0.113517091390478,30,wilson_95,0.0,,,30,none: synthetic fixture,True
2020,2020Q3,18,True,0.0,0.0,0.113517091390478,30,wilson_95,0.0,,,30,none: synthetic fixture,True
2020,2020Q3,24,True,0.03333333333333333,0.0059084379948573795,0.16670751396958874,30,wilson_95,0.0,,,30,none: synthetic fixture,True
2020,2020Q3,30,True,0.06666666666666667,0.01847663532769335,0.21323817721072091,30,wilson_95,0.0,,,30,none: synthetic fixture,True
2020,2020Q3,36,True,0.06666666666666667,0.01847663532769335,0.21323817721072091,30,wilson_95,0.0,,,30,none: synthetic fixture,True
2020,2020Q4,6,True,0.0,0.0,0.15464382326420195,21,wilson_95,0.0,,,21,none: synthetic fixture,True
2020,2020Q4,12,True,0.047619047619047616,0.008455769471923294,0.22669816586235464,21,wilson_95,0.0,,,21,none: synthetic fixture,True
2020,2020Q4,18,True,0.09523809523809523,0.026518208796947246,0.2891458386074067,21,wilson_95,0.02442003294892916,,,21,none: synthetic fixture,True
2020,2020Q4,24,True,0.09523809523809523,0.026518208796947246,0.2891458386074067,21,wilson_95,0.04172242409978819,,,21,none: synthetic fixture,True
2020,2020Q4,30,True,0.09523809523809523,0.026518208796947246,0.2891458386074067,21,wilson_95,0.04172242409978819,,,21,none: synthetic fixture,True
2020,2020Q4,36,True,0.09523809523809523,0.026518208796947246,0.2891458386074067,21,wilson_95,0.04172242409978819,,,21,none: synthetic fixture,True
2021,2021Q1,6,True,0.0,0.0,0.12064720365810762,28,wilson_95,0.0,,,28,none: synthetic fixture,True
2021,2021Q1,12,True,0.03571428571428571,0.00633235649754188,0.17712576118498663,28,wilson_95,0.0,,,28,none: synthetic fixture,True
2021,2021Q1,18,True,0.07142857142857142,0.019811647447770794,0.2264573842591786,28,wilson_95,0.0,,,28,none: synthetic fixture,True
2021,2021Q1,24,True,0.10714285714285714,0.03711769205479949,0.2719622536765708,28,wilson_95,0.005725422522991497,,,28,none: synthetic fixture,True
2021,2021Q1,30,True,0.10714285714285714,0.03711769205479949,0.2719622536765708,28,wilson_95,0.005725422522991497,,,28,none: synthetic fixture,True
2021,2021Q1,36,True,0.10714285714285714,0.03711769205479949,0.2719622536765708,28,wilson_95,0.005725422522991497,,,28,none: synthetic fixture,True
2021,2021Q2,6,True,0.0,0.0,0.12064720365810762,28,wilson_95,0.0,,,28,none: synthetic fixture,True
2021,2021Q2,12,True,0.0,0.0,0.12064720365810762,28,wilson_95,0.0,,,28,none: synthetic fixture,True
2021,2021Q2,18,True,0.03571428571428571,0.00633235649754188,0.17712576118498663,28,wilson_95,0.0,,,28,none: synthetic fixture,True
2021,2021Q2,24,True,0.10714285714285714,0.03711769205479949,0.2719622536765708,28,wilson_95,0.0,,,28,none: synthetic fixture,True
2021,2021Q2,30,True,0.10714285714285714,0.03711769205479949,0.2719622536765708,28,wilson_95,0.014923057362507392,,,28,none: synthetic fixture,True
2021,2021Q2,36,True,0.14285714285714285,0.056989129307017855,0.31490173044877334,28,wilson_95,0.014923057362507392,,,28,none: synthetic fixture,True
2021,2021Q3,6,True,0.0,0.0,0.16818436536845052,19,wilson_95,0.0,,,19,none: synthetic fixture,True
2021,2021Q3,12,True,0.0,0.0,0.16818436536845052,19,wilson_95,0.0,,,19,none: synthetic fixture,True
2021,2021Q3,18,True,0.05263157894736842,0.009351752490529969,0.2463921533654521,19,wilson_95,0.0,,,19,none: synthetic fixture,True
2021,2021Q3,24,True,0.05263157894736842,0.009351752490529969,0.2463921533654521,19,wilson_95,0.0,,,19,none: synthetic fixture,True
2021,2021Q3,30,True,0.05263157894736842,0.009351752490529969,0.2463921533654521,19,wilson_95,0.0,,,19,none: synthetic fixture,True
2021,2021Q3,36,True,0.05263157894736842,0.009351752490529969,0.2463921533654521,19,wilson_95,0.0,,,19,none: synthetic fixture,True
2021,2021Q4,6,True,0.0,1.3877787807814457e-17,0.14865952572596125,22,wilson_95,0.0,,,22,none: synthetic fixture,True
2021,2021Q4,12,True,0.0,1.3877787807814457e-17,0.14865952572596125,22,wilson_95,0.0,,,22,none: synthetic fixture,True
2021,2021Q4,18,True,0.045454545454545456,0.008069219301147859,0.21798489499518053,22,wilson_95,0.0,,,22,none: synthetic fixture,True
2021,2021Q4,24,True,0.045454545454545456,0.008069219301147859,0.21798489499518053,22,wilson_95,0.0,,,22,none: synthetic fixture,True
2021,2021Q4,30,True,0.045454545454545456,0.008069219301147859,0.21798489499518053,22,wilson_95,0.0,,,22,none: synthetic fixture,True
2021,2021Q4,36,True,0.045454545454545456,0.008069219301147859,0.21798489499518053,22,wilson_95,0.0,,,22,none: synthetic fixture,True
2022,2022Q1,6,True,0.0,0.0,0.1758845505823749,18,wilson_95,0.0,,,18,none: synthetic fixture,True
2022,2022Q1,12,True,0.05555555555555555,0.009874935830924525,0.2575779980200754,18,wilson_95,0.0,,,18,none: synthetic fixture,True
2022,2022Q1,18,True,0.05555555555555555,0.009874935830924525,0.2575779980200754,18,wilson_95,0.0,,,18,none: synthetic fixture,True
2022,2022Q1,24,True,0.05555555555555555,0.009874935830924525,0.2575779980200754,18,wilson_95,0.0,,,18,none: synthetic fixture,True
2022,2022Q1,30,True,0.05555555555555555,0.009874935830924525,0.2575779980200754,18,wilson_95,0.0,,,18,none: synthetic fixture,True
2022,2022Q1,36,True,0.05555555555555555,0.009874935830924525,0.2575779980200754,18,wilson_95,0.0,,,18,none: synthetic fixture,True
2022,2022Q2,6,True,0.07407407407407407,0.020554221697383523,0.2336997729073062,27,wilson_95,0.0,,,27,none: synthetic fixture,True
2022,2022Q2,12,True,0.07407407407407407,0.020554221697383523,0.2336997729073062,27,wilson_95,0.008298560174321153,,,27,none: synthetic fixture,True
2022,2022Q2,18,True,0.07407407407407407,0.020554221697383523,0.2336997729073062,27,wilson_95,0.008298560174321153,,,27,none: synthetic fixture,True
2022,2022Q2,24,True,0.07407407407407407,0.020554221697383523,0.2336997729073062,27,wilson_95,0.008298560174321153,,,27,none: synthetic fixture,True
2022,2022Q2,30,True,0.07407407407407407,0.020554221697383523,0.2336997729073062,27,wilson_95,0.008298560174321153,,,27,none: synthetic fixture,True
2022,2022Q2,36,True,0.14814814814814814,0.059158318596448906,0.32479063346829484,27,wilson_95,0.008298560174321153,,,27,none: synthetic fixture,True
2022,2022Q3,6,True,0.0,0.0,0.11025900073475385,31,wilson_95,0.0,,,31,none: synthetic fixture,True
2022,2022Q3,12,True,0.06451612903225806,0.017874407775063147,0.20718988318746434,31,wilson_95,0.0,,,31,none: synthetic fixture,True
2022,2022Q3,18,True,0.0967741935483871,0.03346403609464399,0.2490028999817704,31,wilson_95,0.0,,,31,none: synthetic fixture,True
2022,2022Q3,24,True,0.12903225806451613,0.05134201164644764,0.28852756954385356,31,wilson_95,0.011954583641473155,,,31,none: synthetic fixture,True
2022,2022Q3,30,True,0.12903225806451613,0.05134201164644764,0.28852756954385356,31,wilson_95,0.011954583641473155,,,31,none: synthetic fixture,True
2022,2022Q3,36,True,0.1935483870967742,0.09186883586347633,0.36280603555459856,31,wilson_95,0.02047479071143322,,,31,none: synthetic fixture,True
2022,2022Q4,6,True,0.038461538461538464,0.0068218089769898765,0.18893176991958405,26,wilson_95,0.0,,,26,none: synthetic fixture,True
2022,2022Q4,12,True,0.038461538461538464,0.0068218089769898765,0.18893176991958405,26,wilson_95,0.013040941243582429,,,26,none: synthetic fixture,True
2022,2022Q4,18,True,0.038461538461538464,0.0068218089769898765,0.18893176991958405,26,wilson_95,0.013040941243582429,,,26,none: synthetic fixture,True
2022,2022Q4,24,True,0.038461538461538464,0.0068218089769898765,0.18893176991958405,26,wilson_95,0.013040941243582429,,,26,none: synthetic fixture,True
2022,2022Q4,30,True,0.038461538461538464,0.0068218089769898765,0.18893176991958405,26,wilson_95,0.013040941243582429,,,26,none: synthetic fixture,True
2022,2022Q4,36,True,0.038461538461538464,0.0068218089769898765,0.18893176991958405,26,wilson_95,0.013040941243582429,,,26,none: synthetic fixture,True
2023,2023Q1,6,True,0.0,0.0,0.13798057582897535,24,wilson_95,0.0,,,24,none: synthetic fixture,True
2023,2023Q1,12,True,0.041666666666666664,0.007393265354805126,0.20242226248842232,24,wilson_95,0.0,,,24,none: synthetic fixture,True
2023,2023Q1,18,True,0.041666666666666664,0.007393265354805126,0.20242226248842232,24,wilson_95,0.0,,,24,none: synthetic fixture,True
2023,2023Q1,24,True,0.041666666666666664,0.007393265354805126,0.20242226248842232,24,wilson_95,0.0,,,24,none: synthetic fixture,True
2023,2023Q1,30,True,0.08333333333333333,0.023158327842973503,0.258492152014506,24,wilson_95,0.0,,,24,none: synthetic fixture,True
2023,2023Q1,36,True,0.125,0.04344255039315584,0.3100428814785757,24,wilson_95,0.0,,,24,none: synthetic fixture,True
2023,2023Q2,6,True,0.02857142857142857,0.005061361365853362,0.1453340909327131,35,wilson_95,0.0,,,35,none: synthetic fixture,True
2023,2023Q2,12,True,0.02857142857142857,0.005061361365853362,0.1453340909327131,35,wilson_95,0.0,,,35,none: synthetic fixture,True
2023,2023Q2,18,True,0.02857142857142857,0.005061361365853362,0.1453340909327131,35,wilson_95,0.0,,,35,none: synthetic fixture,True
2023,2023Q2,24,True,0.02857142857142857,0.005061361365853362,0.1453340909327131,35,wilson_95,0.0,,,35,none: synthetic fixture,True
2023,2023Q2,30,True,0.02857142857142857,0.005061361365853362,0.1453340909327131,35,wilson_95,0.0,,,35,none: synthetic fixture,True
2023,2023Q3,6,True,0.038461538461538464,0.0068218089769898765,0.18893176991958405,26,wilson_95,0.0,,,26,none: synthetic fixture,True
2023,2023Q3,12,True,0.15384615384615385,0.06149933998929477,0.33531584418313565,26,wilson_95,0.0,,,26,none: synthetic fixture,True
2023,2023Q3,18,True,0.15384615384615385,0.06149933998929477,0.33531584418313565,26,wilson_95,0.0,,,26,none: synthetic fixture,True
2023,2023Q3,24,True,0.15384615384615385,0.06149933998929477,0.33531584418313565,26,wilson_95,0.006560294318959617,,,26,none: synthetic fixture,True
2023,2023Q3,30,True,0.15384615384615385,0.06149933998929477,0.33531584418313565,26,wilson_95,0.006560294318959617,,,26,none: synthetic fixture,True
2023,2023Q4,6,True,0.047619047619047616,0.008455769471923294,0.22669816586235464,21,wilson_95,0.0,,,21,none: synthetic fixture,True
2023,2023Q4,12,True,0.09523809523809523,0.026518208796947246,0.2891458386074067,21,wilson_95,0.0,,,21,none: synthetic fixture,True
2023,2023Q4,18,True,0.09523809523809523,0.026518208796947246,0.2891458386074067,21,wilson_95,0.008424718162839248,,,21,none: synthetic fixture,True
2023,2023Q4,24,True,0.09523809523809523,0.026518208796947246,0.2891458386074067,21,wilson_95,0.008424718162839248,,,21,none: synthetic fixture,True
2024,2024Q1,6,True,0.0,0.0,0.20388926630434784,15,wilson_95,0.0,,,15,none: synthetic fixture,True
2024,2024Q1,12,True,0.0,0.0,0.20388926630434784,15,wilson_95,0.0,,,15,none: synthetic fixture,True
2024,2024Q1,18,True,0.0,0.0,0.20388926630434784,15,wilson_95,0.0,,,15,none: synthetic fixture,True
2024,2024Q1,24,True,0.06666666666666667,0.011866588606194856,0.2981707755242399,15,wilson_95,0.0,,,15,none: synthetic fixture,True
2024,2024Q2,6,True,0.0625,0.01111905730833121,0.2832926836802987,16,wilson_95,0.0,,,16,none: synthetic fixture,True
2024,2024Q2,12,True,0.0625,0.01111905730833121,0.2832926836802987,16,wilson_95,0.0,,,16,none: synthetic fixture,True
2024,2024Q2,18,True,0.0625,0.01111905730833121,0.2832926836802987,16,wilson_95,0.0,,,16,none: synthetic fixture,True
2024,2024Q3,6,True,0.0,0.0,0.19361341827271994,16,wilson_95,0.0,,,16,none: synthetic fixture,True
2024,2024Q3,12,True,0.0625,0.01111905730833121,0.2832926836802987,16,wilson_95,0.0,,,16,none: synthetic fixture,True
2024,2024Q3,18,True,0.0625,0.01111905730833121,0.2832926836802987,16,wilson_95,0.0,,,16,none: synthetic fixture,True
2024,2024Q4,6,True,0.09090909090909091,0.01623175226282597,0.3773646254862038,11,wilson_95,0.0,,,11,none: synthetic fixture,True
2024,2024Q4,12,True,0.09090909090909091,0.01623175226282597,0.3773646254862038,11,wilson_95,0.0,,,11,none: synthetic fixture,True
2025,2025Q1,6,True,0.05263157894736842,0.009351752490529969,0.2463921533654521,19,wilson_95,0.0,,,19,none: synthetic fixture,True
2025,2025Q1,12,True,0.10526315789473684,0.029357941395096593,0.313945504948417,19,wilson_95,0.0,,,19,none: synthetic fixture,True
2025,2025Q2,6,True,0.037037037037037035,0.006567976533097597,0.1828385393415652,27,wilson_95,0.0,,,27,none: synthetic fixture,True
2025,2025Q3,6,True,0.04,0.007096050386699165,0.19544472405022525,25,wilson_95,0.0,,,25,none: synthetic fixture,True
